path,classification,label
0_0_BASSSEISCUS_ASTUTUS_video_IMG_0015_image001.jpg,1,BASSSEISCUS_ASTUTUS
0_0_BASSSEISCUS_ASTUTUS_video_IMG_0015_image002.jpg,1,BASSSEISCUS_ASTUTUS
0_0_BASSSEISCUS_ASTUTUS_video_IMG_0015_image003.jpg,1,BASSSEISCUS_ASTUTUS
0_0_BASSSEISCUS_ASTUTUS_video_IMG_0031_image002.jpg,1,BASSSEISCUS_ASTUTUS
0_0_BASSSEISCUS_ASTUTUS_video_IMG_0031_image003.jpg,1,BASSSEISCUS_ASTUTUS
0_0_BASSSEISCUS_ASTUTUS_video_IMG_0031_image004.jpg,1,BASSSEISCUS_ASTUTUS
0_0_BASSSEISCUS_ASTUTUS_video_IMG_0031_image005.jpg,1,BASSSEISCUS_ASTUTUS
0_0_BASSSEISCUS_ASTUTUS_video_IMG_0031_image006.jpg,1,BASSSEISCUS_ASTUTUS
0_0_BASSSEISCUS_ASTUTUS_video_IMG_0031_image007.jpg,1,BASSSEISCUS_ASTUTUS
0_1_BASSSEISCUS_ASTUTUS_video_IMG_0031_image007.jpg,1,BASSSEISCUS_ASTUTUS
0_0_BASSSEISCUS_ASTUTUS_video_IMG_0031_image008.jpg,1,BASSSEISCUS_ASTUTUS
0_0_BASSSEISCUS_ASTUTUS_video_IMG_0031_image009.jpg,1,BASSSEISCUS_ASTUTUS
0_0_BASSSEISCUS_ASTUTUS_video_IMG_0031_image010.jpg,1,BASSSEISCUS_ASTUTUS
0_0_BASSSEISCUS_ASTUTUS_video_IMG_0125_image001.jpg,1,BASSSEISCUS_ASTUTUS
0_0_BASSSEISCUS_ASTUTUS_video_IMG_0125_image002.jpg,1,BASSSEISCUS_ASTUTUS
0_0_BASSSEISCUS_ASTUTUS_video_IMG_0125_image003.jpg,1,BASSSEISCUS_ASTUTUS
0_0_BASSSEISCUS_ASTUTUS_video_IMG_0184_image001.jpg,1,BASSSEISCUS_ASTUTUS
0_0_BASSSEISCUS_ASTUTUS_video_IMG_0184_image002.jpg,1,BASSSEISCUS_ASTUTUS
0_0_BASSSEISCUS_ASTUTUS_video_IMG_0184_image003.jpg,1,BASSSEISCUS_ASTUTUS
0_0_BASSSEISCUS_ASTUTUS_video_IMG_0184_image004.jpg,1,BASSSEISCUS_ASTUTUS
0_0_BASSSEISCUS_ASTUTUS_video_IMG_0184_image005.jpg,1,BASSSEISCUS_ASTUTUS
0_0_BASSSEISCUS_ASTUTUS_video_IMG_0184_image006.jpg,1,BASSSEISCUS_ASTUTUS
0_0_BASSSEISCUS_ASTUTUS_video_IMG_0184_image007.jpg,1,BASSSEISCUS_ASTUTUS
0_0_BASSSEISCUS_ASTUTUS_video_IMG_0184_image008.jpg,1,BASSSEISCUS_ASTUTUS
0_0_BASSSEISCUS_ASTUTUS_video_IMG_0184_image009.jpg,1,BASSSEISCUS_ASTUTUS
0_0_BASSSEISCUS_ASTUTUS_video_IMG_0184_image010.jpg,1,BASSSEISCUS_ASTUTUS
0_0_BASSSEISCUS_ASTUTUS_video_IMG_0296_image001.jpg,1,BASSSEISCUS_ASTUTUS
0_0_BASSSEISCUS_ASTUTUS_video_IMG_0296_image002.jpg,1,BASSSEISCUS_ASTUTUS
0_0_BASSSEISCUS_ASTUTUS_video_IMG_0296_image003.jpg,1,BASSSEISCUS_ASTUTUS
0_0_BASSSEISCUS_ASTUTUS_video_IMG_0296_image004.jpg,1,BASSSEISCUS_ASTUTUS
0_0_BASSSEISCUS_ASTUTUS_video_IMG_0296_image009.jpg,1,BASSSEISCUS_ASTUTUS
0_0_BassariscusAstutus_01.JPG,1,BASSSEISCUS_ASTUTUS
0_0_BassariscusAstutus_02.JPG,1,BASSSEISCUS_ASTUTUS
0_0_BassariscusAstutus_03.JPG,1,BASSSEISCUS_ASTUTUS
0_0_BassariscusAstutus_04.JPG,1,BASSSEISCUS_ASTUTUS
0_0_BassariscusAstutus_05.JPG,1,BASSSEISCUS_ASTUTUS
0_1_BassariscusAstutus_05.JPG,1,BASSSEISCUS_ASTUTUS
0_0_BassariscusAstutus_07.JPG,1,BASSSEISCUS_ASTUTUS
0_0_BassariscusAstutus_08.JPG,1,BASSSEISCUS_ASTUTUS
0_0_BassariscusAstutus_09.JPG,1,BASSSEISCUS_ASTUTUS
0_0_BassariscusAstutus_10.JPG,1,BASSSEISCUS_ASTUTUS
0_1_BassariscusAstutus_10.JPG,1,BASSSEISCUS_ASTUTUS
0_2_BassariscusAstutus_10.JPG,1,BASSSEISCUS_ASTUTUS
0_0_BassariscusAstutus_107.JPG,1,BASSSEISCUS_ASTUTUS
0_0_BassariscusAstutus_108.JPG,1,BASSSEISCUS_ASTUTUS
0_1_BassariscusAstutus_108.JPG,1,BASSSEISCUS_ASTUTUS
0_0_BassariscusAstutus_109.JPG,1,BASSSEISCUS_ASTUTUS
0_0_BassariscusAstutus_11.JPG,1,BASSSEISCUS_ASTUTUS
0_0_BassariscusAstutus_117.JPG,1,BASSSEISCUS_ASTUTUS
0_1_BassariscusAstutus_117.JPG,1,BASSSEISCUS_ASTUTUS
0_2_BassariscusAstutus_117.JPG,1,BASSSEISCUS_ASTUTUS
0_3_BassariscusAstutus_117.JPG,1,BASSSEISCUS_ASTUTUS
0_0_BassariscusAstutus_129.JPG,1,BASSSEISCUS_ASTUTUS
0_0_BassariscusAstutus_13.JPG,1,BASSSEISCUS_ASTUTUS
0_1_BassariscusAstutus_13.JPG,1,BASSSEISCUS_ASTUTUS
0_0_BassariscusAstutus_130.JPG,1,BASSSEISCUS_ASTUTUS
0_0_BassariscusAstutus_131.JPG,1,BASSSEISCUS_ASTUTUS
0_0_BassariscusAstutus_132.JPG,1,BASSSEISCUS_ASTUTUS
0_0_BassariscusAstutus_133.JPG,1,BASSSEISCUS_ASTUTUS
0_0_BassariscusAstutus_134.JPG,1,BASSSEISCUS_ASTUTUS
0_0_BassariscusAstutus_135.JPG,1,BASSSEISCUS_ASTUTUS
0_0_BassariscusAstutus_139.JPG,1,BASSSEISCUS_ASTUTUS
0_0_BassariscusAstutus_140.JPG,1,BASSSEISCUS_ASTUTUS
0_0_BassariscusAstutus_15.JPG,1,BASSSEISCUS_ASTUTUS
0_0_BassariscusAstutus_150.JPG,1,BASSSEISCUS_ASTUTUS
0_0_BassariscusAstutus_16.JPG,1,BASSSEISCUS_ASTUTUS
0_0_BassariscusAstutus_20.JPG,1,BASSSEISCUS_ASTUTUS
0_0_BassariscusAstutus_22.JPG,1,BASSSEISCUS_ASTUTUS
0_0_BassariscusAstutus_23.JPG,1,BASSSEISCUS_ASTUTUS
0_0_BassariscusAstutus_24.JPG,1,BASSSEISCUS_ASTUTUS
0_0_BassariscusAstutus_26.JPG,1,BASSSEISCUS_ASTUTUS
0_1_BassariscusAstutus_26.JPG,1,BASSSEISCUS_ASTUTUS
0_0_BassariscusAstutus_30.JPG,1,BASSSEISCUS_ASTUTUS
0_0_BassariscusAstutus_34.JPG,1,BASSSEISCUS_ASTUTUS
0_0_BassariscusAstutus_35.JPG,1,BASSSEISCUS_ASTUTUS
0_1_BassariscusAstutus_35.JPG,1,BASSSEISCUS_ASTUTUS
0_0_BassariscusAstutus_36.JPG,1,BASSSEISCUS_ASTUTUS
0_0_BassariscusAstutus_37.JPG,1,BASSSEISCUS_ASTUTUS
0_0_BassariscusAstutus_38.JPG,1,BASSSEISCUS_ASTUTUS
0_0_BassariscusAstutus_39.JPG,1,BASSSEISCUS_ASTUTUS
0_1_BassariscusAstutus_39.JPG,1,BASSSEISCUS_ASTUTUS
0_0_BassariscusAstutus_40.JPG,1,BASSSEISCUS_ASTUTUS
0_1_BassariscusAstutus_40.JPG,1,BASSSEISCUS_ASTUTUS
0_0_BassariscusAstutus_41.JPG,1,BASSSEISCUS_ASTUTUS
0_0_BassariscusAstutus_42.JPG,1,BASSSEISCUS_ASTUTUS
0_1_BassariscusAstutus_42.JPG,1,BASSSEISCUS_ASTUTUS
0_0_BassariscusAstutus_60.JPG,1,BASSSEISCUS_ASTUTUS
0_1_BassariscusAstutus_60.JPG,1,BASSSEISCUS_ASTUTUS
0_0_BassariscusAstutus_61.JPG,1,BASSSEISCUS_ASTUTUS
0_1_BassariscusAstutus_61.JPG,1,BASSSEISCUS_ASTUTUS
0_0_BassariscusAstutus_62.JPG,1,BASSSEISCUS_ASTUTUS
0_1_BassariscusAstutus_62.JPG,1,BASSSEISCUS_ASTUTUS
0_0_BassariscusAstutus_63.JPG,1,BASSSEISCUS_ASTUTUS
0_0_BassariscusAstutus_64.JPG,1,BASSSEISCUS_ASTUTUS
0_0_BassariscusAstutus_66.JPG,1,BASSSEISCUS_ASTUTUS
0_0_BassariscusAstutus_67.JPG,1,BASSSEISCUS_ASTUTUS
0_0_BassariscusAstutus_77.JPG,1,BASSSEISCUS_ASTUTUS
0_0_BassariscusAstutus_79.JPG,1,BASSSEISCUS_ASTUTUS
0_1_BassariscusAstutus_79.JPG,1,BASSSEISCUS_ASTUTUS
0_0_BassariscusAstutus_80.JPG,1,BASSSEISCUS_ASTUTUS
0_1_BassariscusAstutus_80.JPG,1,BASSSEISCUS_ASTUTUS
0_0_BassariscusAstutus_81.JPG,1,BASSSEISCUS_ASTUTUS
0_0_BassariscusAstutus_82.JPG,1,BASSSEISCUS_ASTUTUS
0_1_BassariscusAstutus_82.JPG,1,BASSSEISCUS_ASTUTUS
0_2_BassariscusAstutus_82.JPG,1,BASSSEISCUS_ASTUTUS
0_0_BassariscusAstutus_84.JPG,1,BASSSEISCUS_ASTUTUS
0_1_BassariscusAstutus_84.JPG,1,BASSSEISCUS_ASTUTUS
0_0_BassariscusAstutus_86.JPG,1,BASSSEISCUS_ASTUTUS
0_0_BassariscusAstutus_87.JPG,1,BASSSEISCUS_ASTUTUS
0_1_BassariscusAstutus_87.JPG,1,BASSSEISCUS_ASTUTUS
0_2_BassariscusAstutus_87.JPG,1,BASSSEISCUS_ASTUTUS
0_3_BassariscusAstutus_87.JPG,1,BASSSEISCUS_ASTUTUS
1_4_BassariscusAstutus_87.JPG,1,BASSSEISCUS_ASTUTUS
0_0_BassariscusAstutus_88.JPG,1,BASSSEISCUS_ASTUTUS
0_0_BassariscusAstutus_89.JPG,1,BASSSEISCUS_ASTUTUS
0_1_BassariscusAstutus_89.JPG,1,BASSSEISCUS_ASTUTUS
0_0_BassariscusAstutus_91.JPG,1,BASSSEISCUS_ASTUTUS
0_0_CONEPATUS_LEUCONOTUS_video_IMG_0006_image001.jpg,2,CONEPATUS_LEUCONOTUS
0_0_CONEPATUS_LEUCONOTUS_video_IMG_0006_image002.jpg,2,CONEPATUS_LEUCONOTUS
0_1_CONEPATUS_LEUCONOTUS_video_IMG_0006_image002.jpg,2,CONEPATUS_LEUCONOTUS
0_0_CONEPATUS_LEUCONOTUS_video_IMG_0006_image003.jpg,2,CONEPATUS_LEUCONOTUS
0_1_CONEPATUS_LEUCONOTUS_video_IMG_0006_image003.jpg,2,CONEPATUS_LEUCONOTUS
0_0_CONEPATUS_LEUCONOTUS_video_IMG_0006_image004.jpg,2,CONEPATUS_LEUCONOTUS
0_0_CONEPATUS_LEUCONOTUS_video_IMG_0006_image005.jpg,2,CONEPATUS_LEUCONOTUS
0_0_CONEPATUS_LEUCONOTUS_video_IMG_0006_image006.jpg,2,CONEPATUS_LEUCONOTUS
0_0_CONEPATUS_LEUCONOTUS_video_IMG_0006_image007.jpg,2,CONEPATUS_LEUCONOTUS
0_0_CONEPATUS_LEUCONOTUS_video_IMG_0010_image001.jpg,2,CONEPATUS_LEUCONOTUS
0_0_CONEPATUS_LEUCONOTUS_video_IMG_0010_image002.jpg,2,CONEPATUS_LEUCONOTUS
0_1_CONEPATUS_LEUCONOTUS_video_IMG_0010_image002.jpg,2,CONEPATUS_LEUCONOTUS
0_0_CONEPATUS_LEUCONOTUS_video_IMG_0013_image001.jpg,2,CONEPATUS_LEUCONOTUS
0_0_CONEPATUS_LEUCONOTUS_video_IMG_0013_image002.jpg,2,CONEPATUS_LEUCONOTUS
0_0_CONEPATUS_LEUCONOTUS_video_IMG_0013_image003.jpg,2,CONEPATUS_LEUCONOTUS
0_1_CONEPATUS_LEUCONOTUS_video_IMG_0013_image003.jpg,2,CONEPATUS_LEUCONOTUS
0_0_CONEPATUS_LEUCONOTUS_video_IMG_0013_image004.jpg,2,CONEPATUS_LEUCONOTUS
0_0_CONEPATUS_LEUCONOTUS_video_IMG_0013_image005.jpg,2,CONEPATUS_LEUCONOTUS
0_0_CONEPATUS_LEUCONOTUS_video_IMG_0013_image006.jpg,2,CONEPATUS_LEUCONOTUS
0_0_CONEPATUS_LEUCONOTUS_video_IMG_0013_image007.jpg,2,CONEPATUS_LEUCONOTUS
0_0_CONEPATUS_LEUCONOTUS_video_IMG_0013_image008.jpg,2,CONEPATUS_LEUCONOTUS
0_0_CONEPATUS_LEUCONOTUS_video_IMG_0013_image009.jpg,2,CONEPATUS_LEUCONOTUS
0_1_CONEPATUS_LEUCONOTUS_video_IMG_0013_image009.jpg,2,CONEPATUS_LEUCONOTUS
0_0_CONEPATUS_LEUCONOTUS_video_IMG_0013_image010.jpg,2,CONEPATUS_LEUCONOTUS
0_1_CONEPATUS_LEUCONOTUS_video_IMG_0013_image010.jpg,2,CONEPATUS_LEUCONOTUS
0_0_CONEPATUS_LEUCONOTUS_video_IMG_0014_image001.jpg,2,CONEPATUS_LEUCONOTUS
0_0_CONEPATUS_LEUCONOTUS_video_IMG_0014_image002.jpg,2,CONEPATUS_LEUCONOTUS
0_0_CONEPATUS_LEUCONOTUS_video_IMG_0014_image003.jpg,2,CONEPATUS_LEUCONOTUS
0_0_CONEPATUS_LEUCONOTUS_video_IMG_0014_image004.jpg,2,CONEPATUS_LEUCONOTUS
0_0_CONEPATUS_LEUCONOTUS_video_IMG_0014_image005.jpg,2,CONEPATUS_LEUCONOTUS
0_0_CONEPATUS_LEUCONOTUS_video_IMG_0020_image001.jpg,2,CONEPATUS_LEUCONOTUS
0_0_CONEPATUS_LEUCONOTUS_video_IMG_0020_image002.jpg,2,CONEPATUS_LEUCONOTUS
0_0_CONEPATUS_LEUCONOTUS_video_IMG_0020_image003.jpg,2,CONEPATUS_LEUCONOTUS
0_0_CONEPATUS_LEUCONOTUS_video_IMG_0020_image004.jpg,2,CONEPATUS_LEUCONOTUS
0_0_CONEPATUS_LEUCONOTUS_video_IMG_0020_image005.jpg,2,CONEPATUS_LEUCONOTUS
0_0_CONEPATUS_LEUCONOTUS_video_IMG_0020_image006.jpg,2,CONEPATUS_LEUCONOTUS
0_0_CONEPATUS_LEUCONOTUS_video_IMG_0020_image007.jpg,2,CONEPATUS_LEUCONOTUS
0_0_CONEPATUS_LEUCONOTUS_video_IMG_0020_image008.jpg,2,CONEPATUS_LEUCONOTUS
0_1_CONEPATUS_LEUCONOTUS_video_IMG_0020_image008.jpg,2,CONEPATUS_LEUCONOTUS
0_0_CONEPATUS_LEUCONOTUS_video_IMG_0021_image001.jpg,2,CONEPATUS_LEUCONOTUS
0_0_CONEPATUS_LEUCONOTUS_video_IMG_0021_image002.jpg,2,CONEPATUS_LEUCONOTUS
0_0_CONEPATUS_LEUCONOTUS_video_IMG_0021_image003.jpg,2,CONEPATUS_LEUCONOTUS
0_0_CONEPATUS_LEUCONOTUS_video_IMG_0024_image001.jpg,2,CONEPATUS_LEUCONOTUS
0_0_CONEPATUS_LEUCONOTUS_video_IMG_0024_image002.jpg,2,CONEPATUS_LEUCONOTUS
0_1_CONEPATUS_LEUCONOTUS_video_IMG_0024_image002.jpg,2,CONEPATUS_LEUCONOTUS
0_0_CONEPATUS_LEUCONOTUS_video_IMG_0024_image003.jpg,2,CONEPATUS_LEUCONOTUS
0_0_CONEPATUS_LEUCONOTUS_video_IMG_0024_image004.jpg,2,CONEPATUS_LEUCONOTUS
0_0_CONEPATUS_LEUCONOTUS_video_IMG_0024_image006.jpg,2,CONEPATUS_LEUCONOTUS
0_0_CONEPATUS_LEUCONOTUS_video_IMG_0024_image007.jpg,2,CONEPATUS_LEUCONOTUS
0_0_CONEPATUS_LEUCONOTUS_video_IMG_0024_image008.jpg,2,CONEPATUS_LEUCONOTUS
0_0_CONEPATUS_LEUCONOTUS_video_IMG_0024_image009.jpg,2,CONEPATUS_LEUCONOTUS
0_0_CONEPATUS_LEUCONOTUS_video_IMG_0028_image001.jpg,2,CONEPATUS_LEUCONOTUS
0_0_CONEPATUS_LEUCONOTUS_video_IMG_0028_image002.jpg,2,CONEPATUS_LEUCONOTUS
0_0_CONEPATUS_LEUCONOTUS_video_IMG_0028_image003.jpg,2,CONEPATUS_LEUCONOTUS
0_0_CONEPATUS_LEUCONOTUS_video_IMG_0028_image004.jpg,2,CONEPATUS_LEUCONOTUS
0_0_CONEPATUS_LEUCONOTUS_video_IMG_0028_image005.jpg,2,CONEPATUS_LEUCONOTUS
0_0_CONEPATUS_LEUCONOTUS_video_IMG_0028_image006.jpg,2,CONEPATUS_LEUCONOTUS
0_0_CONEPATUS_LEUCONOTUS_video_IMG_0028_image007.jpg,2,CONEPATUS_LEUCONOTUS
0_0_CONEPATUS_LEUCONOTUS_video_IMG_0028_image008.jpg,2,CONEPATUS_LEUCONOTUS
0_0_CONEPATUS_LEUCONOTUS_video_IMG_0028_image009.jpg,2,CONEPATUS_LEUCONOTUS
0_0_CONEPATUS_LEUCONOTUS_video_IMG_0028_image010.jpg,2,CONEPATUS_LEUCONOTUS
0_0_CONEPATUS_LEUCONOTUS_video_IMG_0036_image001.jpg,2,CONEPATUS_LEUCONOTUS
0_0_CONEPATUS_LEUCONOTUS_video_IMG_0036_image002.jpg,2,CONEPATUS_LEUCONOTUS
0_0_CONEPATUS_LEUCONOTUS_video_IMG_0036_image003.jpg,2,CONEPATUS_LEUCONOTUS
0_0_CONEPATUS_LEUCONOTUS_video_IMG_0036_image004.jpg,2,CONEPATUS_LEUCONOTUS
0_0_CONEPATUS_LEUCONOTUS_video_IMG_0036_image005.jpg,2,CONEPATUS_LEUCONOTUS
0_0_CONEPATUS_LEUCONOTUS_video_IMG_0036_image006.jpg,2,CONEPATUS_LEUCONOTUS
0_0_CONEPATUS_LEUCONOTUS_video_IMG_0036_image007.jpg,2,CONEPATUS_LEUCONOTUS
0_0_CONEPATUS_LEUCONOTUS_video_IMG_0036_image008.jpg,2,CONEPATUS_LEUCONOTUS
0_0_CONEPATUS_LEUCONOTUS_video_IMG_0036_image009.jpg,2,CONEPATUS_LEUCONOTUS
0_0_CONEPATUS_LEUCONOTUS_video_IMG_0045_image001.jpg,2,CONEPATUS_LEUCONOTUS
0_0_CONEPATUS_LEUCONOTUS_video_IMG_0045_image002.jpg,2,CONEPATUS_LEUCONOTUS
0_0_CONEPATUS_LEUCONOTUS_video_IMG_0045_image003.jpg,2,CONEPATUS_LEUCONOTUS
0_0_CONEPATUS_LEUCONOTUS_video_IMG_0045_image004.jpg,2,CONEPATUS_LEUCONOTUS
0_0_CONEPATUS_LEUCONOTUS_video_IMG_0045_image005.jpg,2,CONEPATUS_LEUCONOTUS
0_0_CONEPATUS_LEUCONOTUS_video_IMG_0054_image001.jpg,2,CONEPATUS_LEUCONOTUS
0_0_CONEPATUS_LEUCONOTUS_video_IMG_0054_image002.jpg,2,CONEPATUS_LEUCONOTUS
0_1_CONEPATUS_LEUCONOTUS_video_IMG_0054_image002.jpg,2,CONEPATUS_LEUCONOTUS
0_0_CONEPATUS_LEUCONOTUS_video_IMG_0054_image003.jpg,2,CONEPATUS_LEUCONOTUS
0_0_CONEPATUS_LEUCONOTUS_video_IMG_0056_image001.jpg,2,CONEPATUS_LEUCONOTUS
0_0_CONEPATUS_LEUCONOTUS_video_IMG_0056_image002.jpg,2,CONEPATUS_LEUCONOTUS
0_0_CONEPATUS_LEUCONOTUS_video_IMG_0056_image003.jpg,2,CONEPATUS_LEUCONOTUS
0_0_CONEPATUS_LEUCONOTUS_video_IMG_0056_image004.jpg,2,CONEPATUS_LEUCONOTUS
0_1_CONEPATUS_LEUCONOTUS_video_IMG_0056_image004.jpg,2,CONEPATUS_LEUCONOTUS
0_0_CONEPATUS_LEUCONOTUS_video_IMG_0056_image005.jpg,2,CONEPATUS_LEUCONOTUS
0_0_CONEPATUS_LEUCONOTUS_video_IMG_0056_image008.jpg,2,CONEPATUS_LEUCONOTUS
0_0_CONEPATUS_LEUCONOTUS_video_IMG_0056_image009.jpg,2,CONEPATUS_LEUCONOTUS
0_0_CONEPATUS_LEUCONOTUS_video_IMG_0056_image010.jpg,2,CONEPATUS_LEUCONOTUS
0_0_CONEPATUS_LEUCONOTUS_video_IMG_0061_image001.jpg,2,CONEPATUS_LEUCONOTUS
0_0_CONEPATUS_LEUCONOTUS_video_IMG_0061_image002.jpg,2,CONEPATUS_LEUCONOTUS
0_0_CONEPATUS_LEUCONOTUS_video_IMG_0061_image003.jpg,2,CONEPATUS_LEUCONOTUS
0_0_CONEPATUS_LEUCONOTUS_video_IMG_0061_image004.jpg,2,CONEPATUS_LEUCONOTUS
0_0_CONEPATUS_LEUCONOTUS_video_IMG_0071_image001.jpg,2,CONEPATUS_LEUCONOTUS
0_0_CONEPATUS_LEUCONOTUS_video_IMG_0075_image001.jpg,2,CONEPATUS_LEUCONOTUS
0_0_CONEPATUS_LEUCONOTUS_video_IMG_0075_image002.jpg,2,CONEPATUS_LEUCONOTUS
0_1_CONEPATUS_LEUCONOTUS_video_IMG_0075_image002.jpg,2,CONEPATUS_LEUCONOTUS
0_0_CONEPATUS_LEUCONOTUS_video_IMG_0075_image003.jpg,2,CONEPATUS_LEUCONOTUS
0_0_CONEPATUS_LEUCONOTUS_video_IMG_0075_image004.jpg,2,CONEPATUS_LEUCONOTUS
0_0_CONEPATUS_LEUCONOTUS_video_IMG_0075_image005.jpg,2,CONEPATUS_LEUCONOTUS
0_0_CONEPATUS_LEUCONOTUS_video_IMG_0075_image006.jpg,2,CONEPATUS_LEUCONOTUS
0_0_CONEPATUS_LEUCONOTUS_video_IMG_0075_image007.jpg,2,CONEPATUS_LEUCONOTUS
0_0_CONEPATUS_LEUCONOTUS_video_IMG_0075_image008.jpg,2,CONEPATUS_LEUCONOTUS
0_0_CONEPATUS_LEUCONOTUS_video_IMG_0075_image009.jpg,2,CONEPATUS_LEUCONOTUS
0_0_CONEPATUS_LEUCONOTUS_video_IMG_0075_image010.jpg,2,CONEPATUS_LEUCONOTUS
0_0_CONEPATUS_LEUCONOTUS_video_IMG_0077_image001.jpg,2,CONEPATUS_LEUCONOTUS
0_0_CONEPATUS_LEUCONOTUS_video_IMG_0077_image002.jpg,2,CONEPATUS_LEUCONOTUS
0_0_CONEPATUS_LEUCONOTUS_video_IMG_0093_image001.jpg,2,CONEPATUS_LEUCONOTUS
0_0_CONEPATUS_LEUCONOTUS_video_IMG_0093_image002.jpg,2,CONEPATUS_LEUCONOTUS
0_0_CONEPATUS_LEUCONOTUS_video_IMG_0093_image003.jpg,2,CONEPATUS_LEUCONOTUS
0_0_CONEPATUS_LEUCONOTUS_video_IMG_0093_image004.jpg,2,CONEPATUS_LEUCONOTUS
0_0_CONEPATUS_LEUCONOTUS_video_IMG_0098_image001.jpg,2,CONEPATUS_LEUCONOTUS
0_0_CONEPATUS_LEUCONOTUS_video_IMG_0098_image002.jpg,2,CONEPATUS_LEUCONOTUS
0_0_CONEPATUS_LEUCONOTUS_video_IMG_0098_image003.jpg,2,CONEPATUS_LEUCONOTUS
0_0_CONEPATUS_LEUCONOTUS_video_IMG_0098_image004.jpg,2,CONEPATUS_LEUCONOTUS
0_0_CONEPATUS_LEUCONOTUS_video_IMG_0103_image001.jpg,2,CONEPATUS_LEUCONOTUS
0_0_CONEPATUS_LEUCONOTUS_video_IMG_0103_image002.jpg,2,CONEPATUS_LEUCONOTUS
0_0_CONEPATUS_LEUCONOTUS_video_IMG_0103_image003.jpg,2,CONEPATUS_LEUCONOTUS
0_0_CONEPATUS_LEUCONOTUS_video_IMG_0103_image004.jpg,2,CONEPATUS_LEUCONOTUS
0_0_CONEPATUS_LEUCONOTUS_video_IMG_0103_image005.jpg,2,CONEPATUS_LEUCONOTUS
0_0_CONEPATUS_LEUCONOTUS_video_IMG_0103_image006.jpg,2,CONEPATUS_LEUCONOTUS
0_0_CONEPATUS_LEUCONOTUS_video_IMG_0103_image007.jpg,2,CONEPATUS_LEUCONOTUS
0_0_CONEPATUS_LEUCONOTUS_video_IMG_0103_image008.jpg,2,CONEPATUS_LEUCONOTUS
0_0_CONEPATUS_LEUCONOTUS_video_IMG_0103_image009.jpg,2,CONEPATUS_LEUCONOTUS
0_0_CONEPATUS_LEUCONOTUS_video_IMG_0103_image010.jpg,2,CONEPATUS_LEUCONOTUS
0_0_CONEPATUS_LEUCONOTUS_video_IMG_0129_image001.jpg,2,CONEPATUS_LEUCONOTUS
0_0_CONEPATUS_LEUCONOTUS_video_IMG_0129_image002.jpg,2,CONEPATUS_LEUCONOTUS
0_0_CONEPATUS_LEUCONOTUS_video_IMG_0129_image009.jpg,2,CONEPATUS_LEUCONOTUS
0_0_CONEPATUS_LEUCONOTUS_video_IMG_0140_image001.jpg,2,CONEPATUS_LEUCONOTUS
0_0_CONEPATUS_LEUCONOTUS_video_IMG_0141_image001.jpg,2,CONEPATUS_LEUCONOTUS
0_1_CONEPATUS_LEUCONOTUS_video_IMG_0141_image001.jpg,2,CONEPATUS_LEUCONOTUS
0_0_CONEPATUS_LEUCONOTUS_video_IMG_0142_image001.jpg,2,CONEPATUS_LEUCONOTUS
0_0_CONEPATUS_LEUCONOTUS_video_IMG_0142_image002.jpg,2,CONEPATUS_LEUCONOTUS
0_0_CONEPATUS_LEUCONOTUS_video_IMG_0142_image003.jpg,2,CONEPATUS_LEUCONOTUS
0_0_CONEPATUS_LEUCONOTUS_video_IMG_0142_image004.jpg,2,CONEPATUS_LEUCONOTUS
0_0_CONEPATUS_LEUCONOTUS_video_IMG_0142_image005.jpg,2,CONEPATUS_LEUCONOTUS
0_0_CONEPATUS_LEUCONOTUS_video_IMG_0142_image006.jpg,2,CONEPATUS_LEUCONOTUS
0_0_CONEPATUS_LEUCONOTUS_video_IMG_0142_image007.jpg,2,CONEPATUS_LEUCONOTUS
0_0_CONEPATUS_LEUCONOTUS_video_IMG_0147_image001.jpg,2,CONEPATUS_LEUCONOTUS
0_0_CONEPATUS_LEUCONOTUS_video_IMG_0158_image001.jpg,2,CONEPATUS_LEUCONOTUS
0_1_CONEPATUS_LEUCONOTUS_video_IMG_0158_image001.jpg,2,CONEPATUS_LEUCONOTUS
0_0_CONEPATUS_LEUCONOTUS_video_IMG_0158_image002.jpg,2,CONEPATUS_LEUCONOTUS
0_1_CONEPATUS_LEUCONOTUS_video_IMG_0158_image002.jpg,2,CONEPATUS_LEUCONOTUS
0_0_CONEPATUS_LEUCONOTUS_video_IMG_0158_image003.jpg,2,CONEPATUS_LEUCONOTUS
0_1_CONEPATUS_LEUCONOTUS_video_IMG_0158_image003.jpg,2,CONEPATUS_LEUCONOTUS
0_0_CONEPATUS_LEUCONOTUS_video_IMG_0158_image004.jpg,2,CONEPATUS_LEUCONOTUS
0_0_CONEPATUS_LEUCONOTUS_video_IMG_0158_image005.jpg,2,CONEPATUS_LEUCONOTUS
0_0_CONEPATUS_LEUCONOTUS_video_IMG_0158_image010.jpg,2,CONEPATUS_LEUCONOTUS
0_0_CONEPATUS_LEUCONOTUS_video_IMG_0159_image001.jpg,2,CONEPATUS_LEUCONOTUS
0_0_CONEPATUS_LEUCONOTUS_video_IMG_0159_image002.jpg,2,CONEPATUS_LEUCONOTUS
0_0_CONEPATUS_LEUCONOTUS_video_IMG_0159_image003.jpg,2,CONEPATUS_LEUCONOTUS
0_0_CONEPATUS_LEUCONOTUS_video_IMG_0164_image001.jpg,2,CONEPATUS_LEUCONOTUS
0_0_CONEPATUS_LEUCONOTUS_video_IMG_0164_image002.jpg,2,CONEPATUS_LEUCONOTUS
0_0_CONEPATUS_LEUCONOTUS_video_IMG_0164_image003.jpg,2,CONEPATUS_LEUCONOTUS
0_0_CONEPATUS_LEUCONOTUS_video_IMG_0164_image004.jpg,2,CONEPATUS_LEUCONOTUS
0_0_CONEPATUS_LEUCONOTUS_video_IMG_0176_image001.jpg,2,CONEPATUS_LEUCONOTUS
0_0_CONEPATUS_LEUCONOTUS_video_IMG_0201_image001.jpg,2,CONEPATUS_LEUCONOTUS
0_0_CONEPATUS_LEUCONOTUS_video_IMG_0201_image002.jpg,2,CONEPATUS_LEUCONOTUS
0_0_CONEPATUS_LEUCONOTUS_video_IMG_0201_image003.jpg,2,CONEPATUS_LEUCONOTUS
0_1_CONEPATUS_LEUCONOTUS_video_IMG_0201_image003.jpg,2,CONEPATUS_LEUCONOTUS
0_0_CONEPATUS_LEUCONOTUS_video_IMG_0201_image004.jpg,2,CONEPATUS_LEUCONOTUS
0_0_CONEPATUS_LEUCONOTUS_video_IMG_0201_image005.jpg,2,CONEPATUS_LEUCONOTUS
0_0_CONEPATUS_LEUCONOTUS_video_IMG_0201_image006.jpg,2,CONEPATUS_LEUCONOTUS
0_1_CONEPATUS_LEUCONOTUS_video_IMG_0201_image006.jpg,2,CONEPATUS_LEUCONOTUS
0_0_CONEPATUS_LEUCONOTUS_video_IMG_0201_image007.jpg,2,CONEPATUS_LEUCONOTUS
0_0_CONEPATUS_LEUCONOTUS_video_IMG_0201_image008.jpg,2,CONEPATUS_LEUCONOTUS
0_0_CONEPATUS_LEUCONOTUS_video_IMG_0201_image009.jpg,2,CONEPATUS_LEUCONOTUS
0_0_CONEPATUS_LEUCONOTUS_video_IMG_0201_image010.jpg,2,CONEPATUS_LEUCONOTUS
0_0_CONEPATUS_LEUCONOTUS_video_IMG_0249_image001.jpg,2,CONEPATUS_LEUCONOTUS
0_0_CONEPATUS_LEUCONOTUS_video_IMG_0249_image002.jpg,2,CONEPATUS_LEUCONOTUS
0_0_CONEPATUS_LEUCONOTUS_video_IMG_0249_image003.jpg,2,CONEPATUS_LEUCONOTUS
0_0_CONEPATUS_LEUCONOTUS_video_IMG_0254_image001.jpg,2,CONEPATUS_LEUCONOTUS
0_0_CONEPATUS_LEUCONOTUS_video_IMG_0254_image002.jpg,2,CONEPATUS_LEUCONOTUS
0_0_CONEPATUS_LEUCONOTUS_video_IMG_0261_image001.jpg,2,CONEPATUS_LEUCONOTUS
0_0_CONEPATUS_LEUCONOTUS_video_IMG_0261_image002.jpg,2,CONEPATUS_LEUCONOTUS
0_0_CONEPATUS_LEUCONOTUS_video_IMG_0261_image003.jpg,2,CONEPATUS_LEUCONOTUS
0_1_CONEPATUS_LEUCONOTUS_video_IMG_0261_image003.jpg,2,CONEPATUS_LEUCONOTUS
0_0_CONEPATUS_LEUCONOTUS_video_IMG_0315_image001.jpg,2,CONEPATUS_LEUCONOTUS
0_0_CONEPATUS_LEUCONOTUS_video_IMG_0315_image002.jpg,2,CONEPATUS_LEUCONOTUS
0_0_CONEPATUS_LEUCONOTUS_video_IMG_0315_image003.jpg,2,CONEPATUS_LEUCONOTUS
0_0_CONEPATUS_LEUCONOTUS_video_IMG_0375_image001.jpg,2,CONEPATUS_LEUCONOTUS
0_0_CONEPATUS_LEUCONOTUS_video_IMG_0375_image002.jpg,2,CONEPATUS_LEUCONOTUS
0_0_CONEPATUS_LEUCONOTUS_video_IMG_0375_image003.jpg,2,CONEPATUS_LEUCONOTUS
0_0_CONEPATUS_LEUCONOTUS_video_IMG_0375_image004.jpg,2,CONEPATUS_LEUCONOTUS
0_1_CONEPATUS_LEUCONOTUS_video_IMG_0375_image004.jpg,2,CONEPATUS_LEUCONOTUS
0_0_CONEPATUS_LEUCONOTUS_video_IMG_0375_image005.jpg,2,CONEPATUS_LEUCONOTUS
0_1_CONEPATUS_LEUCONOTUS_video_IMG_0375_image005.jpg,2,CONEPATUS_LEUCONOTUS
0_0_CONEPATUS_LEUCONOTUS_video_IMG_0375_image006.jpg,2,CONEPATUS_LEUCONOTUS
0_0_CONEPATUS_LEUCONOTUS_video_IMG_0375_image007.jpg,2,CONEPATUS_LEUCONOTUS
0_0_CONEPATUS_LEUCONOTUS_video_IMG_0375_image008.jpg,2,CONEPATUS_LEUCONOTUS
0_1_CONEPATUS_LEUCONOTUS_video_IMG_0375_image008.jpg,2,CONEPATUS_LEUCONOTUS
0_0_CONEPATUS_LEUCONOTUS_video_IMG_0375_image009.jpg,2,CONEPATUS_LEUCONOTUS
0_0_CONEPATUS_LEUCONOTUS_video_IMG_0508_image001.jpg,2,CONEPATUS_LEUCONOTUS
0_0_CONEPATUS_LEUCONOTUS_video_IMG_0508_image002.jpg,2,CONEPATUS_LEUCONOTUS
0_0_CONEPATUS_LEUCONOTUS_video_IMG_0508_image003.jpg,2,CONEPATUS_LEUCONOTUS
0_0_CONEPATUS_LEUCONOTUS_video_IMG_0508_image004.jpg,2,CONEPATUS_LEUCONOTUS
0_0_CONEPATUS_LEUCONOTUS_video_IMG_0514_image001.jpg,2,CONEPATUS_LEUCONOTUS
0_0_CONEPATUS_LEUCONOTUS_video_IMG_0514_image002.jpg,2,CONEPATUS_LEUCONOTUS
0_0_CONEPATUS_LEUCONOTUS_video_IMG_0522_image001.jpg,2,CONEPATUS_LEUCONOTUS
0_0_CONEPATUS_LEUCONOTUS_video_IMG_0522_image002.jpg,2,CONEPATUS_LEUCONOTUS
0_0_CONEPATUS_LEUCONOTUS_video_IMG_0550_image001.jpg,2,CONEPATUS_LEUCONOTUS
0_0_CONEPATUS_LEUCONOTUS_video_IMG_0550_image002.jpg,2,CONEPATUS_LEUCONOTUS
0_0_CONEPATUS_LEUCONOTUS_video_IMG_0550_image003.jpg,2,CONEPATUS_LEUCONOTUS
0_0_CONEPATUS_LEUCONOTUS_video_IMG_0550_image004.jpg,2,CONEPATUS_LEUCONOTUS
0_0_CONEPATUS_LEUCONOTUS_video_IMG_0550_image005.jpg,2,CONEPATUS_LEUCONOTUS
0_0_CONEPATUS_LEUCONOTUS_video_MFDC3456_image001.jpg,2,CONEPATUS_LEUCONOTUS
0_1_CONEPATUS_LEUCONOTUS_video_MFDC3456_image001.jpg,2,CONEPATUS_LEUCONOTUS
0_0_CONEPATUS_LEUCONOTUS_video_MFDC3456_image002.jpg,2,CONEPATUS_LEUCONOTUS
0_1_CONEPATUS_LEUCONOTUS_video_MFDC3456_image002.jpg,2,CONEPATUS_LEUCONOTUS
0_0_CONEPATUS_LEUCONOTUS_video_MFDC3456_image003.jpg,2,CONEPATUS_LEUCONOTUS
0_1_CONEPATUS_LEUCONOTUS_video_MFDC3456_image003.jpg,2,CONEPATUS_LEUCONOTUS
0_0_CONEPATUS_LEUCONOTUS_video_MFDC3456_image004.jpg,2,CONEPATUS_LEUCONOTUS
0_1_CONEPATUS_LEUCONOTUS_video_MFDC3456_image004.jpg,2,CONEPATUS_LEUCONOTUS
0_0_CONEPATUS_LEUCONOTUS_video_MFDC3456_image005.jpg,2,CONEPATUS_LEUCONOTUS
0_1_CONEPATUS_LEUCONOTUS_video_MFDC3456_image005.jpg,2,CONEPATUS_LEUCONOTUS
0_0_CONEPATUS_LEUCONOTUS_video_MFDC3456_image006.jpg,2,CONEPATUS_LEUCONOTUS
0_1_CONEPATUS_LEUCONOTUS_video_MFDC3456_image006.jpg,2,CONEPATUS_LEUCONOTUS
0_0_CONEPATUS_LEUCONOTUS_video_MFDC3456_image007.jpg,2,CONEPATUS_LEUCONOTUS
0_1_CONEPATUS_LEUCONOTUS_video_MFDC3456_image007.jpg,2,CONEPATUS_LEUCONOTUS
0_0_CONEPATUS_LEUCONOTUS_video_MFDC3456_image008.jpg,2,CONEPATUS_LEUCONOTUS
0_0_CONEPATUS_LEUCONOTUS_video_MFDC3456_image009.jpg,2,CONEPATUS_LEUCONOTUS
0_0_CONEPATUS_LEUCONOTUS_video_MFDC3456_image010.jpg,2,CONEPATUS_LEUCONOTUS
0_0_DIDELPHIS_VIRGINIATA_video_IMG_0001_image001.jpg,3,DIDELPHIS_VIRGINIATA
0_0_DIDELPHIS_VIRGINIATA_video_IMG_0001_image002.jpg,3,DIDELPHIS_VIRGINIATA
0_0_DIDELPHIS_VIRGINIATA_video_IMG_0001_image003.jpg,3,DIDELPHIS_VIRGINIATA
0_0_DIDELPHIS_VIRGINIATA_video_IMG_0001_image004.jpg,3,DIDELPHIS_VIRGINIATA
0_0_DIDELPHIS_VIRGINIATA_video_IMG_0001_image005.jpg,3,DIDELPHIS_VIRGINIATA
0_0_DIDELPHIS_VIRGINIATA_video_IMG_0001_image006.jpg,3,DIDELPHIS_VIRGINIATA
0_0_DIDELPHIS_VIRGINIATA_video_IMG_0001_image007.jpg,3,DIDELPHIS_VIRGINIATA
0_0_DIDELPHIS_VIRGINIATA_video_IMG_0001_image008.jpg,3,DIDELPHIS_VIRGINIATA
0_0_DIDELPHIS_VIRGINIATA_video_IMG_0001_image009.jpg,3,DIDELPHIS_VIRGINIATA
0_0_DIDELPHIS_VIRGINIATA_video_IMG_0001_image010.jpg,3,DIDELPHIS_VIRGINIATA
0_0_DIDELPHIS_VIRGINIATA_video_IMG_0009_image001.jpg,3,DIDELPHIS_VIRGINIATA
0_0_DIDELPHIS_VIRGINIATA_video_IMG_0009_image002.jpg,3,DIDELPHIS_VIRGINIATA
0_0_DIDELPHIS_VIRGINIATA_video_IMG_0009_image003.jpg,3,DIDELPHIS_VIRGINIATA
0_0_DIDELPHIS_VIRGINIATA_video_IMG_0009_image004.jpg,3,DIDELPHIS_VIRGINIATA
0_0_DIDELPHIS_VIRGINIATA_video_IMG_0021_image001.jpg,3,DIDELPHIS_VIRGINIATA
0_0_DIDELPHIS_VIRGINIATA_video_IMG_0021_image002.jpg,3,DIDELPHIS_VIRGINIATA
0_0_DIDELPHIS_VIRGINIATA_video_IMG_0021_image003.jpg,3,DIDELPHIS_VIRGINIATA
0_0_DIDELPHIS_VIRGINIATA_video_IMG_0021_image004.jpg,3,DIDELPHIS_VIRGINIATA
0_0_DIDELPHIS_VIRGINIATA_video_IMG_0021_image005.jpg,3,DIDELPHIS_VIRGINIATA
0_0_DIDELPHIS_VIRGINIATA_video_IMG_0021_image006.jpg,3,DIDELPHIS_VIRGINIATA
0_0_DIDELPHIS_VIRGINIATA_video_IMG_0021_image010.jpg,3,DIDELPHIS_VIRGINIATA
0_0_DIDELPHIS_VIRGINIATA_video_IMG_0026_image001.jpg,3,DIDELPHIS_VIRGINIATA
0_1_DIDELPHIS_VIRGINIATA_video_IMG_0026_image001.jpg,3,DIDELPHIS_VIRGINIATA
0_0_DIDELPHIS_VIRGINIATA_video_IMG_0026_image002.jpg,3,DIDELPHIS_VIRGINIATA
0_0_DIDELPHIS_VIRGINIATA_video_IMG_0026_image003.jpg,3,DIDELPHIS_VIRGINIATA
0_0_DIDELPHIS_VIRGINIATA_video_IMG_0026_image004.jpg,3,DIDELPHIS_VIRGINIATA
0_0_DIDELPHIS_VIRGINIATA_video_IMG_0026_image005.jpg,3,DIDELPHIS_VIRGINIATA
0_0_DIDELPHIS_VIRGINIATA_video_IMG_0026_image006.jpg,3,DIDELPHIS_VIRGINIATA
0_0_DIDELPHIS_VIRGINIATA_video_IMG_0026_image007.jpg,3,DIDELPHIS_VIRGINIATA
0_0_DIDELPHIS_VIRGINIATA_video_IMG_0026_image008.jpg,3,DIDELPHIS_VIRGINIATA
0_0_DIDELPHIS_VIRGINIATA_video_IMG_0026_image009.jpg,3,DIDELPHIS_VIRGINIATA
0_0_DIDELPHIS_VIRGINIATA_video_IMG_0026_image010.jpg,3,DIDELPHIS_VIRGINIATA
0_0_DIDELPHIS_VIRGINIATA_video_IMG_0027_image001.jpg,3,DIDELPHIS_VIRGINIATA
0_0_DIDELPHIS_VIRGINIATA_video_IMG_0027_image002.jpg,3,DIDELPHIS_VIRGINIATA
0_0_DIDELPHIS_VIRGINIATA_video_IMG_0027_image003.jpg,3,DIDELPHIS_VIRGINIATA
0_0_DIDELPHIS_VIRGINIATA_video_IMG_0027_image004.jpg,3,DIDELPHIS_VIRGINIATA
0_0_DIDELPHIS_VIRGINIATA_video_IMG_0027_image005.jpg,3,DIDELPHIS_VIRGINIATA
0_0_DIDELPHIS_VIRGINIATA_video_IMG_0027_image006.jpg,3,DIDELPHIS_VIRGINIATA
0_0_DIDELPHIS_VIRGINIATA_video_IMG_0030_image001.jpg,3,DIDELPHIS_VIRGINIATA
0_0_DIDELPHIS_VIRGINIATA_video_IMG_0030_image002.jpg,3,DIDELPHIS_VIRGINIATA
0_0_DIDELPHIS_VIRGINIATA_video_IMG_0030_image003.jpg,3,DIDELPHIS_VIRGINIATA
0_0_DIDELPHIS_VIRGINIATA_video_IMG_0030_image004.jpg,3,DIDELPHIS_VIRGINIATA
0_0_DIDELPHIS_VIRGINIATA_video_IMG_0030_image005.jpg,3,DIDELPHIS_VIRGINIATA
0_0_DIDELPHIS_VIRGINIATA_video_IMG_0030_image006.jpg,3,DIDELPHIS_VIRGINIATA
0_1_DIDELPHIS_VIRGINIATA_video_IMG_0030_image006.jpg,3,DIDELPHIS_VIRGINIATA
0_0_DIDELPHIS_VIRGINIATA_video_IMG_0030_image007.jpg,3,DIDELPHIS_VIRGINIATA
0_0_DIDELPHIS_VIRGINIATA_video_IMG_0030_image008.jpg,3,DIDELPHIS_VIRGINIATA
0_0_DIDELPHIS_VIRGINIATA_video_IMG_0030_image009.jpg,3,DIDELPHIS_VIRGINIATA
0_0_DIDELPHIS_VIRGINIATA_video_IMG_0030_image010.jpg,3,DIDELPHIS_VIRGINIATA
0_1_DIDELPHIS_VIRGINIATA_video_IMG_0030_image010.jpg,3,DIDELPHIS_VIRGINIATA
0_0_DIDELPHIS_VIRGINIATA_video_IMG_0031_image001.jpg,3,DIDELPHIS_VIRGINIATA
0_0_DIDELPHIS_VIRGINIATA_video_IMG_0031_image002.jpg,3,DIDELPHIS_VIRGINIATA
0_0_DIDELPHIS_VIRGINIATA_video_IMG_0031_image003.jpg,3,DIDELPHIS_VIRGINIATA
0_0_DIDELPHIS_VIRGINIATA_video_IMG_0031_image004.jpg,3,DIDELPHIS_VIRGINIATA
0_0_DIDELPHIS_VIRGINIATA_video_IMG_0031_image005.jpg,3,DIDELPHIS_VIRGINIATA
0_0_DIDELPHIS_VIRGINIATA_video_IMG_0031_image006.jpg,3,DIDELPHIS_VIRGINIATA
0_0_DIDELPHIS_VIRGINIATA_video_IMG_0031_image007.jpg,3,DIDELPHIS_VIRGINIATA
0_0_DIDELPHIS_VIRGINIATA_video_IMG_0031_image008.jpg,3,DIDELPHIS_VIRGINIATA
0_0_DIDELPHIS_VIRGINIATA_video_IMG_0031_image009.jpg,3,DIDELPHIS_VIRGINIATA
0_0_DIDELPHIS_VIRGINIATA_video_IMG_0031_image010.jpg,3,DIDELPHIS_VIRGINIATA
0_0_DIDELPHIS_VIRGINIATA_video_IMG_0033_image001.jpg,3,DIDELPHIS_VIRGINIATA
0_0_DIDELPHIS_VIRGINIATA_video_IMG_0033_image002.jpg,3,DIDELPHIS_VIRGINIATA
0_0_DIDELPHIS_VIRGINIATA_video_IMG_0033_image003.jpg,3,DIDELPHIS_VIRGINIATA
0_0_DIDELPHIS_VIRGINIATA_video_IMG_0045_image001.jpg,3,DIDELPHIS_VIRGINIATA
0_1_DIDELPHIS_VIRGINIATA_video_IMG_0045_image001.jpg,3,DIDELPHIS_VIRGINIATA
0_0_DIDELPHIS_VIRGINIATA_video_IMG_0045_image002.jpg,3,DIDELPHIS_VIRGINIATA
0_0_DIDELPHIS_VIRGINIATA_video_IMG_0045_image003.jpg,3,DIDELPHIS_VIRGINIATA
0_0_DIDELPHIS_VIRGINIATA_video_IMG_0045_image004.jpg,3,DIDELPHIS_VIRGINIATA
0_1_DIDELPHIS_VIRGINIATA_video_IMG_0045_image004.jpg,3,DIDELPHIS_VIRGINIATA
0_0_DIDELPHIS_VIRGINIATA_video_IMG_0045_image005.jpg,3,DIDELPHIS_VIRGINIATA
0_1_DIDELPHIS_VIRGINIATA_video_IMG_0045_image005.jpg,3,DIDELPHIS_VIRGINIATA
0_0_DIDELPHIS_VIRGINIATA_video_IMG_0045_image006.jpg,3,DIDELPHIS_VIRGINIATA
0_0_DIDELPHIS_VIRGINIATA_video_IMG_0045_image007.jpg,3,DIDELPHIS_VIRGINIATA
0_0_DIDELPHIS_VIRGINIATA_video_IMG_0045_image008.jpg,3,DIDELPHIS_VIRGINIATA
0_0_DIDELPHIS_VIRGINIATA_video_IMG_0045_image009.jpg,3,DIDELPHIS_VIRGINIATA
0_0_DIDELPHIS_VIRGINIATA_video_IMG_0045_image010.jpg,3,DIDELPHIS_VIRGINIATA
0_0_DIDELPHIS_VIRGINIATA_video_IMG_0049_image001.jpg,3,DIDELPHIS_VIRGINIATA
0_0_DIDELPHIS_VIRGINIATA_video_IMG_0049_image002.jpg,3,DIDELPHIS_VIRGINIATA
0_0_DIDELPHIS_VIRGINIATA_video_IMG_0049_image003.jpg,3,DIDELPHIS_VIRGINIATA
0_0_DIDELPHIS_VIRGINIATA_video_IMG_0049_image004.jpg,3,DIDELPHIS_VIRGINIATA
0_0_DIDELPHIS_VIRGINIATA_video_IMG_0049_image005.jpg,3,DIDELPHIS_VIRGINIATA
0_1_DIDELPHIS_VIRGINIATA_video_IMG_0049_image005.jpg,3,DIDELPHIS_VIRGINIATA
0_0_DIDELPHIS_VIRGINIATA_video_IMG_0049_image006.jpg,3,DIDELPHIS_VIRGINIATA
0_0_DIDELPHIS_VIRGINIATA_video_IMG_0049_image007.jpg,3,DIDELPHIS_VIRGINIATA
0_0_DIDELPHIS_VIRGINIATA_video_IMG_0049_image008.jpg,3,DIDELPHIS_VIRGINIATA
0_0_DIDELPHIS_VIRGINIATA_video_IMG_0049_image009.jpg,3,DIDELPHIS_VIRGINIATA
0_0_DIDELPHIS_VIRGINIATA_video_IMG_0049_image010.jpg,3,DIDELPHIS_VIRGINIATA
0_0_DIDELPHIS_VIRGINIATA_video_IMG_0051_image001.jpg,3,DIDELPHIS_VIRGINIATA
0_0_DIDELPHIS_VIRGINIATA_video_IMG_0051_image002.jpg,3,DIDELPHIS_VIRGINIATA
0_0_DIDELPHIS_VIRGINIATA_video_IMG_0051_image003.jpg,3,DIDELPHIS_VIRGINIATA
0_0_DIDELPHIS_VIRGINIATA_video_IMG_0051_image004.jpg,3,DIDELPHIS_VIRGINIATA
0_0_DIDELPHIS_VIRGINIATA_video_IMG_0051_image005.jpg,3,DIDELPHIS_VIRGINIATA
0_0_DIDELPHIS_VIRGINIATA_video_IMG_0051_image006.jpg,3,DIDELPHIS_VIRGINIATA
0_0_DIDELPHIS_VIRGINIATA_video_IMG_0051_image007.jpg,3,DIDELPHIS_VIRGINIATA
0_0_DIDELPHIS_VIRGINIATA_video_IMG_0051_image008.jpg,3,DIDELPHIS_VIRGINIATA
0_0_DIDELPHIS_VIRGINIATA_video_IMG_0051_image009.jpg,3,DIDELPHIS_VIRGINIATA
0_0_DIDELPHIS_VIRGINIATA_video_IMG_0051_image010.jpg,3,DIDELPHIS_VIRGINIATA
0_0_DIDELPHIS_VIRGINIATA_video_IMG_0052_image001.jpg,3,DIDELPHIS_VIRGINIATA
0_0_DIDELPHIS_VIRGINIATA_video_IMG_0052_image002.jpg,3,DIDELPHIS_VIRGINIATA
0_0_DIDELPHIS_VIRGINIATA_video_IMG_0052_image003.jpg,3,DIDELPHIS_VIRGINIATA
0_0_DIDELPHIS_VIRGINIATA_video_IMG_0052_image004.jpg,3,DIDELPHIS_VIRGINIATA
0_0_DIDELPHIS_VIRGINIATA_video_IMG_0052_image005.jpg,3,DIDELPHIS_VIRGINIATA
0_0_DIDELPHIS_VIRGINIATA_video_IMG_0052_image006.jpg,3,DIDELPHIS_VIRGINIATA
0_0_DIDELPHIS_VIRGINIATA_video_IMG_0052_image007.jpg,3,DIDELPHIS_VIRGINIATA
0_0_DIDELPHIS_VIRGINIATA_video_IMG_0052_image008.jpg,3,DIDELPHIS_VIRGINIATA
0_0_DIDELPHIS_VIRGINIATA_video_IMG_0052_image009.jpg,3,DIDELPHIS_VIRGINIATA
0_0_DIDELPHIS_VIRGINIATA_video_IMG_0052_image010.jpg,3,DIDELPHIS_VIRGINIATA
0_0_DIDELPHIS_VIRGINIATA_video_IMG_0063_image001.jpg,3,DIDELPHIS_VIRGINIATA
0_0_DIDELPHIS_VIRGINIATA_video_IMG_0063_image002.jpg,3,DIDELPHIS_VIRGINIATA
0_0_DIDELPHIS_VIRGINIATA_video_IMG_0063_image003.jpg,3,DIDELPHIS_VIRGINIATA
0_0_DIDELPHIS_VIRGINIATA_video_IMG_0063_image004.jpg,3,DIDELPHIS_VIRGINIATA
0_0_DIDELPHIS_VIRGINIATA_video_IMG_0063_image005.jpg,3,DIDELPHIS_VIRGINIATA
0_0_DIDELPHIS_VIRGINIATA_video_IMG_0063_image006.jpg,3,DIDELPHIS_VIRGINIATA
0_0_DIDELPHIS_VIRGINIATA_video_IMG_0063_image007.jpg,3,DIDELPHIS_VIRGINIATA
0_0_DIDELPHIS_VIRGINIATA_video_IMG_0072_image001.jpg,3,DIDELPHIS_VIRGINIATA
0_0_DIDELPHIS_VIRGINIATA_video_IMG_0072_image002.jpg,3,DIDELPHIS_VIRGINIATA
0_0_DIDELPHIS_VIRGINIATA_video_IMG_0093_image001.jpg,3,DIDELPHIS_VIRGINIATA
0_0_DIDELPHIS_VIRGINIATA_video_IMG_0093_image002.jpg,3,DIDELPHIS_VIRGINIATA
0_0_DIDELPHIS_VIRGINIATA_video_IMG_0093_image003.jpg,3,DIDELPHIS_VIRGINIATA
0_0_DIDELPHIS_VIRGINIATA_video_IMG_0093_image004.jpg,3,DIDELPHIS_VIRGINIATA
0_1_DIDELPHIS_VIRGINIATA_video_IMG_0093_image004.jpg,3,DIDELPHIS_VIRGINIATA
0_0_DIDELPHIS_VIRGINIATA_video_IMG_0093_image005.jpg,3,DIDELPHIS_VIRGINIATA
0_0_DIDELPHIS_VIRGINIATA_video_IMG_0093_image006.jpg,3,DIDELPHIS_VIRGINIATA
0_0_DIDELPHIS_VIRGINIATA_video_IMG_0093_image008.jpg,3,DIDELPHIS_VIRGINIATA
0_0_DIDELPHIS_VIRGINIATA_video_IMG_0093_image009.jpg,3,DIDELPHIS_VIRGINIATA
0_0_DIDELPHIS_VIRGINIATA_video_IMG_0094_image001.jpg,3,DIDELPHIS_VIRGINIATA
0_0_DIDELPHIS_VIRGINIATA_video_IMG_0094_image002.jpg,3,DIDELPHIS_VIRGINIATA
0_0_DIDELPHIS_VIRGINIATA_video_IMG_0094_image003.jpg,3,DIDELPHIS_VIRGINIATA
0_0_DIDELPHIS_VIRGINIATA_video_IMG_0094_image004.jpg,3,DIDELPHIS_VIRGINIATA
0_0_DIDELPHIS_VIRGINIATA_video_IMG_0094_image005.jpg,3,DIDELPHIS_VIRGINIATA
0_0_DIDELPHIS_VIRGINIATA_video_IMG_0094_image006.jpg,3,DIDELPHIS_VIRGINIATA
0_0_DIDELPHIS_VIRGINIATA_video_IMG_0094_image007.jpg,3,DIDELPHIS_VIRGINIATA
0_0_DIDELPHIS_VIRGINIATA_video_IMG_0094_image008.jpg,3,DIDELPHIS_VIRGINIATA
0_0_DIDELPHIS_VIRGINIATA_video_IMG_0094_image009.jpg,3,DIDELPHIS_VIRGINIATA
0_0_DIDELPHIS_VIRGINIATA_video_IMG_0094_image010.jpg,3,DIDELPHIS_VIRGINIATA
0_0_DIDELPHIS_VIRGINIATA_video_IMG_0095_image001.jpg,3,DIDELPHIS_VIRGINIATA
0_0_DIDELPHIS_VIRGINIATA_video_IMG_0095_image002.jpg,3,DIDELPHIS_VIRGINIATA
0_0_DIDELPHIS_VIRGINIATA_video_IMG_0095_image003.jpg,3,DIDELPHIS_VIRGINIATA
0_0_DIDELPHIS_VIRGINIATA_video_IMG_0097_image001.jpg,3,DIDELPHIS_VIRGINIATA
0_0_DIDELPHIS_VIRGINIATA_video_IMG_0097_image002.jpg,3,DIDELPHIS_VIRGINIATA
0_0_DIDELPHIS_VIRGINIATA_video_IMG_0099_image001.jpg,3,DIDELPHIS_VIRGINIATA
0_0_DIDELPHIS_VIRGINIATA_video_IMG_0099_image002.jpg,3,DIDELPHIS_VIRGINIATA
0_0_DIDELPHIS_VIRGINIATA_video_IMG_0099_image003.jpg,3,DIDELPHIS_VIRGINIATA
0_0_DIDELPHIS_VIRGINIATA_video_IMG_0099_image004.jpg,3,DIDELPHIS_VIRGINIATA
0_0_DIDELPHIS_VIRGINIATA_video_IMG_0099_image005.jpg,3,DIDELPHIS_VIRGINIATA
0_0_DIDELPHIS_VIRGINIATA_video_IMG_0099_image006.jpg,3,DIDELPHIS_VIRGINIATA
0_0_DIDELPHIS_VIRGINIATA_video_IMG_0099_image007.jpg,3,DIDELPHIS_VIRGINIATA
0_0_DIDELPHIS_VIRGINIATA_video_IMG_0099_image008.jpg,3,DIDELPHIS_VIRGINIATA
0_0_DIDELPHIS_VIRGINIATA_video_IMG_0099_image009.jpg,3,DIDELPHIS_VIRGINIATA
0_0_DIDELPHIS_VIRGINIATA_video_IMG_0099_image010.jpg,3,DIDELPHIS_VIRGINIATA
0_0_DIDELPHIS_VIRGINIATA_video_IMG_0110_image001.jpg,3,DIDELPHIS_VIRGINIATA
0_0_DIDELPHIS_VIRGINIATA_video_IMG_0110_image002.jpg,3,DIDELPHIS_VIRGINIATA
0_0_DIDELPHIS_VIRGINIATA_video_IMG_0110_image003.jpg,3,DIDELPHIS_VIRGINIATA
0_0_DIDELPHIS_VIRGINIATA_video_IMG_0110_image004.jpg,3,DIDELPHIS_VIRGINIATA
0_0_DIDELPHIS_VIRGINIATA_video_IMG_0110_image005.jpg,3,DIDELPHIS_VIRGINIATA
0_0_DIDELPHIS_VIRGINIATA_video_IMG_0110_image006.jpg,3,DIDELPHIS_VIRGINIATA
0_0_DIDELPHIS_VIRGINIATA_video_IMG_0110_image007.jpg,3,DIDELPHIS_VIRGINIATA
0_0_DIDELPHIS_VIRGINIATA_video_IMG_0110_image008.jpg,3,DIDELPHIS_VIRGINIATA
0_0_DIDELPHIS_VIRGINIATA_video_IMG_0110_image009.jpg,3,DIDELPHIS_VIRGINIATA
0_0_DIDELPHIS_VIRGINIATA_video_IMG_0119_image001.jpg,3,DIDELPHIS_VIRGINIATA
0_0_DIDELPHIS_VIRGINIATA_video_IMG_0119_image002.jpg,3,DIDELPHIS_VIRGINIATA
0_0_DIDELPHIS_VIRGINIATA_video_IMG_0119_image003.jpg,3,DIDELPHIS_VIRGINIATA
0_0_DIDELPHIS_VIRGINIATA_video_IMG_0127_image001.jpg,3,DIDELPHIS_VIRGINIATA
0_0_DIDELPHIS_VIRGINIATA_video_IMG_0127_image002.jpg,3,DIDELPHIS_VIRGINIATA
0_0_DIDELPHIS_VIRGINIATA_video_IMG_0127_image003.jpg,3,DIDELPHIS_VIRGINIATA
0_0_DIDELPHIS_VIRGINIATA_video_IMG_0127_image004.jpg,3,DIDELPHIS_VIRGINIATA
0_0_DIDELPHIS_VIRGINIATA_video_IMG_0127_image005.jpg,3,DIDELPHIS_VIRGINIATA
0_0_DIDELPHIS_VIRGINIATA_video_IMG_0127_image006.jpg,3,DIDELPHIS_VIRGINIATA
0_0_DIDELPHIS_VIRGINIATA_video_IMG_0127_image007.jpg,3,DIDELPHIS_VIRGINIATA
0_0_DIDELPHIS_VIRGINIATA_video_IMG_0127_image008.jpg,3,DIDELPHIS_VIRGINIATA
0_0_DIDELPHIS_VIRGINIATA_video_IMG_0127_image009.jpg,3,DIDELPHIS_VIRGINIATA
0_0_DIDELPHIS_VIRGINIATA_video_IMG_0127_image010.jpg,3,DIDELPHIS_VIRGINIATA
0_0_DIDELPHIS_VIRGINIATA_video_IMG_0129_MP4_image001.jpg,3,DIDELPHIS_VIRGINIATA
0_0_DIDELPHIS_VIRGINIATA_video_IMG_0129_MP4_image002.jpg,3,DIDELPHIS_VIRGINIATA
0_0_DIDELPHIS_VIRGINIATA_video_IMG_0129_MP4_image003.jpg,3,DIDELPHIS_VIRGINIATA
0_0_DIDELPHIS_VIRGINIATA_video_IMG_0129_MP4_image004.jpg,3,DIDELPHIS_VIRGINIATA
0_0_DIDELPHIS_VIRGINIATA_video_IMG_0129_MP4_image005.jpg,3,DIDELPHIS_VIRGINIATA
0_0_DIDELPHIS_VIRGINIATA_video_IMG_0129_MP4_image006.jpg,3,DIDELPHIS_VIRGINIATA
0_0_DIDELPHIS_VIRGINIATA_video_IMG_0129_MP4_image007.jpg,3,DIDELPHIS_VIRGINIATA
0_0_DIDELPHIS_VIRGINIATA_video_IMG_0129_MP4_image008.jpg,3,DIDELPHIS_VIRGINIATA
0_0_DIDELPHIS_VIRGINIATA_video_IMG_0129_MP4_image009.jpg,3,DIDELPHIS_VIRGINIATA
0_0_DIDELPHIS_VIRGINIATA_video_IMG_0129_image001.jpg,3,DIDELPHIS_VIRGINIATA
0_0_DIDELPHIS_VIRGINIATA_video_IMG_0129_image002.jpg,3,DIDELPHIS_VIRGINIATA
0_0_DIDELPHIS_VIRGINIATA_video_IMG_0129_image003.jpg,3,DIDELPHIS_VIRGINIATA
0_0_DIDELPHIS_VIRGINIATA_video_IMG_0129_image004.jpg,3,DIDELPHIS_VIRGINIATA
0_0_DIDELPHIS_VIRGINIATA_video_IMG_0129_image005.jpg,3,DIDELPHIS_VIRGINIATA
0_0_DIDELPHIS_VIRGINIATA_video_IMG_0129_image006.jpg,3,DIDELPHIS_VIRGINIATA
0_0_DIDELPHIS_VIRGINIATA_video_IMG_0129_image007.jpg,3,DIDELPHIS_VIRGINIATA
0_0_DIDELPHIS_VIRGINIATA_video_IMG_0129_image008.jpg,3,DIDELPHIS_VIRGINIATA
0_0_DIDELPHIS_VIRGINIATA_video_IMG_0129_image009.jpg,3,DIDELPHIS_VIRGINIATA
0_0_DIDELPHIS_VIRGINIATA_video_IMG_0129_image010.jpg,3,DIDELPHIS_VIRGINIATA
0_0_DIDELPHIS_VIRGINIATA_video_IMG_0156_image001.jpg,3,DIDELPHIS_VIRGINIATA
0_0_DIDELPHIS_VIRGINIATA_video_IMG_0156_image002.jpg,3,DIDELPHIS_VIRGINIATA
0_0_DIDELPHIS_VIRGINIATA_video_IMG_0156_image003.jpg,3,DIDELPHIS_VIRGINIATA
0_0_DIDELPHIS_VIRGINIATA_video_IMG_0156_image004.jpg,3,DIDELPHIS_VIRGINIATA
0_0_DIDELPHIS_VIRGINIATA_video_IMG_0156_image005.jpg,3,DIDELPHIS_VIRGINIATA
0_0_DIDELPHIS_VIRGINIATA_video_IMG_0156_image006.jpg,3,DIDELPHIS_VIRGINIATA
0_0_DIDELPHIS_VIRGINIATA_video_IMG_0156_image007.jpg,3,DIDELPHIS_VIRGINIATA
0_0_DIDELPHIS_VIRGINIATA_video_IMG_0156_image008.jpg,3,DIDELPHIS_VIRGINIATA
0_0_DIDELPHIS_VIRGINIATA_video_IMG_0156_image009.jpg,3,DIDELPHIS_VIRGINIATA
0_0_DIDELPHIS_VIRGINIATA_video_IMG_0156_image010.jpg,3,DIDELPHIS_VIRGINIATA
0_0_DIDELPHIS_VIRGINIATA_video_IMG_0202_image001.jpg,3,DIDELPHIS_VIRGINIATA
0_0_DIDELPHIS_VIRGINIATA_video_IMG_0202_image002.jpg,3,DIDELPHIS_VIRGINIATA
0_0_DIDELPHIS_VIRGINIATA_video_IMG_0202_image003.jpg,3,DIDELPHIS_VIRGINIATA
0_0_DIDELPHIS_VIRGINIATA_video_IMG_0202_image004.jpg,3,DIDELPHIS_VIRGINIATA
0_0_DIDELPHIS_VIRGINIATA_video_IMG_0202_image005.jpg,3,DIDELPHIS_VIRGINIATA
0_0_DIDELPHIS_VIRGINIATA_video_IMG_0202_image006.jpg,3,DIDELPHIS_VIRGINIATA
0_0_DIDELPHIS_VIRGINIATA_video_IMG_0202_image007.jpg,3,DIDELPHIS_VIRGINIATA
0_0_DIDELPHIS_VIRGINIATA_video_IMG_0202_image008.jpg,3,DIDELPHIS_VIRGINIATA
0_0_DIDELPHIS_VIRGINIATA_video_IMG_0252_image001.jpg,3,DIDELPHIS_VIRGINIATA
0_0_DIDELPHIS_VIRGINIATA_video_IMG_0252_image002.jpg,3,DIDELPHIS_VIRGINIATA
0_0_DIDELPHIS_VIRGINIATA_video_IMG_0252_image003.jpg,3,DIDELPHIS_VIRGINIATA
0_1_DIDELPHIS_VIRGINIATA_video_IMG_0252_image003.jpg,3,DIDELPHIS_VIRGINIATA
0_0_DIDELPHIS_VIRGINIATA_video_IMG_0252_image004.jpg,3,DIDELPHIS_VIRGINIATA
0_0_DIDELPHIS_VIRGINIATA_video_IMG_0252_image005.jpg,3,DIDELPHIS_VIRGINIATA
0_0_DIDELPHIS_VIRGINIATA_video_IMG_0252_image006.jpg,3,DIDELPHIS_VIRGINIATA
0_0_DIDELPHIS_VIRGINIATA_video_IMG_0252_image007.jpg,3,DIDELPHIS_VIRGINIATA
0_0_DidelphisVirginiana_01.JPG,3,DIDELPHIS_VIRGINIATA
2_0_DidelphisVirginiana_03.JPG,3,DIDELPHIS_VIRGINIATA
0_0_DidelphisVirginiana_04.JPG,3,DIDELPHIS_VIRGINIATA
0_0_DidelphisVirginiana_06.JPG,3,DIDELPHIS_VIRGINIATA
0_0_DidelphisVirginiana_07.JPG,3,DIDELPHIS_VIRGINIATA
0_0_DidelphisVirginiana_08.JPG,3,DIDELPHIS_VIRGINIATA
0_0_DidelphisVirginiana_09.JPG,3,DIDELPHIS_VIRGINIATA
0_1_DidelphisVirginiana_09.JPG,3,DIDELPHIS_VIRGINIATA
0_0_DidelphisVirginiana_10.JPG,3,DIDELPHIS_VIRGINIATA
0_0_DidelphisVirginiana_100.JPG,3,DIDELPHIS_VIRGINIATA
0_1_DidelphisVirginiana_100.JPG,3,DIDELPHIS_VIRGINIATA
0_0_DidelphisVirginiana_102.JPG,3,DIDELPHIS_VIRGINIATA
1_0_DidelphisVirginiana_103.JPG,3,DIDELPHIS_VIRGINIATA
0_0_DidelphisVirginiana_104.JPG,3,DIDELPHIS_VIRGINIATA
0_0_DidelphisVirginiana_105.JPG,3,DIDELPHIS_VIRGINIATA
0_1_DidelphisVirginiana_105.JPG,3,DIDELPHIS_VIRGINIATA
0_2_DidelphisVirginiana_105.JPG,3,DIDELPHIS_VIRGINIATA
0_0_DidelphisVirginiana_106.JPG,3,DIDELPHIS_VIRGINIATA
0_0_DidelphisVirginiana_108.JPG,3,DIDELPHIS_VIRGINIATA
0_0_DidelphisVirginiana_109.JPG,3,DIDELPHIS_VIRGINIATA
0_0_DidelphisVirginiana_11.JPG,3,DIDELPHIS_VIRGINIATA
0_0_DidelphisVirginiana_110.JPG,3,DIDELPHIS_VIRGINIATA
0_0_DidelphisVirginiana_111.JPG,3,DIDELPHIS_VIRGINIATA
0_0_DidelphisVirginiana_112.JPG,3,DIDELPHIS_VIRGINIATA
0_0_DidelphisVirginiana_114.JPG,3,DIDELPHIS_VIRGINIATA
0_0_DidelphisVirginiana_115.JPG,3,DIDELPHIS_VIRGINIATA
0_0_DidelphisVirginiana_116.JPG,3,DIDELPHIS_VIRGINIATA
0_0_DidelphisVirginiana_117.JPG,3,DIDELPHIS_VIRGINIATA
0_0_DidelphisVirginiana_119.JPG,3,DIDELPHIS_VIRGINIATA
0_0_DidelphisVirginiana_12.JPG,3,DIDELPHIS_VIRGINIATA
0_0_DidelphisVirginiana_120.JPG,3,DIDELPHIS_VIRGINIATA
0_0_DidelphisVirginiana_121.JPG,3,DIDELPHIS_VIRGINIATA
0_0_DidelphisVirginiana_122.JPG,3,DIDELPHIS_VIRGINIATA
0_0_DidelphisVirginiana_123.JPG,3,DIDELPHIS_VIRGINIATA
0_0_DidelphisVirginiana_124.JPG,3,DIDELPHIS_VIRGINIATA
0_0_DidelphisVirginiana_125.JPG,3,DIDELPHIS_VIRGINIATA
0_0_DidelphisVirginiana_126.JPG,3,DIDELPHIS_VIRGINIATA
0_0_DidelphisVirginiana_127.JPG,3,DIDELPHIS_VIRGINIATA
0_0_DidelphisVirginiana_128.JPG,3,DIDELPHIS_VIRGINIATA
0_0_DidelphisVirginiana_129.JPG,3,DIDELPHIS_VIRGINIATA
0_0_DidelphisVirginiana_13.JPG,3,DIDELPHIS_VIRGINIATA
0_0_DidelphisVirginiana_130.JPG,3,DIDELPHIS_VIRGINIATA
0_0_DidelphisVirginiana_131.JPG,3,DIDELPHIS_VIRGINIATA
0_0_DidelphisVirginiana_132.JPG,3,DIDELPHIS_VIRGINIATA
0_0_DidelphisVirginiana_133.JPG,3,DIDELPHIS_VIRGINIATA
0_0_DidelphisVirginiana_134.JPG,3,DIDELPHIS_VIRGINIATA
0_0_DidelphisVirginiana_135.JPG,3,DIDELPHIS_VIRGINIATA
0_0_DidelphisVirginiana_136.JPG,3,DIDELPHIS_VIRGINIATA
0_0_DidelphisVirginiana_137.JPG,3,DIDELPHIS_VIRGINIATA
0_0_DidelphisVirginiana_138.JPG,3,DIDELPHIS_VIRGINIATA
0_0_DidelphisVirginiana_139.JPG,3,DIDELPHIS_VIRGINIATA
0_1_DidelphisVirginiana_139.JPG,3,DIDELPHIS_VIRGINIATA
0_0_DidelphisVirginiana_14.JPG,3,DIDELPHIS_VIRGINIATA
0_1_DidelphisVirginiana_14.JPG,3,DIDELPHIS_VIRGINIATA
0_0_DidelphisVirginiana_140.JPG,3,DIDELPHIS_VIRGINIATA
0_0_DidelphisVirginiana_141.JPG,3,DIDELPHIS_VIRGINIATA
0_0_DidelphisVirginiana_142.JPG,3,DIDELPHIS_VIRGINIATA
0_1_DidelphisVirginiana_142.JPG,3,DIDELPHIS_VIRGINIATA
0_0_DidelphisVirginiana_144.JPG,3,DIDELPHIS_VIRGINIATA
0_0_DidelphisVirginiana_145.JPG,3,DIDELPHIS_VIRGINIATA
0_0_DidelphisVirginiana_146.JPG,3,DIDELPHIS_VIRGINIATA
0_0_DidelphisVirginiana_147.JPG,3,DIDELPHIS_VIRGINIATA
0_0_DidelphisVirginiana_148.JPG,3,DIDELPHIS_VIRGINIATA
0_1_DidelphisVirginiana_148.JPG,3,DIDELPHIS_VIRGINIATA
0_2_DidelphisVirginiana_148.JPG,3,DIDELPHIS_VIRGINIATA
0_0_DidelphisVirginiana_149.JPG,3,DIDELPHIS_VIRGINIATA
0_0_DidelphisVirginiana_15.JPG,3,DIDELPHIS_VIRGINIATA
0_1_DidelphisVirginiana_15.JPG,3,DIDELPHIS_VIRGINIATA
0_0_DidelphisVirginiana_150.JPG,3,DIDELPHIS_VIRGINIATA
0_0_DidelphisVirginiana_16.JPG,3,DIDELPHIS_VIRGINIATA
0_0_DidelphisVirginiana_17.JPG,3,DIDELPHIS_VIRGINIATA
0_1_DidelphisVirginiana_17.JPG,3,DIDELPHIS_VIRGINIATA
0_0_DidelphisVirginiana_18.JPG,3,DIDELPHIS_VIRGINIATA
0_0_DidelphisVirginiana_19.JPG,3,DIDELPHIS_VIRGINIATA
0_0_DidelphisVirginiana_20.JPG,3,DIDELPHIS_VIRGINIATA
0_0_DidelphisVirginiana_21.JPG,3,DIDELPHIS_VIRGINIATA
0_0_DidelphisVirginiana_22.JPG,3,DIDELPHIS_VIRGINIATA
0_0_DidelphisVirginiana_23.JPG,3,DIDELPHIS_VIRGINIATA
0_1_DidelphisVirginiana_23.JPG,3,DIDELPHIS_VIRGINIATA
0_0_DidelphisVirginiana_24.JPG,3,DIDELPHIS_VIRGINIATA
0_1_DidelphisVirginiana_24.JPG,3,DIDELPHIS_VIRGINIATA
0_0_DidelphisVirginiana_25.JPG,3,DIDELPHIS_VIRGINIATA
0_0_DidelphisVirginiana_26.JPG,3,DIDELPHIS_VIRGINIATA
0_0_DidelphisVirginiana_27.JPG,3,DIDELPHIS_VIRGINIATA
0_0_DidelphisVirginiana_28.JPG,3,DIDELPHIS_VIRGINIATA
0_0_DidelphisVirginiana_29.JPG,3,DIDELPHIS_VIRGINIATA
0_0_DidelphisVirginiana_30.JPG,3,DIDELPHIS_VIRGINIATA
0_0_DidelphisVirginiana_31.JPG,3,DIDELPHIS_VIRGINIATA
0_0_DidelphisVirginiana_32.JPG,3,DIDELPHIS_VIRGINIATA
0_0_DidelphisVirginiana_33.JPG,3,DIDELPHIS_VIRGINIATA
0_1_DidelphisVirginiana_33.JPG,3,DIDELPHIS_VIRGINIATA
0_0_DidelphisVirginiana_34.JPG,3,DIDELPHIS_VIRGINIATA
0_0_DidelphisVirginiana_35.JPG,3,DIDELPHIS_VIRGINIATA
0_0_DidelphisVirginiana_36.JPG,3,DIDELPHIS_VIRGINIATA
0_0_DidelphisVirginiana_38.JPG,3,DIDELPHIS_VIRGINIATA
0_0_DidelphisVirginiana_41.JPG,3,DIDELPHIS_VIRGINIATA
0_0_DidelphisVirginiana_42.JPG,3,DIDELPHIS_VIRGINIATA
0_0_DidelphisVirginiana_43.JPG,3,DIDELPHIS_VIRGINIATA
0_0_DidelphisVirginiana_44.JPG,3,DIDELPHIS_VIRGINIATA
0_0_DidelphisVirginiana_45.JPG,3,DIDELPHIS_VIRGINIATA
0_0_DidelphisVirginiana_46.JPG,3,DIDELPHIS_VIRGINIATA
0_1_DidelphisVirginiana_46.JPG,3,DIDELPHIS_VIRGINIATA
0_2_DidelphisVirginiana_46.JPG,3,DIDELPHIS_VIRGINIATA
0_3_DidelphisVirginiana_46.JPG,3,DIDELPHIS_VIRGINIATA
0_0_DidelphisVirginiana_47.JPG,3,DIDELPHIS_VIRGINIATA
0_0_DidelphisVirginiana_48.JPG,3,DIDELPHIS_VIRGINIATA
0_0_DidelphisVirginiana_51.JPG,3,DIDELPHIS_VIRGINIATA
0_0_DidelphisVirginiana_53.JPG,3,DIDELPHIS_VIRGINIATA
0_0_DidelphisVirginiana_54.JPG,3,DIDELPHIS_VIRGINIATA
0_1_DidelphisVirginiana_54.JPG,3,DIDELPHIS_VIRGINIATA
0_2_DidelphisVirginiana_54.JPG,3,DIDELPHIS_VIRGINIATA
0_0_DidelphisVirginiana_55.JPG,3,DIDELPHIS_VIRGINIATA
0_1_DidelphisVirginiana_55.JPG,3,DIDELPHIS_VIRGINIATA
0_0_DidelphisVirginiana_56.JPG,3,DIDELPHIS_VIRGINIATA
0_0_DidelphisVirginiana_57.JPG,3,DIDELPHIS_VIRGINIATA
0_1_DidelphisVirginiana_57.JPG,3,DIDELPHIS_VIRGINIATA
0_0_DidelphisVirginiana_58.JPG,3,DIDELPHIS_VIRGINIATA
0_1_DidelphisVirginiana_58.JPG,3,DIDELPHIS_VIRGINIATA
0_0_DidelphisVirginiana_59.JPG,3,DIDELPHIS_VIRGINIATA
0_0_DidelphisVirginiana_60.JPG,3,DIDELPHIS_VIRGINIATA
0_0_DidelphisVirginiana_61.JPG,3,DIDELPHIS_VIRGINIATA
0_0_DidelphisVirginiana_62.JPG,3,DIDELPHIS_VIRGINIATA
0_0_DidelphisVirginiana_63.JPG,3,DIDELPHIS_VIRGINIATA
0_0_DidelphisVirginiana_64.JPG,3,DIDELPHIS_VIRGINIATA
0_0_DidelphisVirginiana_65.JPG,3,DIDELPHIS_VIRGINIATA
0_0_DidelphisVirginiana_66.JPG,3,DIDELPHIS_VIRGINIATA
0_0_DidelphisVirginiana_67.JPG,3,DIDELPHIS_VIRGINIATA
0_0_DidelphisVirginiana_68.JPG,3,DIDELPHIS_VIRGINIATA
0_0_DidelphisVirginiana_69.JPG,3,DIDELPHIS_VIRGINIATA
0_0_DidelphisVirginiana_70.JPG,3,DIDELPHIS_VIRGINIATA
0_0_DidelphisVirginiana_71.JPG,3,DIDELPHIS_VIRGINIATA
0_0_DidelphisVirginiana_73.JPG,3,DIDELPHIS_VIRGINIATA
0_0_DidelphisVirginiana_74.JPG,3,DIDELPHIS_VIRGINIATA
0_1_DidelphisVirginiana_74.JPG,3,DIDELPHIS_VIRGINIATA
0_0_DidelphisVirginiana_75.JPG,3,DIDELPHIS_VIRGINIATA
0_0_DidelphisVirginiana_77.JPG,3,DIDELPHIS_VIRGINIATA
0_0_DidelphisVirginiana_78.JPG,3,DIDELPHIS_VIRGINIATA
0_1_DidelphisVirginiana_78.JPG,3,DIDELPHIS_VIRGINIATA
0_0_DidelphisVirginiana_79.JPG,3,DIDELPHIS_VIRGINIATA
1_0_DidelphisVirginiana_81.JPG,3,DIDELPHIS_VIRGINIATA
0_1_DidelphisVirginiana_81.JPG,3,DIDELPHIS_VIRGINIATA
0_0_DidelphisVirginiana_83.JPG,3,DIDELPHIS_VIRGINIATA
0_0_DidelphisVirginiana_84.JPG,3,DIDELPHIS_VIRGINIATA
0_0_DidelphisVirginiana_85.JPG,3,DIDELPHIS_VIRGINIATA
1_0_DidelphisVirginiana_87.JPG,3,DIDELPHIS_VIRGINIATA
0_0_DidelphisVirginiana_89.JPG,3,DIDELPHIS_VIRGINIATA
0_0_DidelphisVirginiana_90.JPG,3,DIDELPHIS_VIRGINIATA
0_0_DidelphisVirginiana_91.JPG,3,DIDELPHIS_VIRGINIATA
0_0_DidelphisVirginiana_92.JPG,3,DIDELPHIS_VIRGINIATA
0_0_DidelphisVirginiana_95.JPG,3,DIDELPHIS_VIRGINIATA
0_0_DidelphisVirginiana_97.JPG,3,DIDELPHIS_VIRGINIATA
0_1_DidelphisVirginiana_97.JPG,3,DIDELPHIS_VIRGINIATA
0_0_DidelphisVirginiana_98.JPG,3,DIDELPHIS_VIRGINIATA
0_0_DidelphisVirginiana_99.JPG,3,DIDELPHIS_VIRGINIATA
0_0_I_00001a (2).JPG,9,ODOCOILEUS_VIRGINIANUS
0_0_I_00001a.JPG,9,ODOCOILEUS_VIRGINIANUS
0_0_I_00001b (2).JPG,9,ODOCOILEUS_VIRGINIANUS
0_0_I_00001b.JPG,9,ODOCOILEUS_VIRGINIANUS
0_0_I_00002a.JPG,9,ODOCOILEUS_VIRGINIANUS
0_0_I_00002b.JPG,9,ODOCOILEUS_VIRGINIANUS
0_0_I_00003a (2).JPG,0,AVES
0_0_I_00003a - copia.JPG,0,AVES
0_0_I_00003a.JPG,0,AVES
0_0_I_00003b (2).JPG,0,AVES
0_0_I_00003b - copia.JPG,0,AVES
0_0_I_00003b.JPG,0,AVES
0_0_I_00003c (2).JPG,0,AVES
0_0_I_00003c.JPG,0,AVES
0_0_I_00004a (2).JPG,0,AVES
0_0_I_00004a (3).JPG,0,AVES
0_0_I_00004a (4).JPG,0,AVES
0_0_I_00004a.JPG,0,AVES
0_0_I_00004b (2).JPG,0,AVES
0_0_I_00004b.JPG,0,AVES
0_0_I_00004c.JPG,0,AVES
0_0_I_00005a (2).JPG,0,AVES
0_0_I_00005a (3).JPG,0,AVES
0_0_I_00005a (4).JPG,0,AVES
0_0_I_00005a.JPG,0,AVES
0_0_I_00005b (2).JPG,0,AVES
0_0_I_00005b - copia.JPG,0,AVES
0_0_I_00005b.JPG,0,AVES
0_0_I_00005c.JPG,0,AVES
0_0_I_00006a (2).JPG,0,AVES
0_0_I_00006a (3).JPG,0,AVES
0_1_I_00006a (3).JPG,0,AVES
0_0_I_00006a - copia.JPG,0,AVES
0_1_I_00006a - copia.JPG,0,AVES
0_0_I_00006a.JPG,0,AVES
0_1_I_00006a.JPG,0,AVES
0_2_I_00006a.JPG,0,AVES
0_0_I_00006b.JPG,0,AVES
0_1_I_00006b.JPG,0,AVES
0_2_I_00006b.JPG,0,AVES
0_3_I_00006b.JPG,0,AVES
0_0_I_00006c.JPG,6,LYNX_RUFUS
0_0_I_00007a (2).JPG,0,AVES
0_0_I_00007a (3).JPG,0,AVES
0_0_I_00007a (4).JPG,0,AVES
0_0_I_00007a (5).JPG,0,AVES
0_1_I_00007a (5).JPG,0,AVES
0_0_I_00007a - copia.JPG,0,AVES
0_1_I_00007a - copia.JPG,0,AVES
0_0_I_00007a.JPG,0,AVES
0_1_I_00007a.JPG,0,AVES
0_0_I_00007b (2).JPG,0,AVES
0_0_I_00007b (3).JPG,0,AVES
0_0_I_00007b (4).JPG,0,AVES
0_0_I_00007b - copia.JPG,0,AVES
0_0_I_00007b.JPG,0,AVES
0_1_I_00007b.JPG,0,AVES
0_0_I_00007c (2).JPG,0,AVES
0_0_I_00007c.JPG,0,AVES
0_0_I_00008a (2).JPG,0,AVES
0_0_I_00008a - copia.JPG,0,AVES
0_0_I_00008a.JPG,0,AVES
0_0_I_00008b (2).JPG,0,AVES
0_0_I_00008b - copia.JPG,0,AVES
0_0_I_00008b.JPG,0,AVES
0_0_I_00009a (2).JPG,0,AVES
0_1_I_00009a (2).JPG,0,AVES
0_2_I_00009a (2).JPG,0,AVES
0_3_I_00009a (2).JPG,0,AVES
0_0_I_00009a (3).JPG,0,AVES
0_1_I_00009a (3).JPG,0,AVES
0_2_I_00009a (3).JPG,0,AVES
0_3_I_00009a (3).JPG,0,AVES
0_0_I_00009a (4).JPG,0,AVES
0_1_I_00009a (4).JPG,0,AVES
0_2_I_00009a (4).JPG,0,AVES
0_3_I_00009a (4).JPG,0,AVES
0_0_I_00009a (5).JPG,0,AVES
0_0_I_00009a - copia.JPG,0,AVES
0_0_I_00009a.JPG,0,AVES
0_0_I_00009b (2).JPG,0,AVES
0_1_I_00009b (2).JPG,0,AVES
0_2_I_00009b (2).JPG,0,AVES
0_3_I_00009b (2).JPG,0,AVES
0_0_I_00009b (3).JPG,0,AVES
0_1_I_00009b (3).JPG,0,AVES
0_2_I_00009b (3).JPG,0,AVES
0_3_I_00009b (3).JPG,0,AVES
0_0_I_00009b (4).JPG,0,AVES
0_0_I_00009b.JPG,0,AVES
0_1_I_00009b.JPG,0,AVES
0_0_I_00009c (2).JPG,0,AVES
0_1_I_00009c (2).JPG,0,AVES
0_2_I_00009c (2).JPG,0,AVES
0_0_I_00009c.JPG,0,AVES
0_1_I_00009c.JPG,0,AVES
0_2_I_00009c.JPG,0,AVES
0_0_I_00010a (2).JPG,0,AVES
0_1_I_00010a (2).JPG,0,AVES
0_0_I_00010a (3).JPG,0,AVES
0_1_I_00010a (3).JPG,0,AVES
0_0_I_00010a (4).JPG,0,AVES
0_1_I_00010a (4).JPG,0,AVES
0_2_I_00010a (4).JPG,0,AVES
0_0_I_00010a.JPG,0,AVES
0_0_I_00010b (2).JPG,0,AVES
0_0_I_00010b (3).JPG,0,AVES
0_0_I_00010b.JPG,0,AVES
0_1_I_00010b.JPG,0,AVES
0_0_I_00010c (2).JPG,0,AVES
0_0_I_00010c.JPG,0,AVES
0_0_I_00011a.JPG,0,AVES
0_1_I_00011a.JPG,0,AVES
0_2_I_00011a.JPG,0,AVES
0_3_I_00011a.JPG,0,AVES
0_4_I_00011a.JPG,0,AVES
0_0_I_00011b.JPG,0,AVES
0_1_I_00011b.JPG,0,AVES
0_2_I_00011b.JPG,0,AVES
0_0_I_00011c.JPG,0,AVES
0_0_I_00012a (2).JPG,0,AVES
0_0_I_00012a (3).JPG,0,AVES
0_0_I_00012a.JPG,0,AVES
0_0_I_00012b.JPG,0,AVES
0_0_I_00013a (2).JPG,0,AVES
0_0_I_00013a (3).JPG,0,AVES
0_0_I_00013a.JPG,0,AVES
0_1_I_00013a.JPG,0,AVES
0_0_I_00013b (2).JPG,0,AVES
0_0_I_00013b (3).JPG,0,AVES
0_0_I_00013b.JPG,0,AVES
0_1_I_00013b.JPG,0,AVES
0_0_I_00014a (2).JPG,9,ODOCOILEUS_VIRGINIANUS
0_0_I_00014a.JPG,0,AVES
0_0_I_00015a (2).JPG,0,AVES
0_0_I_00015a (3).JPG,0,AVES
0_0_I_00015a.JPG,0,AVES
0_0_I_00015b (2).JPG,0,AVES
0_0_I_00015b (3).JPG,0,AVES
0_0_I_00015b.JPG,0,AVES
0_1_I_00015b.JPG,0,AVES
0_0_I_00015c (2).JPG,0,AVES
0_0_I_00015c.JPG,0,AVES
0_1_I_00015c.JPG,0,AVES
0_0_I_00016a (2).JPG,0,AVES
0_0_I_00016a.JPG,0,AVES
0_0_I_00016b.JPG,0,AVES
0_0_I_00017a (2).JPG,0,AVES
0_0_I_00017a.JPG,0,AVES
0_0_I_00017b.JPG,0,AVES
0_0_I_00018a (2).JPG,0,AVES
0_0_I_00018a (3).JPG,0,AVES
0_0_I_00018a.JPG,0,AVES
0_0_I_00018b (2).JPG,0,AVES
0_0_I_00018b.JPG,0,AVES
0_0_I_00019a (2).JPG,0,AVES
0_0_I_00019a (3).JPG,0,AVES
0_0_I_00019a.JPG,0,AVES
0_0_I_00019b (2).JPG,0,AVES
0_0_I_00019b.JPG,0,AVES
0_0_I_00019c.JPG,0,AVES
0_0_I_00020a (2).JPG,0,AVES
0_0_I_00020a (3).JPG,0,AVES
0_0_I_00020a.JPG,0,AVES
0_0_I_00020b.JPG,0,AVES
0_0_I_00021a (2).JPG,0,AVES
0_0_I_00021a.JPG,0,AVES
0_0_I_00021b.JPG,0,AVES
0_1_I_00021b.JPG,0,AVES
0_0_I_00022a (2).JPG,9,ODOCOILEUS_VIRGINIANUS
0_0_I_00022a (3).JPG,9,ODOCOILEUS_VIRGINIANUS
0_0_I_00022a.JPG,0,AVES
0_0_I_00023a.JPG,0,AVES
0_0_I_00023b (2).JPG,0,AVES
0_0_I_00023c.JPG,0,AVES
0_0_I_00024a (2).JPG,0,AVES
0_0_I_00024a (3).JPG,0,AVES
0_0_I_00024a (4).JPG,9,ODOCOILEUS_VIRGINIANUS
0_0_I_00024a.JPG,0,AVES
0_0_I_00024b (2).JPG,0,AVES
0_0_I_00024b (3).JPG,0,AVES
0_0_I_00024b (4).JPG,0,AVES
0_1_I_00024b (4).JPG,0,AVES
0_0_I_00024b.JPG,0,AVES
0_0_I_00024c (2).JPG,0,AVES
0_1_I_00024c (2).JPG,0,AVES
0_0_I_00024c.JPG,0,AVES
0_0_I_00025a (2).JPG,0,AVES
0_0_I_00025a.JPG,0,AVES
0_0_I_00025b.JPG,0,AVES
0_0_I_00026a (2).JPG,0,AVES
0_0_I_00026a.JPG,0,AVES
0_1_I_00026a.JPG,0,AVES
0_0_I_00026b (2).JPG,0,AVES
0_0_I_00026b.JPG,0,AVES
0_1_I_00026b.JPG,0,AVES
0_0_I_00026c (2).JPG,0,AVES
0_0_I_00026c.JPG,0,AVES
0_1_I_00026c.JPG,0,AVES
0_0_I_00027a (2).JPG,9,ODOCOILEUS_VIRGINIANUS
0_0_I_00027a.JPG,0,AVES
0_0_I_00027b (2).JPG,9,ODOCOILEUS_VIRGINIANUS
0_0_I_00027b.JPG,0,AVES
0_0_I_00027c.JPG,0,AVES
0_0_I_00028a (2).JPG,9,ODOCOILEUS_VIRGINIANUS
0_0_I_00028a.JPG,0,AVES
0_0_I_00028b (2).JPG,9,ODOCOILEUS_VIRGINIANUS
0_0_I_00028b.JPG,0,AVES
0_0_I_00028c.JPG,0,AVES
0_0_I_00029b.JPG,0,AVES
0_0_I_00030a.JPG,0,AVES
0_0_I_00030b.JPG,0,AVES
0_0_I_00031a.JPG,9,ODOCOILEUS_VIRGINIANUS
0_0_I_00032a.JPG,9,ODOCOILEUS_VIRGINIANUS
0_0_I_00032b.JPG,9,ODOCOILEUS_VIRGINIANUS
0_0_I_00033a.JPG,9,ODOCOILEUS_VIRGINIANUS
0_0_I_00033b.JPG,9,ODOCOILEUS_VIRGINIANUS
0_0_I_00034a.JPG,0,AVES
0_0_I_00034b.JPG,9,ODOCOILEUS_VIRGINIANUS
0_0_I_00034c.JPG,14,SYLVILAGUS_SP
0_1_I_00034c.JPG,14,SYLVILAGUS_SP
0_0_I_00035a.JPG,0,AVES
0_1_I_00035a.JPG,0,AVES
0_0_I_00035b.JPG,0,AVES
0_0_I_00035c.JPG,0,AVES
0_1_I_00035c.JPG,0,AVES
0_2_I_00035c.JPG,0,AVES
0_0_I_00036a (2).JPG,0,AVES
0_1_I_00036a (2).JPG,0,AVES
0_0_I_00036a.JPG,0,AVES
0_0_I_00036b (2).JPG,0,AVES
0_0_I_00036b (3).JPG,0,AVES
0_0_I_00036b.JPG,0,AVES
0_1_I_00036b.JPG,0,AVES
0_0_I_00036c.JPG,0,AVES
0_0_I_00037a (2).JPG,0,AVES
0_0_I_00037a.JPG,0,AVES
0_1_I_00037a.JPG,0,AVES
0_0_I_00037b.JPG,0,AVES
0_1_I_00037b.JPG,0,AVES
0_0_I_00038a (2).JPG,0,AVES
0_0_I_00038a.JPG,0,AVES
0_1_I_00038a.JPG,0,AVES
0_0_I_00038b.JPG,0,AVES
0_1_I_00038b.JPG,0,AVES
0_0_I_00038c.JPG,14,SYLVILAGUS_SP
0_0_I_00039a (2).JPG,0,AVES
0_0_I_00039a.JPG,0,AVES
0_1_I_00039a.JPG,0,AVES
0_0_I_00039b.JPG,0,AVES
0_1_I_00039b.JPG,0,AVES
0_0_I_00040a (2).JPG,9,ODOCOILEUS_VIRGINIANUS
0_0_I_00040a.JPG,0,AVES
0_1_I_00040a.JPG,0,AVES
0_0_I_00040b (2).JPG,9,ODOCOILEUS_VIRGINIANUS
0_0_I_00040b.JPG,0,AVES
0_0_I_00040c.JPG,9,ODOCOILEUS_VIRGINIANUS
0_0_I_00041a.JPG,9,ODOCOILEUS_VIRGINIANUS
0_0_I_00041b.JPG,9,ODOCOILEUS_VIRGINIANUS
0_0_I_00041c.JPG,9,ODOCOILEUS_VIRGINIANUS
0_0_I_00042a.JPG,0,AVES
0_1_I_00042a.JPG,0,AVES
0_0_I_00042b.JPG,4,GANADO
0_1_I_00042b.JPG,4,GANADO
0_0_I_00042c.JPG,14,SYLVILAGUS_SP
0_0_I_00043a.JPG,0,AVES
0_0_I_00043b.JPG,0,AVES
0_0_I_00043c.JPG,14,SYLVILAGUS_SP
0_0_I_00044b.JPG,0,AVES
0_0_I_00045a.JPG,7,MEPITIS_MACROURA
0_1_I_00045a.JPG,7,MEPITIS_MACROURA
0_0_I_00045c.JPG,14,SYLVILAGUS_SP
0_0_I_00046a.JPG,9,ODOCOILEUS_VIRGINIANUS
0_0_I_00048a.JPG,4,GANADO
0_0_I_00048b.JPG,4,GANADO
0_0_I_00049a.JPG,4,GANADO
0_0_I_00049b.JPG,4,GANADO
0_0_I_00050a (2).JPG,9,ODOCOILEUS_VIRGINIANUS
0_0_I_00050a.JPG,4,GANADO
0_0_I_00050b.JPG,4,GANADO
0_0_I_00050c.JPG,9,ODOCOILEUS_VIRGINIANUS
1_0_I_00051a (2).JPG,9,ODOCOILEUS_VIRGINIANUS
0_0_I_00051a.JPG,0,AVES
1_0_I_00051b (2).JPG,9,ODOCOILEUS_VIRGINIANUS
1_1_I_00051b (2).JPG,9,ODOCOILEUS_VIRGINIANUS
0_0_I_00051b.JPG,4,GANADO
0_0_I_00052a (2).JPG,9,ODOCOILEUS_VIRGINIANUS
0_0_I_00052a.JPG,4,GANADO
0_0_I_00052b - copia.JPG,9,ODOCOILEUS_VIRGINIANUS
0_0_I_00052b.JPG,4,GANADO
0_0_I_00052c - copia.JPG,9,ODOCOILEUS_VIRGINIANUS
0_0_I_00052c.JPG,9,ODOCOILEUS_VIRGINIANUS
0_0_I_00053a (2).JPG,9,ODOCOILEUS_VIRGINIANUS
0_0_I_00053a.JPG,4,GANADO
0_0_I_00053b (2).JPG,9,ODOCOILEUS_VIRGINIANUS
0_0_I_00053b.JPG,9,ODOCOILEUS_VIRGINIANUS
0_1_I_00053b.JPG,9,ODOCOILEUS_VIRGINIANUS
0_0_I_00053c.JPG,9,ODOCOILEUS_VIRGINIANUS
0_1_I_00053c.JPG,9,ODOCOILEUS_VIRGINIANUS
0_0_I_00054a (2).JPG,9,ODOCOILEUS_VIRGINIANUS
0_0_I_00054a.JPG,0,AVES
0_0_I_00054b (2).JPG,9,ODOCOILEUS_VIRGINIANUS
0_0_I_00054b.JPG,0,AVES
0_0_I_00054c.JPG,9,ODOCOILEUS_VIRGINIANUS
0_1_I_00054c.JPG,9,ODOCOILEUS_VIRGINIANUS
0_0_I_00055a (2).JPG,0,AVES
0_1_I_00055a (2).JPG,0,AVES
0_0_I_00055a.JPG,0,AVES
0_0_I_00055b (2).JPG,0,AVES
0_1_I_00055b (2).JPG,0,AVES
0_0_I_00055b.JPG,0,AVES
0_0_I_00055c.JPG,0,AVES
0_1_I_00055c.JPG,0,AVES
0_0_I_00056a (2).JPG,0,AVES
0_0_I_00056a (3).JPG,0,AVES
0_1_I_00056a (3).JPG,0,AVES
0_0_I_00056a.JPG,0,AVES
0_0_I_00056b (2).JPG,0,AVES
0_0_I_00056b (3).JPG,0,AVES
0_0_I_00056b.JPG,0,AVES
0_0_I_00056c.JPG,0,AVES
0_0_I_00057a (2).JPG,9,ODOCOILEUS_VIRGINIANUS
0_0_I_00057a.JPG,0,AVES
0_0_I_00057b (2).JPG,9,ODOCOILEUS_VIRGINIANUS
0_0_I_00057b.JPG,9,ODOCOILEUS_VIRGINIANUS
0_0_I_00057c.JPG,9,ODOCOILEUS_VIRGINIANUS
0_0_I_00058a (2).JPG,9,ODOCOILEUS_VIRGINIANUS
0_0_I_00058a.JPG,9,ODOCOILEUS_VIRGINIANUS
0_0_I_00059a (2).JPG,0,AVES
0_0_I_00059a.JPG,0,AVES
0_0_I_00059b (2).JPG,9,ODOCOILEUS_VIRGINIANUS
0_0_I_00059b.JPG,0,AVES
0_0_I_00059c (2).JPG,0,AVES
0_0_I_00059c.JPG,0,AVES
0_1_I_00059c.JPG,0,AVES
0_0_I_00060a.JPG,0,AVES
0_0_I_00060b.JPG,0,AVES
0_0_I_00060c.JPG,0,AVES
0_0_I_00062a.JPG,0,AVES
0_0_I_00062b.JPG,0,AVES
0_0_I_00062c.JPG,0,AVES
0_0_I_00063a (2).JPG,9,ODOCOILEUS_VIRGINIANUS
0_0_I_00063a.JPG,9,ODOCOILEUS_VIRGINIANUS
0_0_I_00063b.JPG,9,ODOCOILEUS_VIRGINIANUS
0_0_I_00063c.JPG,9,ODOCOILEUS_VIRGINIANUS
0_0_I_00064a (2).JPG,9,ODOCOILEUS_VIRGINIANUS
0_0_I_00064a.JPG,9,ODOCOILEUS_VIRGINIANUS
0_0_I_00064b.JPG,9,ODOCOILEUS_VIRGINIANUS
0_0_I_00064c.JPG,9,ODOCOILEUS_VIRGINIANUS
0_0_I_00065a (2).JPG,9,ODOCOILEUS_VIRGINIANUS
0_1_I_00065a (2).JPG,9,ODOCOILEUS_VIRGINIANUS
0_0_I_00065a.JPG,9,ODOCOILEUS_VIRGINIANUS
0_1_I_00065a.JPG,9,ODOCOILEUS_VIRGINIANUS
0_0_I_00065b (2).JPG,9,ODOCOILEUS_VIRGINIANUS
0_1_I_00065b (2).JPG,9,ODOCOILEUS_VIRGINIANUS
0_2_I_00065b (2).JPG,9,ODOCOILEUS_VIRGINIANUS
0_3_I_00065b (2).JPG,9,ODOCOILEUS_VIRGINIANUS
0_0_I_00065b.JPG,9,ODOCOILEUS_VIRGINIANUS
0_1_I_00065b.JPG,9,ODOCOILEUS_VIRGINIANUS
0_0_I_00065c.JPG,9,ODOCOILEUS_VIRGINIANUS
0_1_I_00065c.JPG,9,ODOCOILEUS_VIRGINIANUS
0_0_I_00066a (2).JPG,9,ODOCOILEUS_VIRGINIANUS
0_0_I_00066a.JPG,9,ODOCOILEUS_VIRGINIANUS
0_0_I_00066b (2).JPG,9,ODOCOILEUS_VIRGINIANUS
0_0_I_00066b.JPG,9,ODOCOILEUS_VIRGINIANUS
0_0_I_00066c.JPG,9,ODOCOILEUS_VIRGINIANUS
0_0_I_00067a (2).JPG,9,ODOCOILEUS_VIRGINIANUS
0_0_I_00067a.JPG,9,ODOCOILEUS_VIRGINIANUS
0_0_I_00067b (2).JPG,9,ODOCOILEUS_VIRGINIANUS
0_0_I_00067b.JPG,9,ODOCOILEUS_VIRGINIANUS
0_0_I_00068a.JPG,9,ODOCOILEUS_VIRGINIANUS
0_0_I_00068b.JPG,9,ODOCOILEUS_VIRGINIANUS
0_0_I_00070a.JPG,9,ODOCOILEUS_VIRGINIANUS
0_0_I_00070b.JPG,9,ODOCOILEUS_VIRGINIANUS
0_0_I_00071a (2).JPG,9,ODOCOILEUS_VIRGINIANUS
0_0_I_00071a.JPG,9,ODOCOILEUS_VIRGINIANUS
0_0_I_00071b (3).JPG,9,ODOCOILEUS_VIRGINIANUS
0_0_I_00071c.JPG,9,ODOCOILEUS_VIRGINIANUS
0_0_I_00072a (2).JPG,0,AVES
0_0_I_00072a.JPG,0,AVES
0_0_I_00072b (2).JPG,9,ODOCOILEUS_VIRGINIANUS
0_0_I_00072b.JPG,0,AVES
0_0_I_00072c.JPG,0,AVES
0_0_I_00073a (2).JPG,0,AVES
0_0_I_00073a.JPG,0,AVES
0_0_I_00073b (2).JPG,0,AVES
0_0_I_00073b.JPG,0,AVES
0_0_I_00073c.JPG,0,AVES
1_0_I_00074a (2).JPG,9,ODOCOILEUS_VIRGINIANUS
0_0_I_00074a (3).JPG,9,ODOCOILEUS_VIRGINIANUS
0_0_I_00074a.JPG,0,AVES
0_0_I_00074b.JPG,0,AVES
0_0_I_00074c.JPG,9,ODOCOILEUS_VIRGINIANUS
0_1_I_00074c.JPG,9,ODOCOILEUS_VIRGINIANUS
0_0_I_00075a.JPG,9,ODOCOILEUS_VIRGINIANUS
0_1_I_00075a.JPG,9,ODOCOILEUS_VIRGINIANUS
1_0_I_00075b.JPG,9,ODOCOILEUS_VIRGINIANUS
1_0_I_00076a.JPG,9,ODOCOILEUS_VIRGINIANUS
1_0_I_00076b.JPG,9,ODOCOILEUS_VIRGINIANUS
1_1_I_00076b.JPG,9,ODOCOILEUS_VIRGINIANUS
1_0_I_00077a.JPG,9,ODOCOILEUS_VIRGINIANUS
1_0_I_00077b (2).JPG,9,ODOCOILEUS_VIRGINIANUS
0_0_I_00077b.JPG,9,ODOCOILEUS_VIRGINIANUS
0_1_I_00077b.JPG,9,ODOCOILEUS_VIRGINIANUS
0_0_I_00078a (2).JPG,9,ODOCOILEUS_VIRGINIANUS
1_0_I_00078a.JPG,9,ODOCOILEUS_VIRGINIANUS
0_0_I_00078b (2).JPG,9,ODOCOILEUS_VIRGINIANUS
0_0_I_00079a (2).JPG,0,AVES
0_0_I_00079a.JPG,0,AVES
0_1_I_00079a.JPG,0,AVES
0_2_I_00079a.JPG,0,AVES
0_0_I_00079b (2).JPG,0,AVES
0_0_I_00079b.JPG,0,AVES
0_1_I_00079b.JPG,0,AVES
0_2_I_00079b.JPG,0,AVES
0_0_I_00079c.JPG,0,AVES
0_1_I_00079c.JPG,0,AVES
0_2_I_00079c.JPG,0,AVES
0_0_I_00080a.JPG,0,AVES
0_1_I_00080a.JPG,0,AVES
0_2_I_00080a.JPG,0,AVES
0_3_I_00080a.JPG,0,AVES
0_4_I_00080a.JPG,0,AVES
0_5_I_00080a.JPG,0,AVES
0_6_I_00080a.JPG,0,AVES
0_0_I_00080b.JPG,0,AVES
0_1_I_00080b.JPG,0,AVES
0_2_I_00080b.JPG,0,AVES
0_3_I_00080b.JPG,0,AVES
0_4_I_00080b.JPG,0,AVES
0_5_I_00080b.JPG,0,AVES
0_0_I_00080c.JPG,0,AVES
0_1_I_00080c.JPG,0,AVES
0_2_I_00080c.JPG,0,AVES
0_3_I_00080c.JPG,0,AVES
0_4_I_00080c.JPG,0,AVES
0_5_I_00080c.JPG,0,AVES
0_0_I_00081a.JPG,0,AVES
0_1_I_00081a.JPG,0,AVES
0_2_I_00081a.JPG,0,AVES
0_3_I_00081a.JPG,0,AVES
0_4_I_00081a.JPG,0,AVES
0_0_I_00081b.JPG,0,AVES
0_1_I_00081b.JPG,0,AVES
0_0_I_00081c.JPG,0,AVES
0_1_I_00081c.JPG,0,AVES
0_0_I_00082a.JPG,0,AVES
0_1_I_00082a.JPG,0,AVES
0_0_I_00082b.JPG,0,AVES
0_1_I_00082b.JPG,0,AVES
0_2_I_00082b.JPG,0,AVES
0_0_I_00082c.JPG,0,AVES
0_0_I_00083a.JPG,0,AVES
0_0_I_00083b.JPG,9,ODOCOILEUS_VIRGINIANUS
0_0_I_00084a (2).JPG,9,ODOCOILEUS_VIRGINIANUS
0_0_I_00084a.JPG,9,ODOCOILEUS_VIRGINIANUS
0_1_I_00084a.JPG,9,ODOCOILEUS_VIRGINIANUS
0_0_I_00084b.JPG,9,ODOCOILEUS_VIRGINIANUS
0_1_I_00084b.JPG,9,ODOCOILEUS_VIRGINIANUS
0_0_I_00085a (2).JPG,9,ODOCOILEUS_VIRGINIANUS
0_0_I_00085a.JPG,9,ODOCOILEUS_VIRGINIANUS
0_0_I_00085b (2).JPG,9,ODOCOILEUS_VIRGINIANUS
1_0_I_00086a (2).JPG,9,ODOCOILEUS_VIRGINIANUS
0_0_I_00086a.JPG,9,ODOCOILEUS_VIRGINIANUS
0_0_I_00086b.JPG,9,ODOCOILEUS_VIRGINIANUS
0_0_I_00086c.JPG,9,ODOCOILEUS_VIRGINIANUS
0_0_I_00087a.JPG,9,ODOCOILEUS_VIRGINIANUS
0_0_I_00087c.JPG,9,ODOCOILEUS_VIRGINIANUS
0_0_I_00088a.JPG,9,ODOCOILEUS_VIRGINIANUS
0_0_I_00088c.JPG,9,ODOCOILEUS_VIRGINIANUS
0_1_I_00088c.JPG,9,ODOCOILEUS_VIRGINIANUS
0_0_I_00089a.JPG,0,AVES
0_0_I_00089b.JPG,0,AVES
0_0_I_00089c.JPG,0,AVES
0_0_I_00090a.JPG,0,AVES
0_0_I_00090b.JPG,0,AVES
0_0_I_00090c.JPG,0,AVES
0_1_I_00090c.JPG,0,AVES
0_0_I_00091a.JPG,0,AVES
0_0_I_00092a.JPG,9,ODOCOILEUS_VIRGINIANUS
0_0_I_00092b.JPG,9,ODOCOILEUS_VIRGINIANUS
0_1_I_00092b.JPG,9,ODOCOILEUS_VIRGINIANUS
0_0_I_00092c.JPG,9,ODOCOILEUS_VIRGINIANUS
0_1_I_00092c.JPG,9,ODOCOILEUS_VIRGINIANUS
0_0_I_00093a.JPG,9,ODOCOILEUS_VIRGINIANUS
0_0_I_00093b.JPG,9,ODOCOILEUS_VIRGINIANUS
0_1_I_00093b.JPG,9,ODOCOILEUS_VIRGINIANUS
0_0_I_00093c.JPG,0,AVES
0_0_I_00094a (2).JPG,0,AVES
0_0_I_00094a.JPG,0,AVES
0_1_I_00094a.JPG,0,AVES
0_0_I_00094b (2).JPG,0,AVES
0_1_I_00094b (2).JPG,0,AVES
0_0_I_00094b.JPG,0,AVES
0_1_I_00094b.JPG,0,AVES
0_0_I_00094c.JPG,0,AVES
0_1_I_00094c.JPG,0,AVES
0_0_I_00095a.JPG,0,AVES
0_1_I_00095a.JPG,0,AVES
0_0_I_00096a.JPG,0,AVES
0_0_I_00096b.JPG,0,AVES
0_0_I_00096c.JPG,0,AVES
0_0_I_00097a.JPG,0,AVES
0_0_I_00097b.JPG,0,AVES
0_0_I_00098a.JPG,0,AVES
0_1_I_00098a.JPG,0,AVES
0_0_I_00115b.JPG,0,AVES
0_1_I_00115b.JPG,0,AVES
0_0_I_00115c.JPG,0,AVES
0_0_I_00118a.JPG,0,AVES
0_1_I_00118a.JPG,0,AVES
0_0_I_00118b.JPG,0,AVES
0_0_I_00119a.JPG,9,ODOCOILEUS_VIRGINIANUS
0_0_I_00119b.JPG,0,AVES
0_1_I_00119b.JPG,0,AVES
0_0_I_00120a.JPG,0,AVES
0_1_I_00120a.JPG,0,AVES
0_0_I_00120b.JPG,0,AVES
0_1_I_00120b.JPG,0,AVES
0_0_I_00123b.JPG,0,AVES
0_0_I_00124a.JPG,0,AVES
0_1_I_00124a.JPG,0,AVES
0_0_I_00124b (2).JPG,0,AVES
0_0_I_00124b.JPG,0,AVES
0_1_I_00124b.JPG,0,AVES
0_2_I_00124b.JPG,0,AVES
0_0_I_00124c.JPG,0,AVES
0_1_I_00124c.JPG,0,AVES
0_2_I_00124c.JPG,0,AVES
0_0_I_00131a.JPG,0,AVES
0_1_I_00131a.JPG,0,AVES
0_2_I_00131a.JPG,0,AVES
0_0_I_00131b.JPG,0,AVES
0_1_I_00131b.JPG,0,AVES
0_0_I_00131c.JPG,0,AVES
0_1_I_00131c.JPG,0,AVES
0_2_I_00131c.JPG,0,AVES
0_0_I_00132a - copia.JPG,3,DIDELPHIS_VIRGINIATA
0_0_I_00132a.JPG,3,DIDELPHIS_VIRGINIATA
0_0_I_00132b.JPG,3,DIDELPHIS_VIRGINIATA
0_0_I_00133a.JPG,3,DIDELPHIS_VIRGINIATA
0_0_I_00135a.JPG,3,DIDELPHIS_VIRGINIATA
0_0_I_00136a.JPG,3,DIDELPHIS_VIRGINIATA
0_0_I_00137a.JPG,9,ODOCOILEUS_VIRGINIANUS
0_1_I_00137a.JPG,9,ODOCOILEUS_VIRGINIANUS
0_0_I_00137b.JPG,9,ODOCOILEUS_VIRGINIANUS
0_1_I_00137b.JPG,9,ODOCOILEUS_VIRGINIANUS
0_0_I_00137c.JPG,9,ODOCOILEUS_VIRGINIANUS
0_1_I_00137c.JPG,9,ODOCOILEUS_VIRGINIANUS
0_0_I_00138a.JPG,14,SYLVILAGUS_SP
0_0_I_00138b.JPG,14,SYLVILAGUS_SP
0_0_I_00139a.JPG,0,AVES
0_0_I_00139b.JPG,0,AVES
0_0_I_00139c.JPG,0,AVES
0_0_I_00140a.JPG,0,AVES
0_0_I_00140b.JPG,0,AVES
0_0_I_00140c.JPG,0,AVES
0_0_I_00141a.JPG,9,ODOCOILEUS_VIRGINIANUS
0_0_I_00141b.JPG,9,ODOCOILEUS_VIRGINIANUS
0_0_I_00141c.JPG,9,ODOCOILEUS_VIRGINIANUS
0_1_I_00141c.JPG,9,ODOCOILEUS_VIRGINIANUS
0_0_I_00142b.JPG,9,ODOCOILEUS_VIRGINIANUS
0_0_I_00143a.JPG,9,ODOCOILEUS_VIRGINIANUS
0_1_I_00143a.JPG,9,ODOCOILEUS_VIRGINIANUS
0_0_I_00143b.JPG,9,ODOCOILEUS_VIRGINIANUS
0_1_I_00143b.JPG,9,ODOCOILEUS_VIRGINIANUS
0_0_I_00144a.JPG,9,ODOCOILEUS_VIRGINIANUS
0_1_I_00144a.JPG,9,ODOCOILEUS_VIRGINIANUS
0_0_I_00146a.JPG,0,AVES
0_0_I_00146b.JPG,0,AVES
0_0_I_00146c.JPG,0,AVES
0_1_I_00146c.JPG,0,AVES
0_0_I_00147a.JPG,9,ODOCOILEUS_VIRGINIANUS
0_0_I_00147b.JPG,9,ODOCOILEUS_VIRGINIANUS
0_0_I_00150c.JPG,9,ODOCOILEUS_VIRGINIANUS
0_0_I_00151a.JPG,9,ODOCOILEUS_VIRGINIANUS
0_0_I_00151b.JPG,9,ODOCOILEUS_VIRGINIANUS
0_0_I_00151c.JPG,9,ODOCOILEUS_VIRGINIANUS
0_0_I_00152a.JPG,0,AVES
0_0_I_00153a.JPG,9,ODOCOILEUS_VIRGINIANUS
0_0_I_00153b.JPG,9,ODOCOILEUS_VIRGINIANUS
0_1_I_00153b.JPG,9,ODOCOILEUS_VIRGINIANUS
0_0_I_00153c.JPG,9,ODOCOILEUS_VIRGINIANUS
0_1_I_00153c.JPG,9,ODOCOILEUS_VIRGINIANUS
0_0_I_00156a.JPG,9,ODOCOILEUS_VIRGINIANUS
0_0_I_00156b.JPG,9,ODOCOILEUS_VIRGINIANUS
0_0_I_00156c.JPG,9,ODOCOILEUS_VIRGINIANUS
0_0_I_00157a.JPG,9,ODOCOILEUS_VIRGINIANUS
0_1_I_00157a.JPG,9,ODOCOILEUS_VIRGINIANUS
0_0_I_00157b.JPG,9,ODOCOILEUS_VIRGINIANUS
0_1_I_00157b.JPG,9,ODOCOILEUS_VIRGINIANUS
0_0_I_00157c.JPG,9,ODOCOILEUS_VIRGINIANUS
0_1_I_00157c.JPG,9,ODOCOILEUS_VIRGINIANUS
0_0_I_00158a.JPG,9,ODOCOILEUS_VIRGINIANUS
0_0_I_00161a.JPG,9,ODOCOILEUS_VIRGINIANUS
0_1_I_00161a.JPG,9,ODOCOILEUS_VIRGINIANUS
0_0_I_00163a (2).JPG,9,ODOCOILEUS_VIRGINIANUS
0_0_I_00163a.JPG,9,ODOCOILEUS_VIRGINIANUS
0_0_I_00163b.JPG,9,ODOCOILEUS_VIRGINIANUS
0_0_I_00164a.JPG,9,ODOCOILEUS_VIRGINIANUS
0_1_I_00164a.JPG,9,ODOCOILEUS_VIRGINIANUS
0_0_I_00164b.JPG,9,ODOCOILEUS_VIRGINIANUS
0_1_I_00164b.JPG,9,ODOCOILEUS_VIRGINIANUS
0_0_I_00164c.JPG,9,ODOCOILEUS_VIRGINIANUS
0_1_I_00164c.JPG,9,ODOCOILEUS_VIRGINIANUS
0_0_I_00166a.JPG,9,ODOCOILEUS_VIRGINIANUS
0_0_I_00167a.JPG,9,ODOCOILEUS_VIRGINIANUS
0_0_I_00167b.JPG,9,ODOCOILEUS_VIRGINIANUS
0_0_I_00167c.JPG,9,ODOCOILEUS_VIRGINIANUS
0_0_I_00229a.JPG,9,ODOCOILEUS_VIRGINIANUS
0_0_I_00229b.JPG,9,ODOCOILEUS_VIRGINIANUS
0_0_I_00240a.JPG,9,ODOCOILEUS_VIRGINIANUS
0_0_I_00264b.JPG,9,ODOCOILEUS_VIRGINIANUS
0_1_I_00264b.JPG,9,ODOCOILEUS_VIRGINIANUS
0_0_I__00010.JPG,14,SYLVILAGUS_SP
0_0_I__00043.JPG,0,AVES
0_0_I__00044.JPG,0,AVES
0_0_I__00045.JPG,0,AVES
0_0_I__00057.JPG,9,ODOCOILEUS_VIRGINIANUS
0_0_I__00058.JPG,9,ODOCOILEUS_VIRGINIANUS
0_0_I__00064.JPG,9,ODOCOILEUS_VIRGINIANUS
0_0_I__00065.JPG,9,ODOCOILEUS_VIRGINIANUS
0_0_I__00144.JPG,12,SCIURUS_OCOLATUS
0_0_I__00145.JPG,12,SCIURUS_OCOLATUS
0_0_I__00154.JPG,12,SCIURUS_OCOLATUS
0_0_I__001544.JPG,12,SCIURUS_OCOLATUS
0_0_I__00160.JPG,12,SCIURUS_OCOLATUS
0_0_LYNX_RUFUS_video_IMG_0007 (2)_image001.jpg,6,LYNX_RUFUS
0_0_LYNX_RUFUS_video_IMG_0007 (2)_image002.jpg,6,LYNX_RUFUS
0_0_LYNX_RUFUS_video_IMG_0007 (2)_image003.jpg,6,LYNX_RUFUS
0_0_LYNX_RUFUS_video_IMG_0007 (2)_image004.jpg,6,LYNX_RUFUS
0_0_LYNX_RUFUS_video_IMG_0007 (2)_image005.jpg,6,LYNX_RUFUS
0_1_LYNX_RUFUS_video_IMG_0007 (2)_image005.jpg,6,LYNX_RUFUS
0_0_LYNX_RUFUS_video_IMG_0007_image001.jpg,6,LYNX_RUFUS
0_0_LYNX_RUFUS_video_IMG_0007_image002.jpg,6,LYNX_RUFUS
0_0_LYNX_RUFUS_video_IMG_0007_image003.jpg,6,LYNX_RUFUS
0_0_LYNX_RUFUS_video_IMG_0007_image004.jpg,6,LYNX_RUFUS
0_0_LYNX_RUFUS_video_IMG_0007_image005.jpg,6,LYNX_RUFUS
0_0_LYNX_RUFUS_video_IMG_0009_image001.jpg,6,LYNX_RUFUS
0_0_LYNX_RUFUS_video_IMG_0009_image002.jpg,6,LYNX_RUFUS
0_0_LYNX_RUFUS_video_IMG_0009_image003.jpg,6,LYNX_RUFUS
0_0_LYNX_RUFUS_video_IMG_0009_image004.jpg,6,LYNX_RUFUS
0_0_LYNX_RUFUS_video_IMG_0009_image005.jpg,6,LYNX_RUFUS
0_0_LYNX_RUFUS_video_IMG_0009_image006.jpg,6,LYNX_RUFUS
0_0_LYNX_RUFUS_video_IMG_0009_image007.jpg,6,LYNX_RUFUS
0_0_LYNX_RUFUS_video_IMG_0027_image001.jpg,6,LYNX_RUFUS
0_0_LYNX_RUFUS_video_IMG_0027_image002.jpg,6,LYNX_RUFUS
0_1_LYNX_RUFUS_video_IMG_0027_image002.jpg,6,LYNX_RUFUS
0_0_LYNX_RUFUS_video_IMG_0032_image001.jpg,6,LYNX_RUFUS
0_0_LYNX_RUFUS_video_IMG_0032_image002.jpg,6,LYNX_RUFUS
0_0_LYNX_RUFUS_video_IMG_0032_image003.jpg,6,LYNX_RUFUS
0_0_LYNX_RUFUS_video_IMG_0032_image004.jpg,6,LYNX_RUFUS
0_0_LYNX_RUFUS_video_IMG_0032_image005.jpg,6,LYNX_RUFUS
0_0_LYNX_RUFUS_video_IMG_0032_image006.jpg,6,LYNX_RUFUS
0_0_LYNX_RUFUS_video_IMG_0032_image007.jpg,6,LYNX_RUFUS
0_0_LYNX_RUFUS_video_IMG_0032_image008.jpg,6,LYNX_RUFUS
0_0_LYNX_RUFUS_video_IMG_0032_image009.jpg,6,LYNX_RUFUS
0_0_LYNX_RUFUS_video_IMG_0034_image001.jpg,6,LYNX_RUFUS
0_0_LYNX_RUFUS_video_IMG_0034_image002.jpg,6,LYNX_RUFUS
0_0_LYNX_RUFUS_video_IMG_0034_image003.jpg,6,LYNX_RUFUS
0_0_LYNX_RUFUS_video_IMG_0034_image004.jpg,6,LYNX_RUFUS
0_0_LYNX_RUFUS_video_IMG_0034_image005.jpg,6,LYNX_RUFUS
0_0_LYNX_RUFUS_video_IMG_0034_image006.jpg,6,LYNX_RUFUS
0_1_LYNX_RUFUS_video_IMG_0034_image006.jpg,6,LYNX_RUFUS
0_0_LYNX_RUFUS_video_IMG_0034_image007.jpg,6,LYNX_RUFUS
0_0_LYNX_RUFUS_video_IMG_0034_image008.jpg,6,LYNX_RUFUS
0_0_LYNX_RUFUS_video_IMG_0034_image009.jpg,6,LYNX_RUFUS
0_0_LYNX_RUFUS_video_IMG_0048_image001.jpg,6,LYNX_RUFUS
0_0_LYNX_RUFUS_video_IMG_0048_image002.jpg,6,LYNX_RUFUS
0_0_LYNX_RUFUS_video_IMG_0048_image003.jpg,6,LYNX_RUFUS
0_0_LYNX_RUFUS_video_IMG_0048_image004.jpg,6,LYNX_RUFUS
0_0_LYNX_RUFUS_video_IMG_0048_image005.jpg,6,LYNX_RUFUS
0_0_LYNX_RUFUS_video_IMG_0048_image006.jpg,6,LYNX_RUFUS
0_0_LYNX_RUFUS_video_IMG_0049 (2)_image001.jpg,6,LYNX_RUFUS
0_1_LYNX_RUFUS_video_IMG_0049 (2)_image001.jpg,6,LYNX_RUFUS
0_0_LYNX_RUFUS_video_IMG_0049 (2)_image002.jpg,6,LYNX_RUFUS
0_0_LYNX_RUFUS_video_IMG_0049 (2)_image003.jpg,6,LYNX_RUFUS
0_0_LYNX_RUFUS_video_IMG_0049 (2)_image004.jpg,6,LYNX_RUFUS
0_0_LYNX_RUFUS_video_IMG_0049 (2)_image005.jpg,6,LYNX_RUFUS
0_1_LYNX_RUFUS_video_IMG_0049 (2)_image005.jpg,6,LYNX_RUFUS
0_0_LYNX_RUFUS_video_IMG_0049 (2)_image006.jpg,6,LYNX_RUFUS
0_1_LYNX_RUFUS_video_IMG_0049 (2)_image006.jpg,6,LYNX_RUFUS
0_0_LYNX_RUFUS_video_IMG_0049 (2)_image007.jpg,6,LYNX_RUFUS
0_0_LYNX_RUFUS_video_IMG_0049 (2)_image008.jpg,6,LYNX_RUFUS
0_0_LYNX_RUFUS_video_IMG_0049 (2)_image009.jpg,6,LYNX_RUFUS
0_0_LYNX_RUFUS_video_IMG_0049 (2)_image010.jpg,6,LYNX_RUFUS
0_0_LYNX_RUFUS_video_IMG_0049_image001.jpg,6,LYNX_RUFUS
0_0_LYNX_RUFUS_video_IMG_0049_image002.jpg,6,LYNX_RUFUS
0_0_LYNX_RUFUS_video_IMG_0049_image003.jpg,6,LYNX_RUFUS
0_0_LYNX_RUFUS_video_IMG_0049_image004.jpg,6,LYNX_RUFUS
0_0_LYNX_RUFUS_video_IMG_0049_image005.jpg,6,LYNX_RUFUS
0_0_LYNX_RUFUS_video_IMG_0049_image006.jpg,6,LYNX_RUFUS
0_0_LYNX_RUFUS_video_IMG_0049_image007.jpg,6,LYNX_RUFUS
0_0_LYNX_RUFUS_video_IMG_0049_image008.jpg,6,LYNX_RUFUS
0_0_LYNX_RUFUS_video_IMG_0049_image009.jpg,6,LYNX_RUFUS
0_0_LYNX_RUFUS_video_IMG_0049_image010.jpg,6,LYNX_RUFUS
0_0_LYNX_RUFUS_video_IMG_0053_image001.jpg,6,LYNX_RUFUS
0_0_LYNX_RUFUS_video_IMG_0053_image002.jpg,6,LYNX_RUFUS
0_0_LYNX_RUFUS_video_IMG_0053_image003.jpg,6,LYNX_RUFUS
0_0_LYNX_RUFUS_video_IMG_0053_image004.jpg,6,LYNX_RUFUS
0_0_LYNX_RUFUS_video_IMG_0053_image005.jpg,6,LYNX_RUFUS
0_0_LYNX_RUFUS_video_IMG_0053_image006.jpg,6,LYNX_RUFUS
0_1_LYNX_RUFUS_video_IMG_0053_image006.jpg,6,LYNX_RUFUS
0_0_LYNX_RUFUS_video_IMG_0053_image007.jpg,6,LYNX_RUFUS
0_0_LYNX_RUFUS_video_IMG_0076_image001.jpg,6,LYNX_RUFUS
0_0_LYNX_RUFUS_video_IMG_0076_image002.jpg,6,LYNX_RUFUS
0_0_LYNX_RUFUS_video_IMG_0076_image003.jpg,6,LYNX_RUFUS
0_1_LYNX_RUFUS_video_IMG_0076_image003.jpg,6,LYNX_RUFUS
0_0_LYNX_RUFUS_video_IMG_0076_image004.jpg,6,LYNX_RUFUS
0_0_LYNX_RUFUS_video_IMG_0076_image005.jpg,6,LYNX_RUFUS
0_0_LYNX_RUFUS_video_IMG_0076_image006.jpg,6,LYNX_RUFUS
0_0_LYNX_RUFUS_video_IMG_0076_image007.jpg,6,LYNX_RUFUS
0_0_LYNX_RUFUS_video_IMG_0076_image008.jpg,6,LYNX_RUFUS
0_0_LYNX_RUFUS_video_IMG_0076_image009.jpg,6,LYNX_RUFUS
0_0_LYNX_RUFUS_video_IMG_0076_image010.jpg,6,LYNX_RUFUS
0_0_LYNX_RUFUS_video_IMG_0093_image001.jpg,6,LYNX_RUFUS
0_0_LYNX_RUFUS_video_IMG_0093_image002.jpg,6,LYNX_RUFUS
0_0_LYNX_RUFUS_video_IMG_0093_image003.jpg,6,LYNX_RUFUS
0_0_LYNX_RUFUS_video_IMG_0093_image004.jpg,6,LYNX_RUFUS
0_0_LYNX_RUFUS_video_IMG_0093_image005.jpg,6,LYNX_RUFUS
0_0_LYNX_RUFUS_video_IMG_0093_image006.jpg,6,LYNX_RUFUS
0_0_LYNX_RUFUS_video_IMG_0093_image007.jpg,6,LYNX_RUFUS
0_0_LYNX_RUFUS_video_IMG_0093_image009.jpg,6,LYNX_RUFUS
0_0_LYNX_RUFUS_video_IMG_0100_image001.jpg,6,LYNX_RUFUS
0_0_LYNX_RUFUS_video_IMG_0100_image002.jpg,6,LYNX_RUFUS
0_0_LYNX_RUFUS_video_IMG_0100_image003.jpg,6,LYNX_RUFUS
0_0_LYNX_RUFUS_video_IMG_0100_image004.jpg,6,LYNX_RUFUS
0_0_LYNX_RUFUS_video_IMG_0100_image005.jpg,6,LYNX_RUFUS
0_0_LYNX_RUFUS_video_IMG_0100_image006.jpg,6,LYNX_RUFUS
0_0_LYNX_RUFUS_video_IMG_0100_image007.jpg,6,LYNX_RUFUS
0_0_LYNX_RUFUS_video_IMG_0100_image008.jpg,6,LYNX_RUFUS
0_0_LYNX_RUFUS_video_IMG_0100_image009.jpg,6,LYNX_RUFUS
0_0_LYNX_RUFUS_video_IMG_0100_image010.jpg,6,LYNX_RUFUS
0_0_LYNX_RUFUS_video_IMG_0116_image001.jpg,6,LYNX_RUFUS
0_0_LYNX_RUFUS_video_IMG_0116_image002.jpg,6,LYNX_RUFUS
0_0_LYNX_RUFUS_video_IMG_0116_image003.jpg,6,LYNX_RUFUS
0_0_LYNX_RUFUS_video_IMG_0116_image004.jpg,6,LYNX_RUFUS
0_0_LYNX_RUFUS_video_IMG_0116_image005.jpg,6,LYNX_RUFUS
0_0_LYNX_RUFUS_video_IMG_0116_image006.jpg,6,LYNX_RUFUS
0_1_LYNX_RUFUS_video_IMG_0116_image006.jpg,6,LYNX_RUFUS
0_0_LYNX_RUFUS_video_IMG_0116_image007.jpg,6,LYNX_RUFUS
0_0_LYNX_RUFUS_video_IMG_0116_image008.jpg,6,LYNX_RUFUS
0_0_LYNX_RUFUS_video_IMG_0159_image001.jpg,6,LYNX_RUFUS
0_0_LYNX_RUFUS_video_IMG_0159_image002.jpg,6,LYNX_RUFUS
0_1_LYNX_RUFUS_video_IMG_0159_image002.jpg,6,LYNX_RUFUS
0_2_LYNX_RUFUS_video_IMG_0159_image002.jpg,6,LYNX_RUFUS
0_0_LYNX_RUFUS_video_IMG_0159_image003.jpg,6,LYNX_RUFUS
0_1_LYNX_RUFUS_video_IMG_0159_image003.jpg,6,LYNX_RUFUS
0_0_LYNX_RUFUS_video_IMG_0159_image004.jpg,6,LYNX_RUFUS
0_0_LYNX_RUFUS_video_IMG_0159_image005.jpg,6,LYNX_RUFUS
0_1_LYNX_RUFUS_video_IMG_0159_image005.jpg,6,LYNX_RUFUS
0_0_LYNX_RUFUS_video_IMG_0159_image006.jpg,6,LYNX_RUFUS
0_1_LYNX_RUFUS_video_IMG_0159_image006.jpg,6,LYNX_RUFUS
0_2_LYNX_RUFUS_video_IMG_0159_image006.jpg,6,LYNX_RUFUS
0_0_LYNX_RUFUS_video_IMG_0159_image007.jpg,6,LYNX_RUFUS
0_1_LYNX_RUFUS_video_IMG_0159_image007.jpg,6,LYNX_RUFUS
0_2_LYNX_RUFUS_video_IMG_0159_image007.jpg,6,LYNX_RUFUS
0_3_LYNX_RUFUS_video_IMG_0159_image007.jpg,6,LYNX_RUFUS
0_0_LYNX_RUFUS_video_IMG_0159_image008.jpg,6,LYNX_RUFUS
0_1_LYNX_RUFUS_video_IMG_0159_image008.jpg,6,LYNX_RUFUS
0_0_LYNX_RUFUS_video_IMG_0159_image009.jpg,6,LYNX_RUFUS
0_1_LYNX_RUFUS_video_IMG_0159_image009.jpg,6,LYNX_RUFUS
0_2_LYNX_RUFUS_video_IMG_0159_image009.jpg,6,LYNX_RUFUS
0_3_LYNX_RUFUS_video_IMG_0159_image009.jpg,6,LYNX_RUFUS
0_4_LYNX_RUFUS_video_IMG_0159_image009.jpg,6,LYNX_RUFUS
0_5_LYNX_RUFUS_video_IMG_0159_image009.jpg,6,LYNX_RUFUS
0_0_LYNX_RUFUS_video_IMG_0159_image010.jpg,6,LYNX_RUFUS
0_1_LYNX_RUFUS_video_IMG_0159_image010.jpg,6,LYNX_RUFUS
0_0_LYNX_RUFUS_video_IMG_0165_image001.jpg,6,LYNX_RUFUS
0_0_LYNX_RUFUS_video_IMG_0165_image002.jpg,6,LYNX_RUFUS
0_0_LYNX_RUFUS_video_IMG_0165_image003.jpg,6,LYNX_RUFUS
0_0_LYNX_RUFUS_video_IMG_0165_image004.jpg,6,LYNX_RUFUS
0_0_LYNX_RUFUS_video_IMG_0165_image005.jpg,6,LYNX_RUFUS
0_0_LYNX_RUFUS_video_IMG_0165_image006.jpg,6,LYNX_RUFUS
0_0_LYNX_RUFUS_video_IMG_0165_image007.jpg,6,LYNX_RUFUS
0_0_LYNX_RUFUS_video_IMG_0165_image008.jpg,6,LYNX_RUFUS
0_0_LYNX_RUFUS_video_IMG_0165_image009.jpg,6,LYNX_RUFUS
0_0_LYNX_RUFUS_video_IMG_0165_image010.jpg,6,LYNX_RUFUS
0_0_LeopardusWiedii_01.JPG,5,LEOPARDU_wiedii
0_0_LeopardusWiedii_02.JPG,5,LEOPARDU_wiedii
0_1_LeopardusWiedii_02.JPG,5,LEOPARDU_wiedii
0_0_LeopardusWiedii_03.JPG,5,LEOPARDU_wiedii
0_1_LeopardusWiedii_03.JPG,5,LEOPARDU_wiedii
0_0_LeopardusWiedii_04.JPG,5,LEOPARDU_wiedii
0_0_LeopardusWiedii_05.JPG,5,LEOPARDU_wiedii
0_0_LeopardusWiedii_06.JPG,5,LEOPARDU_wiedii
0_0_LeopardusWiedii_07.JPG,5,LEOPARDU_wiedii
0_0_LeopardusWiedii_08.JPG,5,LEOPARDU_wiedii
0_0_LeopardusWiedii_09.JPG,5,LEOPARDU_wiedii
0_0_LeopardusWiedii_10.JPG,5,LEOPARDU_wiedii
0_0_LeopardusWiedii_11.JPG,5,LEOPARDU_wiedii
0_0_LeopardusWiedii_12.JPG,5,LEOPARDU_wiedii
0_0_LeopardusWiedii_13.JPG,5,LEOPARDU_wiedii
0_0_LeopardusWiedii_14.JPG,5,LEOPARDU_wiedii
0_0_LeopardusWiedii_15.JPG,5,LEOPARDU_wiedii
0_0_LeopardusWiedii_16.JPG,5,LEOPARDU_wiedii
0_0_LeopardusWiedii_17.JPG,5,LEOPARDU_wiedii
0_0_LeopardusWiedii_18.JPG,5,LEOPARDU_wiedii
0_0_LeopardusWiedii_19.JPG,5,LEOPARDU_wiedii
0_0_LeopardusWiedii_20.JPG,5,LEOPARDU_wiedii
0_0_LeopardusWiedii_21.JPG,5,LEOPARDU_wiedii
0_0_LeopardusWiedii_22.JPG,5,LEOPARDU_wiedii
0_0_LeopardusWiedii_23.JPG,5,LEOPARDU_wiedii
0_0_LeopardusWiedii_24.JPG,5,LEOPARDU_wiedii
0_0_LeopardusWiedii_25.JPG,5,LEOPARDU_wiedii
0_0_LeopardusWiedii_26.JPG,5,LEOPARDU_wiedii
0_0_LeopardusWiedii_27.JPG,5,LEOPARDU_wiedii
0_0_LeopardusWiedii_28.JPG,5,LEOPARDU_wiedii
0_0_LeopardusWiedii_29.JPG,5,LEOPARDU_wiedii
0_0_LynxRufus_06.JPG,6,LYNX_RUFUS
0_0_LynxRufus_07.JPG,6,LYNX_RUFUS
0_0_LynxRufus_10.JPG,6,LYNX_RUFUS
0_0_LynxRufus_100.JPG,6,LYNX_RUFUS
0_0_LynxRufus_104.JPG,6,LYNX_RUFUS
0_0_LynxRufus_105.JPG,6,LYNX_RUFUS
0_0_LynxRufus_106.JPG,6,LYNX_RUFUS
0_0_LynxRufus_107.JPG,6,LYNX_RUFUS
0_0_LynxRufus_108.JPG,6,LYNX_RUFUS
0_0_LynxRufus_109.JPG,6,LYNX_RUFUS
0_1_LynxRufus_109.JPG,6,LYNX_RUFUS
0_0_LynxRufus_11.JPG,6,LYNX_RUFUS
0_0_LynxRufus_12.JPG,6,LYNX_RUFUS
0_0_LynxRufus_13.JPG,6,LYNX_RUFUS
0_0_LynxRufus_14.JPG,6,LYNX_RUFUS
0_0_LynxRufus_15.JPG,6,LYNX_RUFUS
0_0_LynxRufus_16.JPG,6,LYNX_RUFUS
0_0_LynxRufus_17.JPG,6,LYNX_RUFUS
0_0_LynxRufus_18.JPG,6,LYNX_RUFUS
0_0_LynxRufus_19.JPG,6,LYNX_RUFUS
0_0_LynxRufus_20.JPG,6,LYNX_RUFUS
0_0_LynxRufus_23.JPG,6,LYNX_RUFUS
0_0_LynxRufus_30.JPG,6,LYNX_RUFUS
0_0_LynxRufus_31.JPG,6,LYNX_RUFUS
0_0_LynxRufus_32.JPG,6,LYNX_RUFUS
0_0_LynxRufus_33.JPG,6,LYNX_RUFUS
0_0_LynxRufus_36.JPG,6,LYNX_RUFUS
0_0_LynxRufus_37.JPG,6,LYNX_RUFUS
0_0_LynxRufus_38.JPG,6,LYNX_RUFUS
0_0_LynxRufus_39.JPG,6,LYNX_RUFUS
0_0_LynxRufus_42.JPG,6,LYNX_RUFUS
0_0_LynxRufus_45.JPG,6,LYNX_RUFUS
0_0_LynxRufus_47.JPG,6,LYNX_RUFUS
0_0_LynxRufus_49.JPG,6,LYNX_RUFUS
0_0_LynxRufus_50.JPG,6,LYNX_RUFUS
0_1_LynxRufus_50.JPG,6,LYNX_RUFUS
0_2_LynxRufus_50.JPG,6,LYNX_RUFUS
0_0_LynxRufus_53.JPG,6,LYNX_RUFUS
0_1_LynxRufus_53.JPG,6,LYNX_RUFUS
0_0_LynxRufus_56.JPG,6,LYNX_RUFUS
0_0_LynxRufus_58.JPG,6,LYNX_RUFUS
0_0_LynxRufus_59.JPG,6,LYNX_RUFUS
0_0_LynxRufus_60.JPG,6,LYNX_RUFUS
0_0_LynxRufus_61.JPG,6,LYNX_RUFUS
0_0_LynxRufus_63.JPG,6,LYNX_RUFUS
0_0_LynxRufus_64.JPG,6,LYNX_RUFUS
0_0_LynxRufus_69.JPG,6,LYNX_RUFUS
0_0_LynxRufus_70.JPG,6,LYNX_RUFUS
0_0_LynxRufus_77.JPG,6,LYNX_RUFUS
0_0_LynxRufus_80.JPG,6,LYNX_RUFUS
0_0_LynxRufus_81.JPG,6,LYNX_RUFUS
0_0_LynxRufus_82.JPG,6,LYNX_RUFUS
0_0_LynxRufus_84.JPG,6,LYNX_RUFUS
0_0_LynxRufus_93.JPG,6,LYNX_RUFUS
0_0_LynxRufus_96.JPG,6,LYNX_RUFUS
0_1_LynxRufus_96.JPG,6,LYNX_RUFUS
0_2_LynxRufus_96.JPG,6,LYNX_RUFUS
0_3_LynxRufus_96.JPG,6,LYNX_RUFUS
0_0_LynxRufus_97.JPG,6,LYNX_RUFUS
0_1_LynxRufus_97.JPG,6,LYNX_RUFUS
0_0_LynxRufus_98.JPG,6,LYNX_RUFUS
0_0_LynxRufus_99.JPG,6,LYNX_RUFUS
0_0_MephitisMacroura_01.JPG,7,MEPITIS_MACROURA
0_0_MephitisMacroura_02.JPG,7,MEPITIS_MACROURA
0_0_MephitisMacroura_03.JPG,7,MEPITIS_MACROURA
0_0_MephitisMacroura_07.JPG,7,MEPITIS_MACROURA
0_0_MephitisMacroura_08.JPG,7,MEPITIS_MACROURA
0_0_MephitisMacroura_09.JPG,7,MEPITIS_MACROURA
0_0_MephitisMacroura_10.JPG,7,MEPITIS_MACROURA
0_0_MephitisMacroura_100.JPG,7,MEPITIS_MACROURA
0_0_MephitisMacroura_101.JPG,7,MEPITIS_MACROURA
0_0_MephitisMacroura_102.JPG,7,MEPITIS_MACROURA
0_0_MephitisMacroura_103.JPG,7,MEPITIS_MACROURA
0_0_MephitisMacroura_104.JPG,7,MEPITIS_MACROURA
0_1_MephitisMacroura_104.JPG,7,MEPITIS_MACROURA
0_0_MephitisMacroura_105.JPG,7,MEPITIS_MACROURA
0_0_MephitisMacroura_106.JPG,7,MEPITIS_MACROURA
0_0_MephitisMacroura_107.JPG,7,MEPITIS_MACROURA
0_1_MephitisMacroura_107.JPG,7,MEPITIS_MACROURA
0_0_MephitisMacroura_108.JPG,7,MEPITIS_MACROURA
0_0_MephitisMacroura_109.JPG,7,MEPITIS_MACROURA
0_0_MephitisMacroura_11.JPG,7,MEPITIS_MACROURA
0_1_MephitisMacroura_11.JPG,7,MEPITIS_MACROURA
0_0_MephitisMacroura_110.JPG,7,MEPITIS_MACROURA
0_0_MephitisMacroura_111.JPG,7,MEPITIS_MACROURA
0_0_MephitisMacroura_112.JPG,7,MEPITIS_MACROURA
0_0_MephitisMacroura_113.JPG,7,MEPITIS_MACROURA
0_0_MephitisMacroura_114.JPG,7,MEPITIS_MACROURA
0_0_MephitisMacroura_115.JPG,7,MEPITIS_MACROURA
0_0_MephitisMacroura_116.JPG,7,MEPITIS_MACROURA
0_0_MephitisMacroura_117.JPG,7,MEPITIS_MACROURA
0_1_MephitisMacroura_117.JPG,7,MEPITIS_MACROURA
0_0_MephitisMacroura_118.JPG,7,MEPITIS_MACROURA
0_0_MephitisMacroura_119.JPG,7,MEPITIS_MACROURA
0_0_MephitisMacroura_12.JPG,7,MEPITIS_MACROURA
0_0_MephitisMacroura_120.JPG,7,MEPITIS_MACROURA
0_0_MephitisMacroura_121.JPG,7,MEPITIS_MACROURA
0_0_MephitisMacroura_123.JPG,7,MEPITIS_MACROURA
0_0_MephitisMacroura_124.JPG,7,MEPITIS_MACROURA
0_0_MephitisMacroura_125.JPG,7,MEPITIS_MACROURA
0_1_MephitisMacroura_125.JPG,7,MEPITIS_MACROURA
0_0_MephitisMacroura_126.JPG,7,MEPITIS_MACROURA
0_0_MephitisMacroura_127.JPG,7,MEPITIS_MACROURA
0_0_MephitisMacroura_128.JPG,7,MEPITIS_MACROURA
0_1_MephitisMacroura_128.JPG,7,MEPITIS_MACROURA
0_0_MephitisMacroura_129.JPG,7,MEPITIS_MACROURA
0_1_MephitisMacroura_129.JPG,7,MEPITIS_MACROURA
0_0_MephitisMacroura_13.JPG,7,MEPITIS_MACROURA
0_0_MephitisMacroura_130.JPG,7,MEPITIS_MACROURA
0_0_MephitisMacroura_131.JPG,7,MEPITIS_MACROURA
0_0_MephitisMacroura_132.JPG,7,MEPITIS_MACROURA
0_1_MephitisMacroura_132.JPG,7,MEPITIS_MACROURA
0_0_MephitisMacroura_133.JPG,7,MEPITIS_MACROURA
0_1_MephitisMacroura_133.JPG,7,MEPITIS_MACROURA
0_0_MephitisMacroura_134.JPG,7,MEPITIS_MACROURA
0_0_MephitisMacroura_135.JPG,7,MEPITIS_MACROURA
0_0_MephitisMacroura_137.JPG,7,MEPITIS_MACROURA
0_0_MephitisMacroura_138.JPG,7,MEPITIS_MACROURA
0_0_MephitisMacroura_14.JPG,7,MEPITIS_MACROURA
0_0_MephitisMacroura_141.JPG,7,MEPITIS_MACROURA
0_0_MephitisMacroura_143.JPG,7,MEPITIS_MACROURA
0_0_MephitisMacroura_144.JPG,7,MEPITIS_MACROURA
0_0_MephitisMacroura_145.JPG,7,MEPITIS_MACROURA
0_0_MephitisMacroura_146.JPG,7,MEPITIS_MACROURA
0_0_MephitisMacroura_147.JPG,7,MEPITIS_MACROURA
0_0_MephitisMacroura_148.JPG,7,MEPITIS_MACROURA
0_0_MephitisMacroura_149.JPG,7,MEPITIS_MACROURA
0_0_MephitisMacroura_15.JPG,7,MEPITIS_MACROURA
0_0_MephitisMacroura_150.JPG,7,MEPITIS_MACROURA
0_0_MephitisMacroura_16.JPG,7,MEPITIS_MACROURA
0_0_MephitisMacroura_17.JPG,7,MEPITIS_MACROURA
0_0_MephitisMacroura_18.JPG,7,MEPITIS_MACROURA
0_0_MephitisMacroura_19.JPG,7,MEPITIS_MACROURA
0_0_MephitisMacroura_20.JPG,7,MEPITIS_MACROURA
0_0_MephitisMacroura_21.JPG,7,MEPITIS_MACROURA
0_0_MephitisMacroura_22.JPG,7,MEPITIS_MACROURA
0_0_MephitisMacroura_23.JPG,7,MEPITIS_MACROURA
0_0_MephitisMacroura_24.JPG,7,MEPITIS_MACROURA
0_0_MephitisMacroura_25.JPG,7,MEPITIS_MACROURA
0_0_MephitisMacroura_26.JPG,7,MEPITIS_MACROURA
0_0_MephitisMacroura_27.JPG,7,MEPITIS_MACROURA
0_0_MephitisMacroura_28.JPG,7,MEPITIS_MACROURA
0_0_MephitisMacroura_29.JPG,7,MEPITIS_MACROURA
0_0_MephitisMacroura_30.JPG,7,MEPITIS_MACROURA
0_1_MephitisMacroura_30.JPG,7,MEPITIS_MACROURA
0_0_MephitisMacroura_31.JPG,7,MEPITIS_MACROURA
0_0_MephitisMacroura_32.JPG,7,MEPITIS_MACROURA
0_0_MephitisMacroura_33.JPG,7,MEPITIS_MACROURA
0_0_MephitisMacroura_34.JPG,7,MEPITIS_MACROURA
0_0_MephitisMacroura_35.JPG,7,MEPITIS_MACROURA
0_0_MephitisMacroura_36.JPG,7,MEPITIS_MACROURA
0_0_MephitisMacroura_37.JPG,7,MEPITIS_MACROURA
0_0_MephitisMacroura_38.JPG,7,MEPITIS_MACROURA
0_0_MephitisMacroura_39.JPG,7,MEPITIS_MACROURA
0_0_MephitisMacroura_40.JPG,7,MEPITIS_MACROURA
0_0_MephitisMacroura_42.JPG,7,MEPITIS_MACROURA
0_0_MephitisMacroura_43.JPG,7,MEPITIS_MACROURA
0_0_MephitisMacroura_44.JPG,7,MEPITIS_MACROURA
0_0_MephitisMacroura_45.JPG,7,MEPITIS_MACROURA
0_0_MephitisMacroura_46.JPG,7,MEPITIS_MACROURA
0_0_MephitisMacroura_51.JPG,7,MEPITIS_MACROURA
0_0_MephitisMacroura_52.JPG,7,MEPITIS_MACROURA
0_0_MephitisMacroura_53.JPG,7,MEPITIS_MACROURA
0_0_MephitisMacroura_54.JPG,7,MEPITIS_MACROURA
0_0_MephitisMacroura_55.JPG,7,MEPITIS_MACROURA
0_0_MephitisMacroura_56.JPG,7,MEPITIS_MACROURA
0_0_MephitisMacroura_57.JPG,7,MEPITIS_MACROURA
0_0_MephitisMacroura_58.JPG,7,MEPITIS_MACROURA
0_0_MephitisMacroura_60.JPG,7,MEPITIS_MACROURA
0_0_MephitisMacroura_61.JPG,7,MEPITIS_MACROURA
0_0_MephitisMacroura_63.JPG,7,MEPITIS_MACROURA
0_0_MephitisMacroura_64.JPG,7,MEPITIS_MACROURA
0_0_MephitisMacroura_65.JPG,7,MEPITIS_MACROURA
0_0_MephitisMacroura_66.JPG,7,MEPITIS_MACROURA
0_0_MephitisMacroura_67.JPG,7,MEPITIS_MACROURA
0_0_MephitisMacroura_68.JPG,7,MEPITIS_MACROURA
0_0_MephitisMacroura_69.JPG,7,MEPITIS_MACROURA
0_0_MephitisMacroura_70.JPG,7,MEPITIS_MACROURA
0_0_MephitisMacroura_71.JPG,7,MEPITIS_MACROURA
0_0_MephitisMacroura_72.JPG,7,MEPITIS_MACROURA
0_0_MephitisMacroura_73.JPG,7,MEPITIS_MACROURA
0_0_MephitisMacroura_74.JPG,7,MEPITIS_MACROURA
0_0_MephitisMacroura_75.JPG,7,MEPITIS_MACROURA
0_0_MephitisMacroura_76.JPG,7,MEPITIS_MACROURA
0_0_MephitisMacroura_77.JPG,7,MEPITIS_MACROURA
0_0_MephitisMacroura_78.JPG,7,MEPITIS_MACROURA
0_0_MephitisMacroura_79.JPG,7,MEPITIS_MACROURA
0_0_MephitisMacroura_80.JPG,7,MEPITIS_MACROURA
0_0_MephitisMacroura_81.JPG,7,MEPITIS_MACROURA
0_0_MephitisMacroura_82.JPG,7,MEPITIS_MACROURA
0_0_MephitisMacroura_83.JPG,7,MEPITIS_MACROURA
0_0_MephitisMacroura_84.JPG,7,MEPITIS_MACROURA
0_0_MephitisMacroura_85.JPG,7,MEPITIS_MACROURA
0_0_MephitisMacroura_86.JPG,7,MEPITIS_MACROURA
0_0_MephitisMacroura_87.JPG,7,MEPITIS_MACROURA
0_0_MephitisMacroura_88.JPG,7,MEPITIS_MACROURA
1_0_MephitisMacroura_89.JPG,7,MEPITIS_MACROURA
0_1_MephitisMacroura_89.JPG,7,MEPITIS_MACROURA
0_0_MephitisMacroura_90.JPG,7,MEPITIS_MACROURA
0_0_MephitisMacroura_91.JPG,7,MEPITIS_MACROURA
0_0_MephitisMacroura_92.JPG,7,MEPITIS_MACROURA
0_0_MephitisMacroura_93.JPG,7,MEPITIS_MACROURA
0_0_MephitisMacroura_95.JPG,7,MEPITIS_MACROURA
1_1_MephitisMacroura_95.JPG,7,MEPITIS_MACROURA
0_0_MephitisMacroura_96.JPG,7,MEPITIS_MACROURA
0_0_MephitisMacroura_97.JPG,7,MEPITIS_MACROURA
0_0_MephitisMacroura_98.JPG,7,MEPITIS_MACROURA
0_0_MephitisMacroura_99.JPG,7,MEPITIS_MACROURA
0_0_NASUA_NARICA_video_IMG_0071_image001.jpg,8,NASUA_NARICA
0_0_NASUA_NARICA_video_IMG_0071_image002.jpg,8,NASUA_NARICA
0_0_NASUA_NARICA_video_IMG_0076_image007.jpg,8,NASUA_NARICA
0_0_NASUA_NARICA_video_IMG_0076_image008.jpg,8,NASUA_NARICA
0_0_NASUA_NARICA_video_IMG_0076_image010.jpg,8,NASUA_NARICA
0_0_NASUA_NARICA_video_IMG_0092_image001.jpg,8,NASUA_NARICA
0_0_NASUA_NARICA_video_IMG_0092_image002.jpg,8,NASUA_NARICA
0_1_NASUA_NARICA_video_IMG_0092_image002.jpg,8,NASUA_NARICA
0_0_NASUA_NARICA_video_IMG_0092_image003.jpg,8,NASUA_NARICA
0_0_NASUA_NARICA_video_IMG_0092_image004.jpg,8,NASUA_NARICA
0_0_NASUA_NARICA_video_IMG_0092_image005.jpg,8,NASUA_NARICA
0_0_NASUA_NARICA_video_IMG_0092_image009.jpg,8,NASUA_NARICA
0_0_NASUA_NARICA_video_IMG_0092_image010.jpg,8,NASUA_NARICA
0_0_NASUA_NARICA_video_IMG_0160_image001.jpg,8,NASUA_NARICA
0_1_NASUA_NARICA_video_IMG_0160_image001.jpg,8,NASUA_NARICA
0_0_NASUA_NARICA_video_IMG_0160_image002.jpg,8,NASUA_NARICA
0_1_NASUA_NARICA_video_IMG_0160_image002.jpg,8,NASUA_NARICA
0_0_NASUA_NARICA_video_IMG_0160_image003.jpg,8,NASUA_NARICA
0_1_NASUA_NARICA_video_IMG_0160_image003.jpg,8,NASUA_NARICA
0_0_NASUA_NARICA_video_IMG_0160_image004.jpg,8,NASUA_NARICA
0_1_NASUA_NARICA_video_IMG_0160_image004.jpg,8,NASUA_NARICA
0_0_NASUA_NARICA_video_IMG_0160_image005.jpg,8,NASUA_NARICA
0_1_NASUA_NARICA_video_IMG_0160_image005.jpg,8,NASUA_NARICA
0_0_NASUA_NARICA_video_IMG_0160_image006.jpg,8,NASUA_NARICA
0_1_NASUA_NARICA_video_IMG_0160_image006.jpg,8,NASUA_NARICA
0_0_NASUA_NARICA_video_IMG_0160_image007.jpg,8,NASUA_NARICA
0_1_NASUA_NARICA_video_IMG_0160_image007.jpg,8,NASUA_NARICA
0_0_NASUA_NARICA_video_IMG_0160_image008.jpg,8,NASUA_NARICA
0_1_NASUA_NARICA_video_IMG_0160_image008.jpg,8,NASUA_NARICA
0_0_NASUA_NARICA_video_IMG_0160_image009.jpg,8,NASUA_NARICA
0_1_NASUA_NARICA_video_IMG_0160_image009.jpg,8,NASUA_NARICA
0_0_NASUA_NARICA_video_IMG_0160_image010.jpg,8,NASUA_NARICA
0_1_NASUA_NARICA_video_IMG_0160_image010.jpg,8,NASUA_NARICA
0_0_NasuaNarica_01.JPG,8,NASUA_NARICA
0_0_NasuaNarica_03.JPG,8,NASUA_NARICA
0_0_NasuaNarica_04.JPG,8,NASUA_NARICA
0_0_NasuaNarica_05.JPG,8,NASUA_NARICA
0_1_NasuaNarica_05.JPG,8,NASUA_NARICA
0_2_NasuaNarica_05.JPG,8,NASUA_NARICA
0_3_NasuaNarica_05.JPG,8,NASUA_NARICA
0_4_NasuaNarica_05.JPG,8,NASUA_NARICA
0_0_NasuaNarica_06.JPG,8,NASUA_NARICA
0_0_NasuaNarica_07.JPG,8,NASUA_NARICA
0_0_NasuaNarica_08.JPG,8,NASUA_NARICA
0_0_NasuaNarica_09.JPG,8,NASUA_NARICA
0_0_NasuaNarica_10.JPG,8,NASUA_NARICA
0_0_NasuaNarica_11.JPG,8,NASUA_NARICA
0_0_NasuaNarica_12.JPG,8,NASUA_NARICA
0_0_NasuaNarica_13.JPG,8,NASUA_NARICA
0_0_NasuaNarica_14.JPG,8,NASUA_NARICA
0_1_NasuaNarica_14.JPG,8,NASUA_NARICA
0_2_NasuaNarica_14.JPG,8,NASUA_NARICA
0_0_NasuaNarica_15.JPG,8,NASUA_NARICA
0_0_NasuaNarica_16.JPG,8,NASUA_NARICA
0_0_NasuaNarica_17.JPG,8,NASUA_NARICA
0_0_NasuaNarica_18.JPG,8,NASUA_NARICA
0_1_NasuaNarica_18.JPG,8,NASUA_NARICA
0_0_NasuaNarica_19.JPG,8,NASUA_NARICA
0_0_NasuaNarica_20.JPG,8,NASUA_NARICA
0_0_NasuaNarica_21.JPG,8,NASUA_NARICA
0_0_NasuaNarica_22.JPG,8,NASUA_NARICA
0_0_NasuaNarica_23.JPG,8,NASUA_NARICA
0_1_NasuaNarica_23.JPG,8,NASUA_NARICA
0_0_NasuaNarica_24.JPG,8,NASUA_NARICA
0_0_NasuaNarica_25.JPG,8,NASUA_NARICA
0_0_NasuaNarica_26.JPG,8,NASUA_NARICA
0_0_NasuaNarica_27.JPG,8,NASUA_NARICA
0_1_NasuaNarica_27.JPG,8,NASUA_NARICA
0_0_NasuaNarica_28.JPG,8,NASUA_NARICA
0_0_NasuaNarica_29.JPG,8,NASUA_NARICA
0_0_NasuaNarica_30.JPG,8,NASUA_NARICA
0_0_NasuaNarica_31.JPG,8,NASUA_NARICA
0_0_NasuaNarica_32.JPG,8,NASUA_NARICA
0_1_NasuaNarica_32.JPG,8,NASUA_NARICA
0_0_NasuaNarica_33.JPG,8,NASUA_NARICA
0_0_NasuaNarica_34.JPG,8,NASUA_NARICA
0_0_NasuaNarica_35.JPG,8,NASUA_NARICA
0_0_NasuaNarica_36.JPG,8,NASUA_NARICA
0_0_NasuaNarica_37.JPG,8,NASUA_NARICA
0_1_NasuaNarica_37.JPG,8,NASUA_NARICA
0_2_NasuaNarica_37.JPG,8,NASUA_NARICA
0_3_NasuaNarica_37.JPG,8,NASUA_NARICA
0_0_NasuaNarica_38.JPG,8,NASUA_NARICA
0_1_NasuaNarica_38.JPG,8,NASUA_NARICA
0_2_NasuaNarica_38.JPG,8,NASUA_NARICA
0_0_NasuaNarica_39.JPG,8,NASUA_NARICA
0_1_NasuaNarica_39.JPG,8,NASUA_NARICA
0_0_NasuaNarica_40.JPG,8,NASUA_NARICA
0_0_NasuaNarica_41.JPG,8,NASUA_NARICA
0_0_NasuaNarica_42.JPG,8,NASUA_NARICA
0_1_NasuaNarica_42.JPG,8,NASUA_NARICA
0_2_NasuaNarica_42.JPG,8,NASUA_NARICA
0_3_NasuaNarica_42.JPG,8,NASUA_NARICA
0_0_NasuaNarica_43.JPG,8,NASUA_NARICA
0_1_NasuaNarica_43.JPG,8,NASUA_NARICA
0_2_NasuaNarica_43.JPG,8,NASUA_NARICA
0_3_NasuaNarica_43.JPG,8,NASUA_NARICA
0_0_ODOCOILEUS_VIRGINIANUS_video_IMG_0033_MP4_image002.jpg,9,ODOCOILEUS_VIRGINIANUS
0_0_ODOCOILEUS_VIRGINIANUS_video_IMG_0033_MP4_image003.jpg,9,ODOCOILEUS_VIRGINIANUS
0_0_ODOCOILEUS_VIRGINIANUS_video_IMG_0033_MP4_image004.jpg,9,ODOCOILEUS_VIRGINIANUS
0_0_ODOCOILEUS_VIRGINIANUS_video_IMG_0033_MP4_image005.jpg,9,ODOCOILEUS_VIRGINIANUS
0_0_ODOCOILEUS_VIRGINIANUS_video_IMG_0033_MP4_image006.jpg,9,ODOCOILEUS_VIRGINIANUS
0_0_ODOCOILEUS_VIRGINIANUS_video_IMG_0033_MP4_image007.jpg,9,ODOCOILEUS_VIRGINIANUS
0_0_ODOCOILEUS_VIRGINIANUS_video_IMG_0033_MP4_image008.jpg,9,ODOCOILEUS_VIRGINIANUS
0_0_ODOCOILEUS_VIRGINIANUS_video_IMG_0033_MP4_image009.jpg,9,ODOCOILEUS_VIRGINIANUS
0_0_ODOCOILEUS_VIRGINIANUS_video_IMG_0033_MP4_image010.jpg,9,ODOCOILEUS_VIRGINIANUS
0_0_ODOCOILEUS_VIRGINIANUS_video_IMG_0033_image001.jpg,9,ODOCOILEUS_VIRGINIANUS
0_0_ODOCOILEUS_VIRGINIANUS_video_IMG_0033_image002.jpg,9,ODOCOILEUS_VIRGINIANUS
0_0_ODOCOILEUS_VIRGINIANUS_video_IMG_0033_image003.jpg,9,ODOCOILEUS_VIRGINIANUS
0_0_ODOCOILEUS_VIRGINIANUS_video_IMG_0033_image004.jpg,9,ODOCOILEUS_VIRGINIANUS
0_0_ODOCOILEUS_VIRGINIANUS_video_IMG_0033_image005.jpg,9,ODOCOILEUS_VIRGINIANUS
0_0_ODOCOILEUS_VIRGINIANUS_video_IMG_0033_image006.jpg,9,ODOCOILEUS_VIRGINIANUS
0_0_ODOCOILEUS_VIRGINIANUS_video_IMG_0033_image007.jpg,9,ODOCOILEUS_VIRGINIANUS
0_0_ODOCOILEUS_VIRGINIANUS_video_IMG_0033_image008.jpg,9,ODOCOILEUS_VIRGINIANUS
0_0_ODOCOILEUS_VIRGINIANUS_video_IMG_0033_image009.jpg,9,ODOCOILEUS_VIRGINIANUS
0_0_ODOCOILEUS_VIRGINIANUS_video_IMG_0033_image010.jpg,9,ODOCOILEUS_VIRGINIANUS
0_0_ODOCOILEUS_VIRGINIANUS_video_IMG_0035_image001.jpg,9,ODOCOILEUS_VIRGINIANUS
0_0_ODOCOILEUS_VIRGINIANUS_video_IMG_0035_image002.jpg,9,ODOCOILEUS_VIRGINIANUS
0_0_ODOCOILEUS_VIRGINIANUS_video_IMG_0035_image003.jpg,9,ODOCOILEUS_VIRGINIANUS
0_0_ODOCOILEUS_VIRGINIANUS_video_IMG_0035_image004.jpg,9,ODOCOILEUS_VIRGINIANUS
0_0_ODOCOILEUS_VIRGINIANUS_video_IMG_0035_image005.jpg,9,ODOCOILEUS_VIRGINIANUS
0_0_ODOCOILEUS_VIRGINIANUS_video_IMG_0035_image006.jpg,9,ODOCOILEUS_VIRGINIANUS
0_0_ODOCOILEUS_VIRGINIANUS_video_IMG_0035_image007.jpg,9,ODOCOILEUS_VIRGINIANUS
0_0_ODOCOILEUS_VIRGINIANUS_video_IMG_0035_image008.jpg,9,ODOCOILEUS_VIRGINIANUS
0_0_ODOCOILEUS_VIRGINIANUS_video_IMG_0035_image009.jpg,9,ODOCOILEUS_VIRGINIANUS
0_0_ODOCOILEUS_VIRGINIANUS_video_IMG_0035_image010.jpg,9,ODOCOILEUS_VIRGINIANUS
0_0_ODOCOILEUS_VIRGINIANUS_video_IMG_0063_image001.jpg,9,ODOCOILEUS_VIRGINIANUS
0_0_ODOCOILEUS_VIRGINIANUS_video_IMG_0063_image002.jpg,9,ODOCOILEUS_VIRGINIANUS
0_0_ODOCOILEUS_VIRGINIANUS_video_IMG_0063_image003.jpg,9,ODOCOILEUS_VIRGINIANUS
0_0_ODOCOILEUS_VIRGINIANUS_video_IMG_0063_image004.jpg,9,ODOCOILEUS_VIRGINIANUS
0_0_ODOCOILEUS_VIRGINIANUS_video_IMG_0063_image005.jpg,9,ODOCOILEUS_VIRGINIANUS
0_0_ODOCOILEUS_VIRGINIANUS_video_IMG_0083_image001.jpg,9,ODOCOILEUS_VIRGINIANUS
0_0_ODOCOILEUS_VIRGINIANUS_video_IMG_0083_image002.jpg,9,ODOCOILEUS_VIRGINIANUS
0_1_ODOCOILEUS_VIRGINIANUS_video_IMG_0083_image002.jpg,9,ODOCOILEUS_VIRGINIANUS
0_0_ODOCOILEUS_VIRGINIANUS_video_IMG_0083_image003.jpg,9,ODOCOILEUS_VIRGINIANUS
0_1_ODOCOILEUS_VIRGINIANUS_video_IMG_0083_image003.jpg,9,ODOCOILEUS_VIRGINIANUS
0_0_ODOCOILEUS_VIRGINIANUS_video_IMG_0083_image004.jpg,9,ODOCOILEUS_VIRGINIANUS
0_1_ODOCOILEUS_VIRGINIANUS_video_IMG_0083_image004.jpg,9,ODOCOILEUS_VIRGINIANUS
0_0_ODOCOILEUS_VIRGINIANUS_video_IMG_0083_image005.jpg,9,ODOCOILEUS_VIRGINIANUS
0_1_ODOCOILEUS_VIRGINIANUS_video_IMG_0083_image005.jpg,9,ODOCOILEUS_VIRGINIANUS
0_0_ODOCOILEUS_VIRGINIANUS_video_IMG_0083_image006.jpg,9,ODOCOILEUS_VIRGINIANUS
0_1_ODOCOILEUS_VIRGINIANUS_video_IMG_0083_image006.jpg,9,ODOCOILEUS_VIRGINIANUS
0_0_ODOCOILEUS_VIRGINIANUS_video_IMG_0083_image007.jpg,9,ODOCOILEUS_VIRGINIANUS
0_0_ODOCOILEUS_VIRGINIANUS_video_IMG_0083_image008.jpg,9,ODOCOILEUS_VIRGINIANUS
0_0_ODOCOILEUS_VIRGINIANUS_video_IMG_0105_image001.jpg,9,ODOCOILEUS_VIRGINIANUS
0_0_ODOCOILEUS_VIRGINIANUS_video_IMG_0105_image002.jpg,9,ODOCOILEUS_VIRGINIANUS
0_0_ODOCOILEUS_VIRGINIANUS_video_IMG_0105_image003.jpg,9,ODOCOILEUS_VIRGINIANUS
0_0_ODOCOILEUS_VIRGINIANUS_video_IMG_0105_image004.jpg,9,ODOCOILEUS_VIRGINIANUS
0_0_ODOCOILEUS_VIRGINIANUS_video_IMG_0105_image005.jpg,9,ODOCOILEUS_VIRGINIANUS
0_0_ODOCOILEUS_VIRGINIANUS_video_IMG_0105_image006.jpg,9,ODOCOILEUS_VIRGINIANUS
0_0_ODOCOILEUS_VIRGINIANUS_video_IMG_0105_image007.jpg,9,ODOCOILEUS_VIRGINIANUS
0_0_ODOCOILEUS_VIRGINIANUS_video_IMG_0105_image008.jpg,9,ODOCOILEUS_VIRGINIANUS
0_0_ODOCOILEUS_VIRGINIANUS_video_IMG_0105_image009.jpg,9,ODOCOILEUS_VIRGINIANUS
0_0_ODOCOILEUS_VIRGINIANUS_video_IMG_0105_image010.jpg,9,ODOCOILEUS_VIRGINIANUS
0_0_ODOCOILEUS_VIRGINIANUS_video_IMG_0232_image001.jpg,9,ODOCOILEUS_VIRGINIANUS
0_0_ODOCOILEUS_VIRGINIANUS_video_IMG_0232_image002.jpg,9,ODOCOILEUS_VIRGINIANUS
0_0_ODOCOILEUS_VIRGINIANUS_video_IMG_0232_image003.jpg,9,ODOCOILEUS_VIRGINIANUS
0_0_ODOCOILEUS_VIRGINIANUS_video_IMG_0232_image004.jpg,9,ODOCOILEUS_VIRGINIANUS
0_0_ODOCOILEUS_VIRGINIANUS_video_IMG_0232_image005.jpg,9,ODOCOILEUS_VIRGINIANUS
0_0_ODOCOILEUS_VIRGINIANUS_video_IMG_0232_image006.jpg,9,ODOCOILEUS_VIRGINIANUS
0_0_ODOCOILEUS_VIRGINIANUS_video_IMG_0232_image007.jpg,9,ODOCOILEUS_VIRGINIANUS
0_0_ODOCOILEUS_VIRGINIANUS_video_IMG_0232_image008.jpg,9,ODOCOILEUS_VIRGINIANUS
0_0_ODOCOILEUS_VIRGINIANUS_video_IMG_0232_image009.jpg,9,ODOCOILEUS_VIRGINIANUS
0_0_ODOCOILEUS_VIRGINIANUS_video_IMG_0232_image010.jpg,9,ODOCOILEUS_VIRGINIANUS
0_0_ODOCOILEUS_VIRGINIANUS_video_IMG_0233_image001.jpg,9,ODOCOILEUS_VIRGINIANUS
0_0_ODOCOILEUS_VIRGINIANUS_video_IMG_0233_image002.jpg,9,ODOCOILEUS_VIRGINIANUS
0_0_ODOCOILEUS_VIRGINIANUS_video_IMG_0233_image003.jpg,9,ODOCOILEUS_VIRGINIANUS
0_0_ODOCOILEUS_VIRGINIANUS_video_IMG_0233_image004.jpg,9,ODOCOILEUS_VIRGINIANUS
0_0_ODOCOILEUS_VIRGINIANUS_video_IMG_0233_image005.jpg,9,ODOCOILEUS_VIRGINIANUS
0_0_ODOCOILEUS_VIRGINIANUS_video_IMG_0233_image006.jpg,9,ODOCOILEUS_VIRGINIANUS
0_0_ODOCOILEUS_VIRGINIANUS_video_IMG_0233_image007.jpg,9,ODOCOILEUS_VIRGINIANUS
0_0_ODOCOILEUS_VIRGINIANUS_video_IMG_0233_image008.jpg,9,ODOCOILEUS_VIRGINIANUS
0_0_ODOCOILEUS_VIRGINIANUS_video_IMG_0233_image009.jpg,9,ODOCOILEUS_VIRGINIANUS
0_0_ODOCOILEUS_VIRGINIANUS_video_IMG_0233_image010.jpg,9,ODOCOILEUS_VIRGINIANUS
0_0_ODOCOILEUS_VIRGINIANUS_video_IMG_0251_image001.jpg,9,ODOCOILEUS_VIRGINIANUS
0_0_ODOCOILEUS_VIRGINIANUS_video_IMG_0251_image002.jpg,9,ODOCOILEUS_VIRGINIANUS
0_0_ODOCOILEUS_VIRGINIANUS_video_IMG_0251_image003.jpg,9,ODOCOILEUS_VIRGINIANUS
0_0_ODOCOILEUS_VIRGINIANUS_video_IMG_0251_image004.jpg,9,ODOCOILEUS_VIRGINIANUS
0_0_ODOCOILEUS_VIRGINIANUS_video_IMG_0251_image005.jpg,9,ODOCOILEUS_VIRGINIANUS
0_0_ODOCOILEUS_VIRGINIANUS_video_IMG_0251_image006.jpg,9,ODOCOILEUS_VIRGINIANUS
0_0_ODOCOILEUS_VIRGINIANUS_video_IMG_0251_image007.jpg,9,ODOCOILEUS_VIRGINIANUS
0_0_ODOCOILEUS_VIRGINIANUS_video_IMG_0251_image008.jpg,9,ODOCOILEUS_VIRGINIANUS
0_0_ODOCOILEUS_VIRGINIANUS_video_IMG_0251_image009.jpg,9,ODOCOILEUS_VIRGINIANUS
0_0_ODOCOILEUS_VIRGINIANUS_video_IMG_0251_image010.jpg,9,ODOCOILEUS_VIRGINIANUS
0_0_ODOCOILEUS_VIRGINIANUS_video_IMG_0327_image001.jpg,9,ODOCOILEUS_VIRGINIANUS
0_0_ODOCOILEUS_VIRGINIANUS_video_IMG_0327_image002.jpg,9,ODOCOILEUS_VIRGINIANUS
0_0_ODOCOILEUS_VIRGINIANUS_video_IMG_0327_image003.jpg,9,ODOCOILEUS_VIRGINIANUS
0_0_ODOCOILEUS_VIRGINIANUS_video_IMG_0327_image004.jpg,9,ODOCOILEUS_VIRGINIANUS
0_0_ODOCOILEUS_VIRGINIANUS_video_IMG_0327_image005.jpg,9,ODOCOILEUS_VIRGINIANUS
0_0_ODOCOILEUS_VIRGINIANUS_video_IMG_0327_image006.jpg,9,ODOCOILEUS_VIRGINIANUS
0_0_ODOCOILEUS_VIRGINIANUS_video_IMG_0327_image007.jpg,9,ODOCOILEUS_VIRGINIANUS
0_0_ODOCOILEUS_VIRGINIANUS_video_IMG_0327_image008.jpg,9,ODOCOILEUS_VIRGINIANUS
0_0_ODOCOILEUS_VIRGINIANUS_video_IMG_0327_image009.jpg,9,ODOCOILEUS_VIRGINIANUS
0_0_ODOCOILEUS_VIRGINIANUS_video_IMG_0327_image010.jpg,9,ODOCOILEUS_VIRGINIANUS
0_0_ODOCOILEUS_VIRGINIANUS_video_IMG_0336_image001.jpg,9,ODOCOILEUS_VIRGINIANUS
0_0_ODOCOILEUS_VIRGINIANUS_video_IMG_0336_image002.jpg,9,ODOCOILEUS_VIRGINIANUS
0_0_ODOCOILEUS_VIRGINIANUS_video_IMG_0336_image003.jpg,9,ODOCOILEUS_VIRGINIANUS
0_0_ODOCOILEUS_VIRGINIANUS_video_IMG_0336_image004.jpg,9,ODOCOILEUS_VIRGINIANUS
0_0_ODOCOILEUS_VIRGINIANUS_video_IMG_0336_image005.jpg,9,ODOCOILEUS_VIRGINIANUS
0_0_ODOCOILEUS_VIRGINIANUS_video_IMG_0336_image006.jpg,9,ODOCOILEUS_VIRGINIANUS
0_0_ODOCOILEUS_VIRGINIANUS_video_IMG_0336_image007.jpg,9,ODOCOILEUS_VIRGINIANUS
0_0_ODOCOILEUS_VIRGINIANUS_video_IMG_0336_image008.jpg,9,ODOCOILEUS_VIRGINIANUS
0_0_ODOCOILEUS_VIRGINIANUS_video_IMG_0336_image009.jpg,9,ODOCOILEUS_VIRGINIANUS
0_0_ODOCOILEUS_VIRGINIANUS_video_IMG_0336_image010.jpg,9,ODOCOILEUS_VIRGINIANUS
0_0_ODOCOILEUS_VIRGINIANUS_video_IMG_0426_image001.jpg,9,ODOCOILEUS_VIRGINIANUS
0_0_ODOCOILEUS_VIRGINIANUS_video_IMG_0426_image002.jpg,9,ODOCOILEUS_VIRGINIANUS
0_0_ODOCOILEUS_VIRGINIANUS_video_IMG_0426_image003.jpg,9,ODOCOILEUS_VIRGINIANUS
0_0_ODOCOILEUS_VIRGINIANUS_video_IMG_0426_image004.jpg,9,ODOCOILEUS_VIRGINIANUS
0_0_ODOCOILEUS_VIRGINIANUS_video_IMG_0426_image005.jpg,9,ODOCOILEUS_VIRGINIANUS
0_0_ODOCOILEUS_VIRGINIANUS_video_IMG_0426_image006.jpg,9,ODOCOILEUS_VIRGINIANUS
0_0_ODOCOILEUS_VIRGINIANUS_video_IMG_0426_image007.jpg,9,ODOCOILEUS_VIRGINIANUS
0_0_ODOCOILEUS_VIRGINIANUS_video_IMG_0426_image008.jpg,9,ODOCOILEUS_VIRGINIANUS
0_0_ODOCOILEUS_VIRGINIANUS_video_IMG_0426_image009.jpg,9,ODOCOILEUS_VIRGINIANUS
0_0_ODOCOILEUS_VIRGINIANUS_video_IMG_0426_image010.jpg,9,ODOCOILEUS_VIRGINIANUS
0_0_ODOCOILEUS_VIRGINIANUS_video_MFDC3055_image001.jpg,9,ODOCOILEUS_VIRGINIANUS
0_1_ODOCOILEUS_VIRGINIANUS_video_MFDC3055_image001.jpg,9,ODOCOILEUS_VIRGINIANUS
0_2_ODOCOILEUS_VIRGINIANUS_video_MFDC3055_image001.jpg,9,ODOCOILEUS_VIRGINIANUS
0_0_ODOCOILEUS_VIRGINIANUS_video_MFDC3055_image002.jpg,9,ODOCOILEUS_VIRGINIANUS
0_1_ODOCOILEUS_VIRGINIANUS_video_MFDC3055_image002.jpg,9,ODOCOILEUS_VIRGINIANUS
0_0_ODOCOILEUS_VIRGINIANUS_video_MFDC3055_image003.jpg,9,ODOCOILEUS_VIRGINIANUS
0_1_ODOCOILEUS_VIRGINIANUS_video_MFDC3055_image003.jpg,9,ODOCOILEUS_VIRGINIANUS
0_0_ODOCOILEUS_VIRGINIANUS_video_MFDC3055_image004.jpg,9,ODOCOILEUS_VIRGINIANUS
0_1_ODOCOILEUS_VIRGINIANUS_video_MFDC3055_image004.jpg,9,ODOCOILEUS_VIRGINIANUS
0_0_ODOCOILEUS_VIRGINIANUS_video_MFDC3055_image005.jpg,9,ODOCOILEUS_VIRGINIANUS
0_1_ODOCOILEUS_VIRGINIANUS_video_MFDC3055_image005.jpg,9,ODOCOILEUS_VIRGINIANUS
0_0_ODOCOILEUS_VIRGINIANUS_video_MFDC3055_image006.jpg,9,ODOCOILEUS_VIRGINIANUS
0_1_ODOCOILEUS_VIRGINIANUS_video_MFDC3055_image006.jpg,9,ODOCOILEUS_VIRGINIANUS
0_0_ODOCOILEUS_VIRGINIANUS_video_MFDC3055_image007.jpg,9,ODOCOILEUS_VIRGINIANUS
0_1_ODOCOILEUS_VIRGINIANUS_video_MFDC3055_image007.jpg,9,ODOCOILEUS_VIRGINIANUS
0_2_ODOCOILEUS_VIRGINIANUS_video_MFDC3055_image007.jpg,9,ODOCOILEUS_VIRGINIANUS
0_0_ODOCOILEUS_VIRGINIANUS_video_MFDC3055_image008.jpg,9,ODOCOILEUS_VIRGINIANUS
0_1_ODOCOILEUS_VIRGINIANUS_video_MFDC3055_image008.jpg,9,ODOCOILEUS_VIRGINIANUS
0_2_ODOCOILEUS_VIRGINIANUS_video_MFDC3055_image008.jpg,9,ODOCOILEUS_VIRGINIANUS
0_3_ODOCOILEUS_VIRGINIANUS_video_MFDC3055_image008.jpg,9,ODOCOILEUS_VIRGINIANUS
0_0_ODOCOILEUS_VIRGINIANUS_video_MFDC3055_image009.jpg,9,ODOCOILEUS_VIRGINIANUS
0_1_ODOCOILEUS_VIRGINIANUS_video_MFDC3055_image009.jpg,9,ODOCOILEUS_VIRGINIANUS
0_2_ODOCOILEUS_VIRGINIANUS_video_MFDC3055_image009.jpg,9,ODOCOILEUS_VIRGINIANUS
0_0_ODOCOILEUS_VIRGINIANUS_video_MFDC3055_image010.jpg,9,ODOCOILEUS_VIRGINIANUS
0_1_ODOCOILEUS_VIRGINIANUS_video_MFDC3055_image010.jpg,9,ODOCOILEUS_VIRGINIANUS
0_2_ODOCOILEUS_VIRGINIANUS_video_MFDC3055_image010.jpg,9,ODOCOILEUS_VIRGINIANUS
0_0_ODOCOILEUS_VIRGINIANUS_video_MFDC3056_image001.jpg,9,ODOCOILEUS_VIRGINIANUS
0_1_ODOCOILEUS_VIRGINIANUS_video_MFDC3056_image001.jpg,9,ODOCOILEUS_VIRGINIANUS
0_0_ODOCOILEUS_VIRGINIANUS_video_MFDC3056_image002.jpg,9,ODOCOILEUS_VIRGINIANUS
0_1_ODOCOILEUS_VIRGINIANUS_video_MFDC3056_image002.jpg,9,ODOCOILEUS_VIRGINIANUS
0_0_ODOCOILEUS_VIRGINIANUS_video_MFDC3056_image003.jpg,9,ODOCOILEUS_VIRGINIANUS
0_0_ODOCOILEUS_VIRGINIANUS_video_MFDC3056_image004.jpg,9,ODOCOILEUS_VIRGINIANUS
0_0_ODOCOILEUS_VIRGINIANUS_video_MFDC3056_image005.jpg,9,ODOCOILEUS_VIRGINIANUS
0_0_ODOCOILEUS_VIRGINIANUS_video_MFDC3056_image006.jpg,9,ODOCOILEUS_VIRGINIANUS
0_0_ODOCOILEUS_VIRGINIANUS_video_MFDC3056_image007.jpg,9,ODOCOILEUS_VIRGINIANUS
0_0_ODOCOILEUS_VIRGINIANUS_video_MFDC3056_image008.jpg,9,ODOCOILEUS_VIRGINIANUS
0_0_ODOCOILEUS_VIRGINIANUS_video_MFDC3056_image009.jpg,9,ODOCOILEUS_VIRGINIANUS
0_1_ODOCOILEUS_VIRGINIANUS_video_MFDC3056_image009.jpg,9,ODOCOILEUS_VIRGINIANUS
0_0_ODOCOILEUS_VIRGINIANUS_video_MFDC3056_image010.jpg,9,ODOCOILEUS_VIRGINIANUS
0_1_ODOCOILEUS_VIRGINIANUS_video_MFDC3056_image010.jpg,9,ODOCOILEUS_VIRGINIANUS
0_0_ODOCOILEUS_VIRGINIANUS_video_MFDC3057_image001.jpg,9,ODOCOILEUS_VIRGINIANUS
0_1_ODOCOILEUS_VIRGINIANUS_video_MFDC3057_image001.jpg,9,ODOCOILEUS_VIRGINIANUS
0_0_ODOCOILEUS_VIRGINIANUS_video_MFDC3057_image002.jpg,9,ODOCOILEUS_VIRGINIANUS
0_1_ODOCOILEUS_VIRGINIANUS_video_MFDC3057_image002.jpg,9,ODOCOILEUS_VIRGINIANUS
0_0_ODOCOILEUS_VIRGINIANUS_video_MFDC3057_image003.jpg,9,ODOCOILEUS_VIRGINIANUS
0_1_ODOCOILEUS_VIRGINIANUS_video_MFDC3057_image003.jpg,9,ODOCOILEUS_VIRGINIANUS
0_0_ODOCOILEUS_VIRGINIANUS_video_MFDC3057_image004.jpg,9,ODOCOILEUS_VIRGINIANUS
0_1_ODOCOILEUS_VIRGINIANUS_video_MFDC3057_image004.jpg,9,ODOCOILEUS_VIRGINIANUS
0_0_ODOCOILEUS_VIRGINIANUS_video_MFDC3057_image005.jpg,9,ODOCOILEUS_VIRGINIANUS
0_1_ODOCOILEUS_VIRGINIANUS_video_MFDC3057_image005.jpg,9,ODOCOILEUS_VIRGINIANUS
0_0_ODOCOILEUS_VIRGINIANUS_video_MFDC3057_image006.jpg,9,ODOCOILEUS_VIRGINIANUS
0_1_ODOCOILEUS_VIRGINIANUS_video_MFDC3057_image006.jpg,9,ODOCOILEUS_VIRGINIANUS
0_0_ODOCOILEUS_VIRGINIANUS_video_MFDC3057_image007.jpg,9,ODOCOILEUS_VIRGINIANUS
0_1_ODOCOILEUS_VIRGINIANUS_video_MFDC3057_image007.jpg,9,ODOCOILEUS_VIRGINIANUS
0_0_ODOCOILEUS_VIRGINIANUS_video_MFDC3057_image008.jpg,9,ODOCOILEUS_VIRGINIANUS
0_1_ODOCOILEUS_VIRGINIANUS_video_MFDC3057_image008.jpg,9,ODOCOILEUS_VIRGINIANUS
0_0_ODOCOILEUS_VIRGINIANUS_video_MFDC3057_image009.jpg,9,ODOCOILEUS_VIRGINIANUS
0_0_ODOCOILEUS_VIRGINIANUS_video_MFDC3057_image010.jpg,9,ODOCOILEUS_VIRGINIANUS
0_1_ODOCOILEUS_VIRGINIANUS_video_MFDC3057_image010.jpg,9,ODOCOILEUS_VIRGINIANUS
0_0_ODOCOILEUS_VIRGINIANUS_video_MFDC3058_image001.jpg,9,ODOCOILEUS_VIRGINIANUS
0_1_ODOCOILEUS_VIRGINIANUS_video_MFDC3058_image001.jpg,9,ODOCOILEUS_VIRGINIANUS
0_0_ODOCOILEUS_VIRGINIANUS_video_MFDC3058_image002.jpg,9,ODOCOILEUS_VIRGINIANUS
0_1_ODOCOILEUS_VIRGINIANUS_video_MFDC3058_image002.jpg,9,ODOCOILEUS_VIRGINIANUS
0_0_ODOCOILEUS_VIRGINIANUS_video_MFDC3058_image003.jpg,9,ODOCOILEUS_VIRGINIANUS
0_1_ODOCOILEUS_VIRGINIANUS_video_MFDC3058_image003.jpg,9,ODOCOILEUS_VIRGINIANUS
0_0_ODOCOILEUS_VIRGINIANUS_video_MFDC3058_image004.jpg,9,ODOCOILEUS_VIRGINIANUS
0_0_ODOCOILEUS_VIRGINIANUS_video_MFDC3058_image005.jpg,9,ODOCOILEUS_VIRGINIANUS
0_1_ODOCOILEUS_VIRGINIANUS_video_MFDC3058_image005.jpg,9,ODOCOILEUS_VIRGINIANUS
0_0_ODOCOILEUS_VIRGINIANUS_video_MFDC3058_image006.jpg,9,ODOCOILEUS_VIRGINIANUS
0_0_ODOCOILEUS_VIRGINIANUS_video_MFDC3058_image007.jpg,9,ODOCOILEUS_VIRGINIANUS
0_1_ODOCOILEUS_VIRGINIANUS_video_MFDC3058_image007.jpg,9,ODOCOILEUS_VIRGINIANUS
0_0_ODOCOILEUS_VIRGINIANUS_video_MFDC3058_image008.jpg,9,ODOCOILEUS_VIRGINIANUS
0_0_ODOCOILEUS_VIRGINIANUS_video_MFDC3058_image009.jpg,9,ODOCOILEUS_VIRGINIANUS
0_0_ODOCOILEUS_VIRGINIANUS_video_MFDC3058_image010.jpg,9,ODOCOILEUS_VIRGINIANUS
0_0_ODOCOILEUS_VIRGINIANUS_video_MFDC3059_image001.jpg,9,ODOCOILEUS_VIRGINIANUS
0_1_ODOCOILEUS_VIRGINIANUS_video_MFDC3059_image001.jpg,9,ODOCOILEUS_VIRGINIANUS
0_0_ODOCOILEUS_VIRGINIANUS_video_MFDC3059_image002.jpg,9,ODOCOILEUS_VIRGINIANUS
0_1_ODOCOILEUS_VIRGINIANUS_video_MFDC3059_image002.jpg,9,ODOCOILEUS_VIRGINIANUS
0_0_ODOCOILEUS_VIRGINIANUS_video_MFDC3059_image003.jpg,9,ODOCOILEUS_VIRGINIANUS
0_1_ODOCOILEUS_VIRGINIANUS_video_MFDC3059_image003.jpg,9,ODOCOILEUS_VIRGINIANUS
0_0_ODOCOILEUS_VIRGINIANUS_video_MFDC3059_image004.jpg,9,ODOCOILEUS_VIRGINIANUS
0_1_ODOCOILEUS_VIRGINIANUS_video_MFDC3059_image004.jpg,9,ODOCOILEUS_VIRGINIANUS
0_0_ODOCOILEUS_VIRGINIANUS_video_MFDC3059_image005.jpg,9,ODOCOILEUS_VIRGINIANUS
0_1_ODOCOILEUS_VIRGINIANUS_video_MFDC3059_image005.jpg,9,ODOCOILEUS_VIRGINIANUS
0_0_ODOCOILEUS_VIRGINIANUS_video_MFDC3059_image006.jpg,9,ODOCOILEUS_VIRGINIANUS
0_1_ODOCOILEUS_VIRGINIANUS_video_MFDC3059_image006.jpg,9,ODOCOILEUS_VIRGINIANUS
0_0_ODOCOILEUS_VIRGINIANUS_video_MFDC3059_image007.jpg,9,ODOCOILEUS_VIRGINIANUS
0_1_ODOCOILEUS_VIRGINIANUS_video_MFDC3059_image007.jpg,9,ODOCOILEUS_VIRGINIANUS
0_0_ODOCOILEUS_VIRGINIANUS_video_MFDC3059_image008.jpg,9,ODOCOILEUS_VIRGINIANUS
0_1_ODOCOILEUS_VIRGINIANUS_video_MFDC3059_image008.jpg,9,ODOCOILEUS_VIRGINIANUS
0_0_ODOCOILEUS_VIRGINIANUS_video_MFDC3059_image009.jpg,9,ODOCOILEUS_VIRGINIANUS
0_1_ODOCOILEUS_VIRGINIANUS_video_MFDC3059_image009.jpg,9,ODOCOILEUS_VIRGINIANUS
0_0_ODOCOILEUS_VIRGINIANUS_video_MFDC3059_image010.jpg,9,ODOCOILEUS_VIRGINIANUS
0_1_ODOCOILEUS_VIRGINIANUS_video_MFDC3059_image010.jpg,9,ODOCOILEUS_VIRGINIANUS
0_0_ODOCOILEUS_VIRGINIANUS_video_MFDC3066_image001.jpg,9,ODOCOILEUS_VIRGINIANUS
0_0_ODOCOILEUS_VIRGINIANUS_video_MFDC3066_image002.jpg,9,ODOCOILEUS_VIRGINIANUS
0_0_ODOCOILEUS_VIRGINIANUS_video_MFDC3066_image003.jpg,9,ODOCOILEUS_VIRGINIANUS
0_0_ODOCOILEUS_VIRGINIANUS_video_MFDC3066_image004.jpg,9,ODOCOILEUS_VIRGINIANUS
0_1_ODOCOILEUS_VIRGINIANUS_video_MFDC3066_image004.jpg,9,ODOCOILEUS_VIRGINIANUS
0_2_ODOCOILEUS_VIRGINIANUS_video_MFDC3066_image004.jpg,9,ODOCOILEUS_VIRGINIANUS
0_0_ODOCOILEUS_VIRGINIANUS_video_MFDC3066_image005.jpg,9,ODOCOILEUS_VIRGINIANUS
0_0_ODOCOILEUS_VIRGINIANUS_video_MFDC3066_image006.jpg,9,ODOCOILEUS_VIRGINIANUS
0_0_ODOCOILEUS_VIRGINIANUS_video_MFDC3066_image007.jpg,9,ODOCOILEUS_VIRGINIANUS
0_0_ODOCOILEUS_VIRGINIANUS_video_MFDC3066_image008.jpg,9,ODOCOILEUS_VIRGINIANUS
0_0_ODOCOILEUS_VIRGINIANUS_video_MFDC3066_image009.jpg,9,ODOCOILEUS_VIRGINIANUS
0_0_ODOCOILEUS_VIRGINIANUS_video_MFDC3066_image010.jpg,9,ODOCOILEUS_VIRGINIANUS
0_0_ODOCOILEUS_VIRGINIANUS_video_MFDC3067_image001.jpg,9,ODOCOILEUS_VIRGINIANUS
0_0_ODOCOILEUS_VIRGINIANUS_video_MFDC3067_image002.jpg,9,ODOCOILEUS_VIRGINIANUS
0_0_ODOCOILEUS_VIRGINIANUS_video_MFDC3067_image003.jpg,9,ODOCOILEUS_VIRGINIANUS
0_0_ODOCOILEUS_VIRGINIANUS_video_MFDC3067_image004.jpg,9,ODOCOILEUS_VIRGINIANUS
0_0_ODOCOILEUS_VIRGINIANUS_video_MFDC3067_image005.jpg,9,ODOCOILEUS_VIRGINIANUS
0_0_ODOCOILEUS_VIRGINIANUS_video_MFDC3067_image006.jpg,9,ODOCOILEUS_VIRGINIANUS
0_0_ODOCOILEUS_VIRGINIANUS_video_MFDC3067_image007.jpg,9,ODOCOILEUS_VIRGINIANUS
0_0_ODOCOILEUS_VIRGINIANUS_video_MFDC3067_image008.jpg,9,ODOCOILEUS_VIRGINIANUS
0_0_ODOCOILEUS_VIRGINIANUS_video_MFDC3067_image009.jpg,9,ODOCOILEUS_VIRGINIANUS
0_0_ODOCOILEUS_VIRGINIANUS_video_MFDC3067_image010.jpg,9,ODOCOILEUS_VIRGINIANUS
0_0_ODOCOILEUS_VIRGINIANUS_video_MFDC3078_image001.jpg,9,ODOCOILEUS_VIRGINIANUS
0_0_ODOCOILEUS_VIRGINIANUS_video_MFDC3078_image002.jpg,9,ODOCOILEUS_VIRGINIANUS
0_0_ODOCOILEUS_VIRGINIANUS_video_MFDC3078_image003.jpg,9,ODOCOILEUS_VIRGINIANUS
0_0_ODOCOILEUS_VIRGINIANUS_video_MFDC3078_image004.jpg,9,ODOCOILEUS_VIRGINIANUS
0_0_ODOCOILEUS_VIRGINIANUS_video_MFDC3078_image005.jpg,9,ODOCOILEUS_VIRGINIANUS
0_0_ODOCOILEUS_VIRGINIANUS_video_MFDC3078_image006.jpg,9,ODOCOILEUS_VIRGINIANUS
0_0_ODOCOILEUS_VIRGINIANUS_video_MFDC3078_image007.jpg,9,ODOCOILEUS_VIRGINIANUS
0_0_ODOCOILEUS_VIRGINIANUS_video_MFDC3078_image008.jpg,9,ODOCOILEUS_VIRGINIANUS
0_0_ODOCOILEUS_VIRGINIANUS_video_MFDC3078_image009.jpg,9,ODOCOILEUS_VIRGINIANUS
0_0_ODOCOILEUS_VIRGINIANUS_video_MFDC3078_image010.jpg,9,ODOCOILEUS_VIRGINIANUS
0_0_ODOCOILEUS_VIRGINIANUS_video_MFDC3079_image001.jpg,9,ODOCOILEUS_VIRGINIANUS
0_0_ODOCOILEUS_VIRGINIANUS_video_MFDC3079_image002.jpg,9,ODOCOILEUS_VIRGINIANUS
0_0_ODOCOILEUS_VIRGINIANUS_video_MFDC3079_image003.jpg,9,ODOCOILEUS_VIRGINIANUS
0_0_ODOCOILEUS_VIRGINIANUS_video_MFDC3079_image004.jpg,9,ODOCOILEUS_VIRGINIANUS
0_0_ODOCOILEUS_VIRGINIANUS_video_MFDC3079_image005.jpg,9,ODOCOILEUS_VIRGINIANUS
0_0_ODOCOILEUS_VIRGINIANUS_video_MFDC3079_image006.jpg,9,ODOCOILEUS_VIRGINIANUS
0_0_ODOCOILEUS_VIRGINIANUS_video_MFDC3079_image007.jpg,9,ODOCOILEUS_VIRGINIANUS
0_0_ODOCOILEUS_VIRGINIANUS_video_MFDC3079_image008.jpg,9,ODOCOILEUS_VIRGINIANUS
0_0_ODOCOILEUS_VIRGINIANUS_video_MFDC3079_image009.jpg,9,ODOCOILEUS_VIRGINIANUS
0_0_ODOCOILEUS_VIRGINIANUS_video_MFDC3079_image010.jpg,9,ODOCOILEUS_VIRGINIANUS
0_0_ODOCOILEUS_VIRGINIANUS_video_MFDC3080_image001.jpg,9,ODOCOILEUS_VIRGINIANUS
0_0_ODOCOILEUS_VIRGINIANUS_video_MFDC3080_image002.jpg,9,ODOCOILEUS_VIRGINIANUS
0_0_ODOCOILEUS_VIRGINIANUS_video_MFDC3080_image003.jpg,9,ODOCOILEUS_VIRGINIANUS
0_0_ODOCOILEUS_VIRGINIANUS_video_MFDC3080_image004.jpg,9,ODOCOILEUS_VIRGINIANUS
0_0_ODOCOILEUS_VIRGINIANUS_video_MFDC3080_image005.jpg,9,ODOCOILEUS_VIRGINIANUS
0_0_ODOCOILEUS_VIRGINIANUS_video_MFDC3080_image006.jpg,9,ODOCOILEUS_VIRGINIANUS
0_0_ODOCOILEUS_VIRGINIANUS_video_MFDC3080_image007.jpg,9,ODOCOILEUS_VIRGINIANUS
0_0_ODOCOILEUS_VIRGINIANUS_video_MFDC3080_image008.jpg,9,ODOCOILEUS_VIRGINIANUS
0_0_ODOCOILEUS_VIRGINIANUS_video_MFDC3080_image009.jpg,9,ODOCOILEUS_VIRGINIANUS
0_0_ODOCOILEUS_VIRGINIANUS_video_MFDC3080_image010.jpg,9,ODOCOILEUS_VIRGINIANUS
0_0_ODOCOILEUS_VIRGINIANUS_video_MFDC3081_image001.jpg,9,ODOCOILEUS_VIRGINIANUS
0_0_ODOCOILEUS_VIRGINIANUS_video_MFDC3081_image002.jpg,9,ODOCOILEUS_VIRGINIANUS
0_0_ODOCOILEUS_VIRGINIANUS_video_MFDC3081_image003.jpg,9,ODOCOILEUS_VIRGINIANUS
0_0_ODOCOILEUS_VIRGINIANUS_video_MFDC3081_image004.jpg,9,ODOCOILEUS_VIRGINIANUS
0_0_ODOCOILEUS_VIRGINIANUS_video_MFDC3081_image005.jpg,9,ODOCOILEUS_VIRGINIANUS
0_0_ODOCOILEUS_VIRGINIANUS_video_MFDC3081_image006.jpg,9,ODOCOILEUS_VIRGINIANUS
0_0_ODOCOILEUS_VIRGINIANUS_video_MFDC3081_image007.jpg,9,ODOCOILEUS_VIRGINIANUS
0_0_ODOCOILEUS_VIRGINIANUS_video_MFDC3081_image008.jpg,9,ODOCOILEUS_VIRGINIANUS
0_0_ODOCOILEUS_VIRGINIANUS_video_MFDC3081_image009.jpg,9,ODOCOILEUS_VIRGINIANUS
0_0_ODOCOILEUS_VIRGINIANUS_video_MFDC3081_image010.jpg,9,ODOCOILEUS_VIRGINIANUS
0_0_ODOCOILEUS_VIRGINIANUS_video_MFDC3082_image001.jpg,9,ODOCOILEUS_VIRGINIANUS
0_0_ODOCOILEUS_VIRGINIANUS_video_MFDC3082_image002.jpg,9,ODOCOILEUS_VIRGINIANUS
0_0_ODOCOILEUS_VIRGINIANUS_video_MFDC3082_image003.jpg,9,ODOCOILEUS_VIRGINIANUS
0_0_ODOCOILEUS_VIRGINIANUS_video_MFDC3082_image004.jpg,9,ODOCOILEUS_VIRGINIANUS
0_0_ODOCOILEUS_VIRGINIANUS_video_MFDC3082_image005.jpg,9,ODOCOILEUS_VIRGINIANUS
0_0_ODOCOILEUS_VIRGINIANUS_video_MFDC3082_image006.jpg,9,ODOCOILEUS_VIRGINIANUS
0_0_ODOCOILEUS_VIRGINIANUS_video_MFDC3082_image007.jpg,9,ODOCOILEUS_VIRGINIANUS
0_0_ODOCOILEUS_VIRGINIANUS_video_MFDC3082_image008.jpg,9,ODOCOILEUS_VIRGINIANUS
0_0_ODOCOILEUS_VIRGINIANUS_video_MFDC3082_image009.jpg,9,ODOCOILEUS_VIRGINIANUS
0_0_ODOCOILEUS_VIRGINIANUS_video_MFDC3082_image010.jpg,9,ODOCOILEUS_VIRGINIANUS
1_0_ODOCOILEUS_VIRGINIANUS_video_MFDC3083_image001.jpg,9,ODOCOILEUS_VIRGINIANUS
0_0_ODOCOILEUS_VIRGINIANUS_video_MFDC3083_image006.jpg,9,ODOCOILEUS_VIRGINIANUS
1_1_ODOCOILEUS_VIRGINIANUS_video_MFDC3083_image006.jpg,9,ODOCOILEUS_VIRGINIANUS
0_0_ODOCOILEUS_VIRGINIANUS_video_MFDC3083_image007.jpg,9,ODOCOILEUS_VIRGINIANUS
0_0_ODOCOILEUS_VIRGINIANUS_video_MFDC3083_image008.jpg,9,ODOCOILEUS_VIRGINIANUS
0_0_ODOCOILEUS_VIRGINIANUS_video_MFDC3083_image009.jpg,9,ODOCOILEUS_VIRGINIANUS
1_0_ODOCOILEUS_VIRGINIANUS_video_MFDC3083_image010.jpg,9,ODOCOILEUS_VIRGINIANUS
0_0_ODOCOILEUS_VIRGINIANUS_video_MFDC3108_image001.jpg,9,ODOCOILEUS_VIRGINIANUS
0_0_ODOCOILEUS_VIRGINIANUS_video_MFDC3108_image002.jpg,9,ODOCOILEUS_VIRGINIANUS
0_0_ODOCOILEUS_VIRGINIANUS_video_MFDC3108_image003.jpg,9,ODOCOILEUS_VIRGINIANUS
0_0_ODOCOILEUS_VIRGINIANUS_video_MFDC3108_image004.jpg,9,ODOCOILEUS_VIRGINIANUS
0_0_ODOCOILEUS_VIRGINIANUS_video_MFDC3108_image005.jpg,9,ODOCOILEUS_VIRGINIANUS
0_0_ODOCOILEUS_VIRGINIANUS_video_MFDC3108_image006.jpg,9,ODOCOILEUS_VIRGINIANUS
0_0_ODOCOILEUS_VIRGINIANUS_video_MFDC3108_image007.jpg,9,ODOCOILEUS_VIRGINIANUS
0_0_ODOCOILEUS_VIRGINIANUS_video_MFDC3108_image008.jpg,9,ODOCOILEUS_VIRGINIANUS
0_0_ODOCOILEUS_VIRGINIANUS_video_MFDC3108_image009.jpg,9,ODOCOILEUS_VIRGINIANUS
0_0_ODOCOILEUS_VIRGINIANUS_video_MFDC3108_image010.jpg,9,ODOCOILEUS_VIRGINIANUS
0_0_ODOCOILEUS_VIRGINIANUS_video_MFDC3303_image001.jpg,9,ODOCOILEUS_VIRGINIANUS
0_0_ODOCOILEUS_VIRGINIANUS_video_MFDC3303_image002.jpg,9,ODOCOILEUS_VIRGINIANUS
0_0_ODOCOILEUS_VIRGINIANUS_video_MFDC3303_image003.jpg,9,ODOCOILEUS_VIRGINIANUS
0_1_ODOCOILEUS_VIRGINIANUS_video_MFDC3303_image003.jpg,9,ODOCOILEUS_VIRGINIANUS
0_0_ODOCOILEUS_VIRGINIANUS_video_MFDC3303_image004.jpg,9,ODOCOILEUS_VIRGINIANUS
0_1_ODOCOILEUS_VIRGINIANUS_video_MFDC3303_image004.jpg,9,ODOCOILEUS_VIRGINIANUS
0_0_ODOCOILEUS_VIRGINIANUS_video_MFDC3303_image005.jpg,9,ODOCOILEUS_VIRGINIANUS
0_0_ODOCOILEUS_VIRGINIANUS_video_MFDC3303_image006.jpg,9,ODOCOILEUS_VIRGINIANUS
0_0_ODOCOILEUS_VIRGINIANUS_video_MFDC3303_image007.jpg,9,ODOCOILEUS_VIRGINIANUS
0_0_ODOCOILEUS_VIRGINIANUS_video_MFDC3304_image002.jpg,9,ODOCOILEUS_VIRGINIANUS
0_0_ODOCOILEUS_VIRGINIANUS_video_MFDC3304_image003.jpg,9,ODOCOILEUS_VIRGINIANUS
0_0_ODOCOILEUS_VIRGINIANUS_video_MFDC3304_image004.jpg,9,ODOCOILEUS_VIRGINIANUS
0_0_ODOCOILEUS_VIRGINIANUS_video_MFDC3304_image005.jpg,9,ODOCOILEUS_VIRGINIANUS
0_0_ODOCOILEUS_VIRGINIANUS_video_MFDC3304_image006.jpg,9,ODOCOILEUS_VIRGINIANUS
0_0_ODOCOILEUS_VIRGINIANUS_video_MFDC3304_image007.jpg,9,ODOCOILEUS_VIRGINIANUS
0_0_ODOCOILEUS_VIRGINIANUS_video_MFDC3304_image008.jpg,9,ODOCOILEUS_VIRGINIANUS
0_0_ODOCOILEUS_VIRGINIANUS_video_MFDC3304_image009.jpg,9,ODOCOILEUS_VIRGINIANUS
0_0_ODOCOILEUS_VIRGINIANUS_video_MFDC3304_image010.jpg,9,ODOCOILEUS_VIRGINIANUS
0_0_ODOCOILEUS_VIRGINIANUS_video_MFDC3305_image001.jpg,9,ODOCOILEUS_VIRGINIANUS
0_0_ODOCOILEUS_VIRGINIANUS_video_MFDC3305_image002.jpg,9,ODOCOILEUS_VIRGINIANUS
0_1_ODOCOILEUS_VIRGINIANUS_video_MFDC3305_image002.jpg,9,ODOCOILEUS_VIRGINIANUS
0_0_ODOCOILEUS_VIRGINIANUS_video_MFDC3305_image003.jpg,9,ODOCOILEUS_VIRGINIANUS
0_1_ODOCOILEUS_VIRGINIANUS_video_MFDC3305_image003.jpg,9,ODOCOILEUS_VIRGINIANUS
0_0_ODOCOILEUS_VIRGINIANUS_video_MFDC3305_image004.jpg,9,ODOCOILEUS_VIRGINIANUS
0_1_ODOCOILEUS_VIRGINIANUS_video_MFDC3305_image004.jpg,9,ODOCOILEUS_VIRGINIANUS
0_0_ODOCOILEUS_VIRGINIANUS_video_MFDC3305_image005.jpg,9,ODOCOILEUS_VIRGINIANUS
0_1_ODOCOILEUS_VIRGINIANUS_video_MFDC3305_image005.jpg,9,ODOCOILEUS_VIRGINIANUS
0_0_ODOCOILEUS_VIRGINIANUS_video_MFDC3305_image006.jpg,9,ODOCOILEUS_VIRGINIANUS
0_1_ODOCOILEUS_VIRGINIANUS_video_MFDC3305_image006.jpg,9,ODOCOILEUS_VIRGINIANUS
0_2_ODOCOILEUS_VIRGINIANUS_video_MFDC3305_image006.jpg,9,ODOCOILEUS_VIRGINIANUS
0_0_ODOCOILEUS_VIRGINIANUS_video_MFDC3305_image007.jpg,9,ODOCOILEUS_VIRGINIANUS
0_0_ODOCOILEUS_VIRGINIANUS_video_MFDC3305_image008.jpg,9,ODOCOILEUS_VIRGINIANUS
0_0_ODOCOILEUS_VIRGINIANUS_video_MFDC3305_image009.jpg,9,ODOCOILEUS_VIRGINIANUS
0_1_ODOCOILEUS_VIRGINIANUS_video_MFDC3305_image009.jpg,9,ODOCOILEUS_VIRGINIANUS
0_0_ODOCOILEUS_VIRGINIANUS_video_MFDC3305_image010.jpg,9,ODOCOILEUS_VIRGINIANUS
0_1_ODOCOILEUS_VIRGINIANUS_video_MFDC3305_image010.jpg,9,ODOCOILEUS_VIRGINIANUS
0_0_ODOCOILEUS_VIRGINIANUS_video_MFDC3316_image001.jpg,9,ODOCOILEUS_VIRGINIANUS
0_0_ODOCOILEUS_VIRGINIANUS_video_MFDC3316_image002.jpg,9,ODOCOILEUS_VIRGINIANUS
0_0_ODOCOILEUS_VIRGINIANUS_video_MFDC3316_image003.jpg,9,ODOCOILEUS_VIRGINIANUS
0_0_ODOCOILEUS_VIRGINIANUS_video_MFDC3316_image004.jpg,9,ODOCOILEUS_VIRGINIANUS
0_0_ODOCOILEUS_VIRGINIANUS_video_MFDC3316_image005.jpg,9,ODOCOILEUS_VIRGINIANUS
0_0_ODOCOILEUS_VIRGINIANUS_video_MFDC3316_image006.jpg,9,ODOCOILEUS_VIRGINIANUS
0_0_ODOCOILEUS_VIRGINIANUS_video_MFDC3316_image007.jpg,9,ODOCOILEUS_VIRGINIANUS
0_0_ODOCOILEUS_VIRGINIANUS_video_MFDC3316_image008.jpg,9,ODOCOILEUS_VIRGINIANUS
0_0_ODOCOILEUS_VIRGINIANUS_video_MFDC3316_image009.jpg,9,ODOCOILEUS_VIRGINIANUS
0_0_ODOCOILEUS_VIRGINIANUS_video_MFDC3316_image010.jpg,9,ODOCOILEUS_VIRGINIANUS
0_0_ODOCOILEUS_VIRGINIANUS_video_MFDC3317_image001.jpg,9,ODOCOILEUS_VIRGINIANUS
0_1_ODOCOILEUS_VIRGINIANUS_video_MFDC3317_image001.jpg,9,ODOCOILEUS_VIRGINIANUS
0_2_ODOCOILEUS_VIRGINIANUS_video_MFDC3317_image001.jpg,9,ODOCOILEUS_VIRGINIANUS
0_3_ODOCOILEUS_VIRGINIANUS_video_MFDC3317_image001.jpg,9,ODOCOILEUS_VIRGINIANUS
0_0_ODOCOILEUS_VIRGINIANUS_video_MFDC3317_image002.jpg,9,ODOCOILEUS_VIRGINIANUS
0_0_ODOCOILEUS_VIRGINIANUS_video_MFDC3317_image003.jpg,9,ODOCOILEUS_VIRGINIANUS
0_0_ODOCOILEUS_VIRGINIANUS_video_MFDC3317_image004.jpg,9,ODOCOILEUS_VIRGINIANUS
0_1_ODOCOILEUS_VIRGINIANUS_video_MFDC3317_image004.jpg,9,ODOCOILEUS_VIRGINIANUS
0_0_ODOCOILEUS_VIRGINIANUS_video_MFDC3317_image005.jpg,9,ODOCOILEUS_VIRGINIANUS
0_1_ODOCOILEUS_VIRGINIANUS_video_MFDC3317_image005.jpg,9,ODOCOILEUS_VIRGINIANUS
0_0_ODOCOILEUS_VIRGINIANUS_video_MFDC3317_image006.jpg,9,ODOCOILEUS_VIRGINIANUS
0_0_ODOCOILEUS_VIRGINIANUS_video_MFDC3317_image007.jpg,9,ODOCOILEUS_VIRGINIANUS
0_1_ODOCOILEUS_VIRGINIANUS_video_MFDC3317_image007.jpg,9,ODOCOILEUS_VIRGINIANUS
0_0_ODOCOILEUS_VIRGINIANUS_video_MFDC3317_image008.jpg,9,ODOCOILEUS_VIRGINIANUS
0_1_ODOCOILEUS_VIRGINIANUS_video_MFDC3317_image008.jpg,9,ODOCOILEUS_VIRGINIANUS
0_0_ODOCOILEUS_VIRGINIANUS_video_MFDC3317_image009.jpg,9,ODOCOILEUS_VIRGINIANUS
0_0_ODOCOILEUS_VIRGINIANUS_video_MFDC3317_image010.jpg,9,ODOCOILEUS_VIRGINIANUS
1_0_ODOCOILEUS_VIRGINIANUS_video_MFDC3318_image001.jpg,9,ODOCOILEUS_VIRGINIANUS
0_0_ODOCOILEUS_VIRGINIANUS_video_MFDC3318_image002.jpg,9,ODOCOILEUS_VIRGINIANUS
1_1_ODOCOILEUS_VIRGINIANUS_video_MFDC3318_image002.jpg,9,ODOCOILEUS_VIRGINIANUS
1_0_ODOCOILEUS_VIRGINIANUS_video_MFDC3318_image003.jpg,9,ODOCOILEUS_VIRGINIANUS
0_0_ODOCOILEUS_VIRGINIANUS_video_MFDC3318_image004.jpg,9,ODOCOILEUS_VIRGINIANUS
1_0_ODOCOILEUS_VIRGINIANUS_video_MFDC3318_image005.jpg,9,ODOCOILEUS_VIRGINIANUS
0_0_ODOCOILEUS_VIRGINIANUS_video_MFDC3318_image006.jpg,9,ODOCOILEUS_VIRGINIANUS
1_1_ODOCOILEUS_VIRGINIANUS_video_MFDC3318_image006.jpg,9,ODOCOILEUS_VIRGINIANUS
1_0_ODOCOILEUS_VIRGINIANUS_video_MFDC3318_image007.jpg,9,ODOCOILEUS_VIRGINIANUS
0_0_ODOCOILEUS_VIRGINIANUS_video_MFDC3318_image008.jpg,9,ODOCOILEUS_VIRGINIANUS
0_0_ODOCOILEUS_VIRGINIANUS_video_MFDC3318_image009.jpg,9,ODOCOILEUS_VIRGINIANUS
0_0_ODOCOILEUS_VIRGINIANUS_video_MFDC3318_image010.jpg,9,ODOCOILEUS_VIRGINIANUS
0_0_ODOCOILEUS_VIRGINIANUS_video_MFDC3319_image001.jpg,9,ODOCOILEUS_VIRGINIANUS
0_0_ODOCOILEUS_VIRGINIANUS_video_MFDC3319_image002.jpg,9,ODOCOILEUS_VIRGINIANUS
0_1_ODOCOILEUS_VIRGINIANUS_video_MFDC3319_image002.jpg,9,ODOCOILEUS_VIRGINIANUS
1_0_ODOCOILEUS_VIRGINIANUS_video_MFDC3319_image003.jpg,9,ODOCOILEUS_VIRGINIANUS
0_1_ODOCOILEUS_VIRGINIANUS_video_MFDC3319_image003.jpg,9,ODOCOILEUS_VIRGINIANUS
1_0_ODOCOILEUS_VIRGINIANUS_video_MFDC3319_image004.jpg,9,ODOCOILEUS_VIRGINIANUS
1_0_ODOCOILEUS_VIRGINIANUS_video_MFDC3319_image005.jpg,9,ODOCOILEUS_VIRGINIANUS
0_0_ODOCOILEUS_VIRGINIANUS_video_MFDC3319_image006.jpg,9,ODOCOILEUS_VIRGINIANUS
0_1_ODOCOILEUS_VIRGINIANUS_video_MFDC3319_image006.jpg,9,ODOCOILEUS_VIRGINIANUS
0_0_ODOCOILEUS_VIRGINIANUS_video_MFDC3319_image007.jpg,9,ODOCOILEUS_VIRGINIANUS
0_0_ODOCOILEUS_VIRGINIANUS_video_MFDC3319_image008.jpg,9,ODOCOILEUS_VIRGINIANUS
0_0_ODOCOILEUS_VIRGINIANUS_video_MFDC3319_image009.jpg,9,ODOCOILEUS_VIRGINIANUS
0_1_ODOCOILEUS_VIRGINIANUS_video_MFDC3319_image009.jpg,9,ODOCOILEUS_VIRGINIANUS
0_0_ODOCOILEUS_VIRGINIANUS_video_MFDC3319_image010.jpg,9,ODOCOILEUS_VIRGINIANUS
0_0_ODOCOILEUS_VIRGINIANUS_video_MFDC3320_image001.jpg,9,ODOCOILEUS_VIRGINIANUS
0_0_ODOCOILEUS_VIRGINIANUS_video_MFDC3320_image002.jpg,9,ODOCOILEUS_VIRGINIANUS
0_0_ODOCOILEUS_VIRGINIANUS_video_MFDC3320_image003.jpg,9,ODOCOILEUS_VIRGINIANUS
0_0_ODOCOILEUS_VIRGINIANUS_video_MFDC3320_image004.jpg,9,ODOCOILEUS_VIRGINIANUS
0_0_ODOCOILEUS_VIRGINIANUS_video_MFDC3320_image005.jpg,9,ODOCOILEUS_VIRGINIANUS
0_0_ODOCOILEUS_VIRGINIANUS_video_MFDC3320_image006.jpg,9,ODOCOILEUS_VIRGINIANUS
0_0_ODOCOILEUS_VIRGINIANUS_video_MFDC3320_image007.jpg,9,ODOCOILEUS_VIRGINIANUS
0_0_ODOCOILEUS_VIRGINIANUS_video_MFDC3320_image008.jpg,9,ODOCOILEUS_VIRGINIANUS
0_0_ODOCOILEUS_VIRGINIANUS_video_MFDC3320_image009.jpg,9,ODOCOILEUS_VIRGINIANUS
0_0_ODOCOILEUS_VIRGINIANUS_video_MFDC3320_image010.jpg,9,ODOCOILEUS_VIRGINIANUS
0_0_ODOCOILEUS_VIRGINIANUS_video_MFDC3454_image001.jpg,9,ODOCOILEUS_VIRGINIANUS
0_0_ODOCOILEUS_VIRGINIANUS_video_MFDC3454_image002.jpg,9,ODOCOILEUS_VIRGINIANUS
0_0_ODOCOILEUS_VIRGINIANUS_video_MFDC3454_image003.jpg,9,ODOCOILEUS_VIRGINIANUS
0_0_ODOCOILEUS_VIRGINIANUS_video_MFDC3454_image004.jpg,9,ODOCOILEUS_VIRGINIANUS
0_0_ODOCOILEUS_VIRGINIANUS_video_MFDC3454_image005.jpg,9,ODOCOILEUS_VIRGINIANUS
0_0_ODOCOILEUS_VIRGINIANUS_video_MFDC3454_image006.jpg,9,ODOCOILEUS_VIRGINIANUS
0_0_ODOCOILEUS_VIRGINIANUS_video_MFDC3454_image007.jpg,9,ODOCOILEUS_VIRGINIANUS
0_0_ODOCOILEUS_VIRGINIANUS_video_MFDC3454_image008.jpg,9,ODOCOILEUS_VIRGINIANUS
0_1_ODOCOILEUS_VIRGINIANUS_video_MFDC3454_image008.jpg,9,ODOCOILEUS_VIRGINIANUS
0_0_ODOCOILEUS_VIRGINIANUS_video_MFDC3454_image009.jpg,9,ODOCOILEUS_VIRGINIANUS
0_1_ODOCOILEUS_VIRGINIANUS_video_MFDC3454_image009.jpg,9,ODOCOILEUS_VIRGINIANUS
0_2_ODOCOILEUS_VIRGINIANUS_video_MFDC3454_image009.jpg,9,ODOCOILEUS_VIRGINIANUS
0_0_ODOCOILEUS_VIRGINIANUS_video_MFDC3454_image010.jpg,9,ODOCOILEUS_VIRGINIANUS
0_0_ODOCOILEUS_VIRGINIANUS_video_MFDC3455_image001.jpg,9,ODOCOILEUS_VIRGINIANUS
0_0_ODOCOILEUS_VIRGINIANUS_video_MFDC3455_image002.jpg,9,ODOCOILEUS_VIRGINIANUS
0_0_ODOCOILEUS_VIRGINIANUS_video_MFDC3455_image003.jpg,9,ODOCOILEUS_VIRGINIANUS
0_0_ODOCOILEUS_VIRGINIANUS_video_MFDC3455_image004.jpg,9,ODOCOILEUS_VIRGINIANUS
0_0_ODOCOILEUS_VIRGINIANUS_video_MFDC3455_image005.jpg,9,ODOCOILEUS_VIRGINIANUS
0_0_ODOCOILEUS_VIRGINIANUS_video_MFDC3455_image006.jpg,9,ODOCOILEUS_VIRGINIANUS
0_0_ODOCOILEUS_VIRGINIANUS_video_MFDC3455_image007.jpg,9,ODOCOILEUS_VIRGINIANUS
0_0_ODOCOILEUS_VIRGINIANUS_video_MFDC3455_image008.jpg,9,ODOCOILEUS_VIRGINIANUS
0_0_ODOCOILEUS_VIRGINIANUS_video_MFDC3455_image009.jpg,9,ODOCOILEUS_VIRGINIANUS
0_0_ODOCOILEUS_VIRGINIANUS_video_MFDC3455_image010.jpg,9,ODOCOILEUS_VIRGINIANUS
0_0_ODOCOILEUS_VIRGINIANUS_video_MFDC3600_image001.jpg,9,ODOCOILEUS_VIRGINIANUS
0_1_ODOCOILEUS_VIRGINIANUS_video_MFDC3600_image001.jpg,9,ODOCOILEUS_VIRGINIANUS
0_0_ODOCOILEUS_VIRGINIANUS_video_MFDC3600_image002.jpg,9,ODOCOILEUS_VIRGINIANUS
0_1_ODOCOILEUS_VIRGINIANUS_video_MFDC3600_image002.jpg,9,ODOCOILEUS_VIRGINIANUS
0_0_ODOCOILEUS_VIRGINIANUS_video_MFDC3600_image003.jpg,9,ODOCOILEUS_VIRGINIANUS
0_1_ODOCOILEUS_VIRGINIANUS_video_MFDC3600_image003.jpg,9,ODOCOILEUS_VIRGINIANUS
0_0_ODOCOILEUS_VIRGINIANUS_video_MFDC3600_image004.jpg,9,ODOCOILEUS_VIRGINIANUS
0_1_ODOCOILEUS_VIRGINIANUS_video_MFDC3600_image004.jpg,9,ODOCOILEUS_VIRGINIANUS
0_0_ODOCOILEUS_VIRGINIANUS_video_MFDC3600_image005.jpg,9,ODOCOILEUS_VIRGINIANUS
0_0_ODOCOILEUS_VIRGINIANUS_video_MFDC3600_image006.jpg,9,ODOCOILEUS_VIRGINIANUS
0_0_ODOCOILEUS_VIRGINIANUS_video_MFDC3600_image007.jpg,9,ODOCOILEUS_VIRGINIANUS
0_0_ODOCOILEUS_VIRGINIANUS_video_MFDC3600_image008.jpg,9,ODOCOILEUS_VIRGINIANUS
0_0_ODOCOILEUS_VIRGINIANUS_video_MFDC3600_image009.jpg,9,ODOCOILEUS_VIRGINIANUS
0_0_ODOCOILEUS_VIRGINIANUS_video_MFDC3600_image010.jpg,9,ODOCOILEUS_VIRGINIANUS
0_1_ODOCOILEUS_VIRGINIANUS_video_MFDC3600_image010.jpg,9,ODOCOILEUS_VIRGINIANUS
0_0_ODOCOILEUS_VIRGINIANUS_video_MFDC3602_image001.jpg,9,ODOCOILEUS_VIRGINIANUS
0_0_ODOCOILEUS_VIRGINIANUS_video_MFDC3602_image002.jpg,9,ODOCOILEUS_VIRGINIANUS
0_1_ODOCOILEUS_VIRGINIANUS_video_MFDC3602_image002.jpg,9,ODOCOILEUS_VIRGINIANUS
0_0_ODOCOILEUS_VIRGINIANUS_video_MFDC3602_image003.jpg,9,ODOCOILEUS_VIRGINIANUS
0_0_ODOCOILEUS_VIRGINIANUS_video_MFDC3602_image004.jpg,9,ODOCOILEUS_VIRGINIANUS
0_1_ODOCOILEUS_VIRGINIANUS_video_MFDC3602_image004.jpg,9,ODOCOILEUS_VIRGINIANUS
0_0_ODOCOILEUS_VIRGINIANUS_video_MFDC3602_image005.jpg,9,ODOCOILEUS_VIRGINIANUS
0_1_ODOCOILEUS_VIRGINIANUS_video_MFDC3602_image005.jpg,9,ODOCOILEUS_VIRGINIANUS
0_0_ODOCOILEUS_VIRGINIANUS_video_MFDC3602_image006.jpg,9,ODOCOILEUS_VIRGINIANUS
0_0_ODOCOILEUS_VIRGINIANUS_video_MFDC3602_image007.jpg,9,ODOCOILEUS_VIRGINIANUS
0_0_ODOCOILEUS_VIRGINIANUS_video_MFDC3602_image008.jpg,9,ODOCOILEUS_VIRGINIANUS
0_0_ODOCOILEUS_VIRGINIANUS_video_MFDC3602_image009.jpg,9,ODOCOILEUS_VIRGINIANUS
0_1_ODOCOILEUS_VIRGINIANUS_video_MFDC3602_image009.jpg,9,ODOCOILEUS_VIRGINIANUS
0_0_ODOCOILEUS_VIRGINIANUS_video_MFDC3602_image010.jpg,9,ODOCOILEUS_VIRGINIANUS
0_1_ODOCOILEUS_VIRGINIANUS_video_MFDC3602_image010.jpg,9,ODOCOILEUS_VIRGINIANUS
0_0_ODOCOILEUS_VIRGINIANUS_video_MFDC3603_image001.jpg,9,ODOCOILEUS_VIRGINIANUS
0_1_ODOCOILEUS_VIRGINIANUS_video_MFDC3603_image001.jpg,9,ODOCOILEUS_VIRGINIANUS
0_0_ODOCOILEUS_VIRGINIANUS_video_MFDC3603_image002.jpg,9,ODOCOILEUS_VIRGINIANUS
0_1_ODOCOILEUS_VIRGINIANUS_video_MFDC3603_image002.jpg,9,ODOCOILEUS_VIRGINIANUS
0_0_ODOCOILEUS_VIRGINIANUS_video_MFDC3603_image003.jpg,9,ODOCOILEUS_VIRGINIANUS
0_1_ODOCOILEUS_VIRGINIANUS_video_MFDC3603_image003.jpg,9,ODOCOILEUS_VIRGINIANUS
0_2_ODOCOILEUS_VIRGINIANUS_video_MFDC3603_image003.jpg,9,ODOCOILEUS_VIRGINIANUS
0_0_ODOCOILEUS_VIRGINIANUS_video_MFDC3603_image004.jpg,9,ODOCOILEUS_VIRGINIANUS
0_1_ODOCOILEUS_VIRGINIANUS_video_MFDC3603_image004.jpg,9,ODOCOILEUS_VIRGINIANUS
0_0_ODOCOILEUS_VIRGINIANUS_video_MFDC3603_image005.jpg,9,ODOCOILEUS_VIRGINIANUS
0_1_ODOCOILEUS_VIRGINIANUS_video_MFDC3603_image005.jpg,9,ODOCOILEUS_VIRGINIANUS
0_2_ODOCOILEUS_VIRGINIANUS_video_MFDC3603_image005.jpg,9,ODOCOILEUS_VIRGINIANUS
0_0_ODOCOILEUS_VIRGINIANUS_video_MFDC3603_image006.jpg,9,ODOCOILEUS_VIRGINIANUS
0_1_ODOCOILEUS_VIRGINIANUS_video_MFDC3603_image006.jpg,9,ODOCOILEUS_VIRGINIANUS
0_2_ODOCOILEUS_VIRGINIANUS_video_MFDC3603_image006.jpg,9,ODOCOILEUS_VIRGINIANUS
0_0_ODOCOILEUS_VIRGINIANUS_video_MFDC3603_image007.jpg,9,ODOCOILEUS_VIRGINIANUS
0_1_ODOCOILEUS_VIRGINIANUS_video_MFDC3603_image007.jpg,9,ODOCOILEUS_VIRGINIANUS
0_2_ODOCOILEUS_VIRGINIANUS_video_MFDC3603_image007.jpg,9,ODOCOILEUS_VIRGINIANUS
0_0_ODOCOILEUS_VIRGINIANUS_video_MFDC3603_image008.jpg,9,ODOCOILEUS_VIRGINIANUS
0_1_ODOCOILEUS_VIRGINIANUS_video_MFDC3603_image008.jpg,9,ODOCOILEUS_VIRGINIANUS
0_2_ODOCOILEUS_VIRGINIANUS_video_MFDC3603_image008.jpg,9,ODOCOILEUS_VIRGINIANUS
0_3_ODOCOILEUS_VIRGINIANUS_video_MFDC3603_image008.jpg,9,ODOCOILEUS_VIRGINIANUS
0_0_ODOCOILEUS_VIRGINIANUS_video_MFDC3603_image009.jpg,9,ODOCOILEUS_VIRGINIANUS
0_1_ODOCOILEUS_VIRGINIANUS_video_MFDC3603_image009.jpg,9,ODOCOILEUS_VIRGINIANUS
0_0_ODOCOILEUS_VIRGINIANUS_video_MFDC3603_image010.jpg,9,ODOCOILEUS_VIRGINIANUS
0_1_ODOCOILEUS_VIRGINIANUS_video_MFDC3603_image010.jpg,9,ODOCOILEUS_VIRGINIANUS
0_2_ODOCOILEUS_VIRGINIANUS_video_MFDC3603_image010.jpg,9,ODOCOILEUS_VIRGINIANUS
0_0_ODOCOILEUS_VIRGINIANUS_video_MFDC3613_image001.jpg,9,ODOCOILEUS_VIRGINIANUS
0_0_ODOCOILEUS_VIRGINIANUS_video_MFDC3613_image002.jpg,9,ODOCOILEUS_VIRGINIANUS
0_0_ODOCOILEUS_VIRGINIANUS_video_MFDC3613_image003.jpg,9,ODOCOILEUS_VIRGINIANUS
0_0_ODOCOILEUS_VIRGINIANUS_video_MFDC3613_image004.jpg,9,ODOCOILEUS_VIRGINIANUS
0_0_ODOCOILEUS_VIRGINIANUS_video_MFDC3613_image005.jpg,9,ODOCOILEUS_VIRGINIANUS
0_0_ODOCOILEUS_VIRGINIANUS_video_MFDC3613_image006.jpg,9,ODOCOILEUS_VIRGINIANUS
0_0_ODOCOILEUS_VIRGINIANUS_video_MFDC3613_image007.jpg,9,ODOCOILEUS_VIRGINIANUS
0_0_ODOCOILEUS_VIRGINIANUS_video_MFDC3613_image008.jpg,9,ODOCOILEUS_VIRGINIANUS
0_0_ODOCOILEUS_VIRGINIANUS_video_MFDC3613_image009.jpg,9,ODOCOILEUS_VIRGINIANUS
0_0_ODOCOILEUS_VIRGINIANUS_video_MFDC3613_image010.jpg,9,ODOCOILEUS_VIRGINIANUS
0_0_ODOCOILEUS_VIRGINIANUS_video_MFDC3623_image001.jpg,9,ODOCOILEUS_VIRGINIANUS
0_0_ODOCOILEUS_VIRGINIANUS_video_MFDC3623_image002.jpg,9,ODOCOILEUS_VIRGINIANUS
0_0_ODOCOILEUS_VIRGINIANUS_video_MFDC3623_image003.jpg,9,ODOCOILEUS_VIRGINIANUS
0_0_ODOCOILEUS_VIRGINIANUS_video_MFDC3623_image004.jpg,9,ODOCOILEUS_VIRGINIANUS
0_0_ODOCOILEUS_VIRGINIANUS_video_MFDC3623_image005.jpg,9,ODOCOILEUS_VIRGINIANUS
0_0_ODOCOILEUS_VIRGINIANUS_video_MFDC3623_image006.jpg,9,ODOCOILEUS_VIRGINIANUS
0_0_ODOCOILEUS_VIRGINIANUS_video_MFDC3623_image007.jpg,9,ODOCOILEUS_VIRGINIANUS
0_0_ODOCOILEUS_VIRGINIANUS_video_MFDC3623_image008.jpg,9,ODOCOILEUS_VIRGINIANUS
0_0_ODOCOILEUS_VIRGINIANUS_video_MFDC3623_image009.jpg,9,ODOCOILEUS_VIRGINIANUS
0_0_ODOCOILEUS_VIRGINIANUS_video_MFDC3623_image010.jpg,9,ODOCOILEUS_VIRGINIANUS
0_0_ODOCOILEUS_VIRGINIANUS_video_MFDC3652_image001.jpg,9,ODOCOILEUS_VIRGINIANUS
0_0_ODOCOILEUS_VIRGINIANUS_video_MFDC3652_image002.jpg,9,ODOCOILEUS_VIRGINIANUS
0_0_ODOCOILEUS_VIRGINIANUS_video_MFDC3652_image003.jpg,9,ODOCOILEUS_VIRGINIANUS
0_0_ODOCOILEUS_VIRGINIANUS_video_MFDC3652_image004.jpg,9,ODOCOILEUS_VIRGINIANUS
0_0_ODOCOILEUS_VIRGINIANUS_video_MFDC3652_image005.jpg,9,ODOCOILEUS_VIRGINIANUS
0_0_ODOCOILEUS_VIRGINIANUS_video_MFDC3652_image006.jpg,9,ODOCOILEUS_VIRGINIANUS
0_0_ODOCOILEUS_VIRGINIANUS_video_MFDC3652_image007.jpg,9,ODOCOILEUS_VIRGINIANUS
0_0_ODOCOILEUS_VIRGINIANUS_video_MFDC3652_image008.jpg,9,ODOCOILEUS_VIRGINIANUS
0_0_ODOCOILEUS_VIRGINIANUS_video_MFDC3652_image009.jpg,9,ODOCOILEUS_VIRGINIANUS
0_0_ODOCOILEUS_VIRGINIANUS_video_MFDC3652_image010.jpg,9,ODOCOILEUS_VIRGINIANUS
0_0_ODOCOILEUS_VIRGINIANUS_video_MFDC3740_image001.jpg,9,ODOCOILEUS_VIRGINIANUS
0_0_ODOCOILEUS_VIRGINIANUS_video_MFDC3740_image002.jpg,9,ODOCOILEUS_VIRGINIANUS
0_0_ODOCOILEUS_VIRGINIANUS_video_MFDC3740_image003.jpg,9,ODOCOILEUS_VIRGINIANUS
0_0_ODOCOILEUS_VIRGINIANUS_video_MFDC3740_image004.jpg,9,ODOCOILEUS_VIRGINIANUS
0_0_ODOCOILEUS_VIRGINIANUS_video_MFDC3740_image005.jpg,9,ODOCOILEUS_VIRGINIANUS
0_0_ODOCOILEUS_VIRGINIANUS_video_MFDC3740_image006.jpg,9,ODOCOILEUS_VIRGINIANUS
0_0_ODOCOILEUS_VIRGINIANUS_video_MFDC3740_image007.jpg,9,ODOCOILEUS_VIRGINIANUS
0_0_ODOCOILEUS_VIRGINIANUS_video_MFDC3740_image008.jpg,9,ODOCOILEUS_VIRGINIANUS
0_0_ODOCOILEUS_VIRGINIANUS_video_MFDC3740_image009.jpg,9,ODOCOILEUS_VIRGINIANUS
0_0_ODOCOILEUS_VIRGINIANUS_video_MFDC3740_image010.jpg,9,ODOCOILEUS_VIRGINIANUS
0_0_OdocoileusVirginianus_02.JPG,9,ODOCOILEUS_VIRGINIANUS
0_1_OdocoileusVirginianus_02.JPG,9,ODOCOILEUS_VIRGINIANUS
0_0_OdocoileusVirginianus_03.JPG,9,ODOCOILEUS_VIRGINIANUS
0_0_OdocoileusVirginianus_05.JPG,9,ODOCOILEUS_VIRGINIANUS
0_0_OdocoileusVirginianus_07.JPG,9,ODOCOILEUS_VIRGINIANUS
0_0_OdocoileusVirginianus_100.JPG,9,ODOCOILEUS_VIRGINIANUS
0_0_OdocoileusVirginianus_101.JPG,9,ODOCOILEUS_VIRGINIANUS
0_0_OdocoileusVirginianus_102.JPG,9,ODOCOILEUS_VIRGINIANUS
0_0_OdocoileusVirginianus_103.JPG,9,ODOCOILEUS_VIRGINIANUS
0_0_OdocoileusVirginianus_104.JPG,9,ODOCOILEUS_VIRGINIANUS
0_0_OdocoileusVirginianus_105.JPG,9,ODOCOILEUS_VIRGINIANUS
0_0_OdocoileusVirginianus_106.JPG,9,ODOCOILEUS_VIRGINIANUS
0_1_OdocoileusVirginianus_106.JPG,9,ODOCOILEUS_VIRGINIANUS
0_2_OdocoileusVirginianus_106.JPG,9,ODOCOILEUS_VIRGINIANUS
0_0_OdocoileusVirginianus_107.JPG,9,ODOCOILEUS_VIRGINIANUS
0_0_OdocoileusVirginianus_108.JPG,9,ODOCOILEUS_VIRGINIANUS
0_0_OdocoileusVirginianus_109.JPG,9,ODOCOILEUS_VIRGINIANUS
0_0_OdocoileusVirginianus_11.JPG,9,ODOCOILEUS_VIRGINIANUS
0_0_OdocoileusVirginianus_110.JPG,9,ODOCOILEUS_VIRGINIANUS
0_0_OdocoileusVirginianus_111.JPG,9,ODOCOILEUS_VIRGINIANUS
0_1_OdocoileusVirginianus_111.JPG,9,ODOCOILEUS_VIRGINIANUS
0_0_OdocoileusVirginianus_112.JPG,9,ODOCOILEUS_VIRGINIANUS
0_0_OdocoileusVirginianus_113.JPG,9,ODOCOILEUS_VIRGINIANUS
0_0_OdocoileusVirginianus_114.JPG,9,ODOCOILEUS_VIRGINIANUS
0_0_OdocoileusVirginianus_115.JPG,9,ODOCOILEUS_VIRGINIANUS
0_0_OdocoileusVirginianus_116.JPG,9,ODOCOILEUS_VIRGINIANUS
0_0_OdocoileusVirginianus_117.JPG,9,ODOCOILEUS_VIRGINIANUS
0_0_OdocoileusVirginianus_118.JPG,9,ODOCOILEUS_VIRGINIANUS
0_0_OdocoileusVirginianus_119.JPG,9,ODOCOILEUS_VIRGINIANUS
0_0_OdocoileusVirginianus_12.JPG,9,ODOCOILEUS_VIRGINIANUS
0_0_OdocoileusVirginianus_120.JPG,9,ODOCOILEUS_VIRGINIANUS
0_0_OdocoileusVirginianus_121.JPG,9,ODOCOILEUS_VIRGINIANUS
0_0_OdocoileusVirginianus_122.JPG,9,ODOCOILEUS_VIRGINIANUS
0_0_OdocoileusVirginianus_123.JPG,9,ODOCOILEUS_VIRGINIANUS
0_0_OdocoileusVirginianus_124.JPG,9,ODOCOILEUS_VIRGINIANUS
0_0_OdocoileusVirginianus_125.JPG,9,ODOCOILEUS_VIRGINIANUS
0_0_OdocoileusVirginianus_126.JPG,9,ODOCOILEUS_VIRGINIANUS
0_0_OdocoileusVirginianus_127.JPG,9,ODOCOILEUS_VIRGINIANUS
0_0_OdocoileusVirginianus_128.JPG,9,ODOCOILEUS_VIRGINIANUS
0_0_OdocoileusVirginianus_129.JPG,9,ODOCOILEUS_VIRGINIANUS
0_0_OdocoileusVirginianus_130.JPG,9,ODOCOILEUS_VIRGINIANUS
0_0_OdocoileusVirginianus_131.JPG,9,ODOCOILEUS_VIRGINIANUS
0_0_OdocoileusVirginianus_132.JPG,9,ODOCOILEUS_VIRGINIANUS
0_1_OdocoileusVirginianus_132.JPG,9,ODOCOILEUS_VIRGINIANUS
0_0_OdocoileusVirginianus_133.JPG,9,ODOCOILEUS_VIRGINIANUS
0_0_OdocoileusVirginianus_134.JPG,9,ODOCOILEUS_VIRGINIANUS
0_0_OdocoileusVirginianus_135.JPG,9,ODOCOILEUS_VIRGINIANUS
0_0_OdocoileusVirginianus_136.JPG,9,ODOCOILEUS_VIRGINIANUS
0_0_OdocoileusVirginianus_137.JPG,9,ODOCOILEUS_VIRGINIANUS
0_0_OdocoileusVirginianus_138.JPG,9,ODOCOILEUS_VIRGINIANUS
0_0_OdocoileusVirginianus_139.JPG,9,ODOCOILEUS_VIRGINIANUS
0_0_OdocoileusVirginianus_140.JPG,9,ODOCOILEUS_VIRGINIANUS
0_0_OdocoileusVirginianus_141.JPG,9,ODOCOILEUS_VIRGINIANUS
0_1_OdocoileusVirginianus_141.JPG,9,ODOCOILEUS_VIRGINIANUS
0_0_OdocoileusVirginianus_142.JPG,9,ODOCOILEUS_VIRGINIANUS
0_0_OdocoileusVirginianus_143.JPG,9,ODOCOILEUS_VIRGINIANUS
0_0_OdocoileusVirginianus_144.JPG,9,ODOCOILEUS_VIRGINIANUS
0_0_OdocoileusVirginianus_145.JPG,9,ODOCOILEUS_VIRGINIANUS
0_0_OdocoileusVirginianus_146.JPG,9,ODOCOILEUS_VIRGINIANUS
0_0_OdocoileusVirginianus_147.JPG,9,ODOCOILEUS_VIRGINIANUS
0_0_OdocoileusVirginianus_148.JPG,9,ODOCOILEUS_VIRGINIANUS
0_0_OdocoileusVirginianus_149.JPG,9,ODOCOILEUS_VIRGINIANUS
0_0_OdocoileusVirginianus_150.JPG,9,ODOCOILEUS_VIRGINIANUS
0_0_OdocoileusVirginianus_16.JPG,9,ODOCOILEUS_VIRGINIANUS
0_0_OdocoileusVirginianus_17.JPG,9,ODOCOILEUS_VIRGINIANUS
0_1_OdocoileusVirginianus_17.JPG,9,ODOCOILEUS_VIRGINIANUS
0_0_OdocoileusVirginianus_19.JPG,9,ODOCOILEUS_VIRGINIANUS
0_0_OdocoileusVirginianus_20.JPG,9,ODOCOILEUS_VIRGINIANUS
0_1_OdocoileusVirginianus_20.JPG,9,ODOCOILEUS_VIRGINIANUS
0_0_OdocoileusVirginianus_26.JPG,9,ODOCOILEUS_VIRGINIANUS
0_1_OdocoileusVirginianus_26.JPG,9,ODOCOILEUS_VIRGINIANUS
0_0_OdocoileusVirginianus_28.JPG,9,ODOCOILEUS_VIRGINIANUS
0_0_OdocoileusVirginianus_30.JPG,9,ODOCOILEUS_VIRGINIANUS
0_0_OdocoileusVirginianus_42.JPG,9,ODOCOILEUS_VIRGINIANUS
0_0_OdocoileusVirginianus_43.JPG,9,ODOCOILEUS_VIRGINIANUS
0_0_OdocoileusVirginianus_44.JPG,9,ODOCOILEUS_VIRGINIANUS
0_1_OdocoileusVirginianus_44.JPG,9,ODOCOILEUS_VIRGINIANUS
0_0_OdocoileusVirginianus_45.JPG,9,ODOCOILEUS_VIRGINIANUS
0_0_OdocoileusVirginianus_46.JPG,9,ODOCOILEUS_VIRGINIANUS
0_0_OdocoileusVirginianus_47.JPG,9,ODOCOILEUS_VIRGINIANUS
0_0_OdocoileusVirginianus_48.JPG,9,ODOCOILEUS_VIRGINIANUS
0_0_OdocoileusVirginianus_49.JPG,9,ODOCOILEUS_VIRGINIANUS
0_0_OdocoileusVirginianus_50.JPG,9,ODOCOILEUS_VIRGINIANUS
0_0_OdocoileusVirginianus_51.JPG,9,ODOCOILEUS_VIRGINIANUS
0_0_OdocoileusVirginianus_52.JPG,9,ODOCOILEUS_VIRGINIANUS
0_0_OdocoileusVirginianus_53.JPG,9,ODOCOILEUS_VIRGINIANUS
0_0_OdocoileusVirginianus_54.JPG,9,ODOCOILEUS_VIRGINIANUS
0_0_OdocoileusVirginianus_55.JPG,9,ODOCOILEUS_VIRGINIANUS
0_0_OdocoileusVirginianus_56.JPG,9,ODOCOILEUS_VIRGINIANUS
0_0_OdocoileusVirginianus_57.JPG,9,ODOCOILEUS_VIRGINIANUS
0_0_OdocoileusVirginianus_58.JPG,9,ODOCOILEUS_VIRGINIANUS
0_0_OdocoileusVirginianus_59.JPG,9,ODOCOILEUS_VIRGINIANUS
0_0_OdocoileusVirginianus_60.JPG,9,ODOCOILEUS_VIRGINIANUS
0_0_OdocoileusVirginianus_61.JPG,9,ODOCOILEUS_VIRGINIANUS
0_0_OdocoileusVirginianus_62.JPG,9,ODOCOILEUS_VIRGINIANUS
0_0_OdocoileusVirginianus_64.JPG,9,ODOCOILEUS_VIRGINIANUS
0_0_OdocoileusVirginianus_65.JPG,9,ODOCOILEUS_VIRGINIANUS
0_1_OdocoileusVirginianus_65.JPG,9,ODOCOILEUS_VIRGINIANUS
0_0_OdocoileusVirginianus_66.JPG,9,ODOCOILEUS_VIRGINIANUS
0_0_OdocoileusVirginianus_67.JPG,9,ODOCOILEUS_VIRGINIANUS
0_0_OdocoileusVirginianus_68.JPG,9,ODOCOILEUS_VIRGINIANUS
0_0_OdocoileusVirginianus_69.JPG,9,ODOCOILEUS_VIRGINIANUS
0_0_OdocoileusVirginianus_70.JPG,9,ODOCOILEUS_VIRGINIANUS
0_0_OdocoileusVirginianus_71.JPG,9,ODOCOILEUS_VIRGINIANUS
0_0_OdocoileusVirginianus_72.JPG,9,ODOCOILEUS_VIRGINIANUS
0_0_OdocoileusVirginianus_73.JPG,9,ODOCOILEUS_VIRGINIANUS
0_0_OdocoileusVirginianus_74.JPG,9,ODOCOILEUS_VIRGINIANUS
0_0_OdocoileusVirginianus_75.JPG,9,ODOCOILEUS_VIRGINIANUS
0_0_OdocoileusVirginianus_76.JPG,9,ODOCOILEUS_VIRGINIANUS
0_0_OdocoileusVirginianus_77.JPG,9,ODOCOILEUS_VIRGINIANUS
0_0_OdocoileusVirginianus_78.JPG,9,ODOCOILEUS_VIRGINIANUS
0_0_OdocoileusVirginianus_79.JPG,9,ODOCOILEUS_VIRGINIANUS
0_0_OdocoileusVirginianus_80.JPG,9,ODOCOILEUS_VIRGINIANUS
0_0_OdocoileusVirginianus_81.JPG,9,ODOCOILEUS_VIRGINIANUS
0_0_OdocoileusVirginianus_82.JPG,9,ODOCOILEUS_VIRGINIANUS
0_1_OdocoileusVirginianus_82.JPG,9,ODOCOILEUS_VIRGINIANUS
0_0_OdocoileusVirginianus_83.JPG,9,ODOCOILEUS_VIRGINIANUS
0_0_OdocoileusVirginianus_84.JPG,9,ODOCOILEUS_VIRGINIANUS
0_0_OdocoileusVirginianus_85.JPG,9,ODOCOILEUS_VIRGINIANUS
0_0_OdocoileusVirginianus_86.JPG,9,ODOCOILEUS_VIRGINIANUS
0_0_OdocoileusVirginianus_87.JPG,9,ODOCOILEUS_VIRGINIANUS
0_0_OdocoileusVirginianus_88.JPG,9,ODOCOILEUS_VIRGINIANUS
0_0_OdocoileusVirginianus_89.JPG,9,ODOCOILEUS_VIRGINIANUS
0_0_OdocoileusVirginianus_90.JPG,9,ODOCOILEUS_VIRGINIANUS
0_0_OdocoileusVirginianus_91.JPG,9,ODOCOILEUS_VIRGINIANUS
0_1_OdocoileusVirginianus_91.JPG,9,ODOCOILEUS_VIRGINIANUS
0_0_OdocoileusVirginianus_92.JPG,9,ODOCOILEUS_VIRGINIANUS
0_1_OdocoileusVirginianus_92.JPG,9,ODOCOILEUS_VIRGINIANUS
0_0_OdocoileusVirginianus_93.JPG,9,ODOCOILEUS_VIRGINIANUS
0_0_OdocoileusVirginianus_94.JPG,9,ODOCOILEUS_VIRGINIANUS
0_0_OdocoileusVirginianus_95.JPG,9,ODOCOILEUS_VIRGINIANUS
0_0_OdocoileusVirginianus_96.JPG,9,ODOCOILEUS_VIRGINIANUS
0_0_OdocoileusVirginianus_97.JPG,9,ODOCOILEUS_VIRGINIANUS
0_0_OdocoileusVirginianus_98.JPG,9,ODOCOILEUS_VIRGINIANUS
0_0_OdocoileusVirginianus_99.JPG,9,ODOCOILEUS_VIRGINIANUS
0_0_ROEDORES_video_IMG_0024_image001.jpg,19,ROEDORES
0_0_ROEDORES_video_IMG_0024_image002.jpg,19,ROEDORES
0_0_ROEDORES_video_IMG_0024_image003.jpg,19,ROEDORES
0_0_ROEDORES_video_IMG_0024_image004.jpg,19,ROEDORES
0_0_ROEDORES_video_IMG_0024_image005.jpg,19,ROEDORES
0_0_ROEDORES_video_IMG_0024_image006.jpg,19,ROEDORES
0_1_ROEDORES_video_IMG_0024_image006.jpg,19,ROEDORES
0_0_ROEDORES_video_IMG_0024_image007.jpg,19,ROEDORES
0_0_ROEDORES_video_IMG_0024_image008.jpg,19,ROEDORES
0_1_ROEDORES_video_IMG_0024_image008.jpg,19,ROEDORES
0_0_ROEDORES_video_IMG_0024_image009.jpg,19,ROEDORES
0_0_ROEDORES_video_IMG_0024_image010.jpg,19,ROEDORES
0_0_ROEDORES_video_IMG_0029_image001.jpg,19,ROEDORES
0_0_ROEDORES_video_IMG_0029_image002.jpg,19,ROEDORES
0_0_ROEDORES_video_IMG_0029_image003.jpg,19,ROEDORES
0_0_ROEDORES_video_IMG_0029_image004.jpg,19,ROEDORES
0_0_ROEDORES_video_IMG_0029_image005.jpg,19,ROEDORES
0_1_ROEDORES_video_IMG_0029_image005.jpg,19,ROEDORES
0_0_ROEDORES_video_IMG_0029_image006.jpg,19,ROEDORES
0_1_ROEDORES_video_IMG_0029_image006.jpg,19,ROEDORES
0_2_ROEDORES_video_IMG_0029_image006.jpg,19,ROEDORES
0_0_ROEDORES_video_IMG_0029_image007.jpg,19,ROEDORES
0_0_ROEDORES_video_IMG_0029_image008.jpg,19,ROEDORES
0_0_ROEDORES_video_IMG_0029_image009.jpg,19,ROEDORES
0_1_ROEDORES_video_IMG_0029_image009.jpg,19,ROEDORES
0_0_ROEDORES_video_IMG_0029_image010.jpg,19,ROEDORES
0_0_ROEDORES_video_IMG_0061_image001.jpg,19,ROEDORES
0_0_ROEDORES_video_IMG_0061_image002.jpg,19,ROEDORES
0_1_ROEDORES_video_IMG_0061_image002.jpg,19,ROEDORES
0_0_ROEDORES_video_IMG_0061_image003.jpg,19,ROEDORES
0_0_ROEDORES_video_IMG_0061_image004.jpg,19,ROEDORES
0_0_ROEDORES_video_IMG_0061_image005.jpg,19,ROEDORES
0_0_ROEDORES_video_IMG_0061_image006.jpg,19,ROEDORES
0_0_ROEDORES_video_IMG_0061_image007.jpg,19,ROEDORES
0_0_ROEDORES_video_IMG_0061_image008.jpg,19,ROEDORES
0_0_ROEDORES_video_IMG_0061_image009.jpg,19,ROEDORES
0_0_ROEDORES_video_IMG_0061_image010.jpg,19,ROEDORES
0_0_ROEDORES_video_IMG_0062_image001.jpg,19,ROEDORES
0_1_ROEDORES_video_IMG_0062_image001.jpg,19,ROEDORES
0_0_ROEDORES_video_IMG_0062_image002.jpg,19,ROEDORES
0_0_ROEDORES_video_IMG_0062_image003.jpg,19,ROEDORES
0_0_ROEDORES_video_IMG_0062_image004.jpg,19,ROEDORES
0_0_ROEDORES_video_IMG_0062_image005.jpg,19,ROEDORES
0_0_ROEDORES_video_IMG_0062_image006.jpg,19,ROEDORES
0_0_ROEDORES_video_IMG_0062_image007.jpg,19,ROEDORES
0_1_ROEDORES_video_IMG_0062_image007.jpg,19,ROEDORES
0_0_ROEDORES_video_IMG_0062_image008.jpg,19,ROEDORES
0_0_ROEDORES_video_IMG_0062_image009.jpg,19,ROEDORES
0_0_ROEDORES_video_IMG_0062_image010.jpg,19,ROEDORES
0_0_ROEDORES_video_IMG_0064_image001.jpg,19,ROEDORES
0_0_ROEDORES_video_IMG_0084_image001.jpg,19,ROEDORES
0_0_ROEDORES_video_IMG_0084_image010.jpg,19,ROEDORES
0_0_ROEDORES_video_IMG_0153_image001.jpg,19,ROEDORES
0_0_ROEDORES_video_IMG_0153_image002.jpg,19,ROEDORES
0_0_ROEDORES_video_IMG_0153_image004.jpg,19,ROEDORES
0_0_ROEDORES_video_IMG_0153_image005.jpg,19,ROEDORES
0_0_ROEDORES_video_IMG_0153_image008.jpg,19,ROEDORES
0_0_ROEDORES_video_IMG_0186_image001.jpg,19,ROEDORES
0_0_ROEDORES_video_IMG_0186_image002.jpg,19,ROEDORES
0_1_ROEDORES_video_IMG_0186_image002.jpg,19,ROEDORES
0_0_ROEDORES_video_IMG_0186_image003.jpg,19,ROEDORES
0_0_ROEDORES_video_IMG_0186_image004.jpg,19,ROEDORES
0_0_ROEDORES_video_IMG_0186_image005.jpg,19,ROEDORES
0_1_ROEDORES_video_IMG_0186_image005.jpg,19,ROEDORES
0_0_ROEDORES_video_IMG_0186_image006.jpg,19,ROEDORES
0_0_ROEDORES_video_IMG_0186_image007.jpg,19,ROEDORES
0_0_ROEDORES_video_IMG_0186_image008.jpg,19,ROEDORES
0_0_ROEDORES_video_IMG_0186_image009.jpg,19,ROEDORES
0_1_ROEDORES_video_IMG_0186_image009.jpg,19,ROEDORES
0_2_ROEDORES_video_IMG_0186_image009.jpg,19,ROEDORES
0_0_ROEDORES_video_IMG_0186_image010.jpg,19,ROEDORES
0_0_ROEDORES_video_IMG_0255_image001.jpg,19,ROEDORES
0_0_ROEDORES_video_IMG_0255_image002.jpg,19,ROEDORES
0_0_ROEDORES_video_IMG_0255_image003.jpg,19,ROEDORES
0_0_ROEDORES_video_IMG_0255_image004.jpg,19,ROEDORES
0_0_SCIURUS_OCOLATUS_video_IMG_0005_image001.jpg,12,SCIURUS_OCOLATUS
0_0_SCIURUS_OCOLATUS_video_IMG_0005_image002.jpg,12,SCIURUS_OCOLATUS
0_0_SCIURUS_OCOLATUS_video_IMG_0005_image003.jpg,12,SCIURUS_OCOLATUS
0_1_SCIURUS_OCOLATUS_video_IMG_0005_image003.jpg,12,SCIURUS_OCOLATUS
0_0_SCIURUS_OCOLATUS_video_IMG_0005_image004.jpg,12,SCIURUS_OCOLATUS
0_0_SCIURUS_OCOLATUS_video_IMG_0005_image005.jpg,12,SCIURUS_OCOLATUS
0_0_SCIURUS_OCOLATUS_video_IMG_0005_image006.jpg,12,SCIURUS_OCOLATUS
0_0_SCIURUS_OCOLATUS_video_IMG_0005_image008.jpg,12,SCIURUS_OCOLATUS
0_0_SCIURUS_OCOLATUS_video_IMG_0006_image001.jpg,12,SCIURUS_OCOLATUS
0_0_SCIURUS_OCOLATUS_video_IMG_0006_image002.jpg,12,SCIURUS_OCOLATUS
0_0_SCIURUS_OCOLATUS_video_IMG_0006_image003.jpg,12,SCIURUS_OCOLATUS
0_0_SCIURUS_OCOLATUS_video_IMG_0006_image004.jpg,12,SCIURUS_OCOLATUS
0_0_SCIURUS_OCOLATUS_video_IMG_0006_image005.jpg,12,SCIURUS_OCOLATUS
0_0_SCIURUS_OCOLATUS_video_IMG_0006_image006.jpg,12,SCIURUS_OCOLATUS
0_0_SCIURUS_OCOLATUS_video_IMG_0007_image001.jpg,12,SCIURUS_OCOLATUS
0_0_SCIURUS_OCOLATUS_video_IMG_0007_image004.jpg,12,SCIURUS_OCOLATUS
0_0_SCIURUS_OCOLATUS_video_IMG_0007_image005.jpg,12,SCIURUS_OCOLATUS
0_0_SCIURUS_OCOLATUS_video_IMG_0007_image006.jpg,12,SCIURUS_OCOLATUS
0_0_SCIURUS_OCOLATUS_video_IMG_0007_image007.jpg,12,SCIURUS_OCOLATUS
0_0_SCIURUS_OCOLATUS_video_IMG_0007_image008.jpg,12,SCIURUS_OCOLATUS
0_0_SCIURUS_OCOLATUS_video_IMG_0007_image009.jpg,12,SCIURUS_OCOLATUS
0_0_SCIURUS_OCOLATUS_video_IMG_0007_image010.jpg,12,SCIURUS_OCOLATUS
0_0_SCIURUS_OCOLATUS_video_IMG_0008_image010.jpg,12,SCIURUS_OCOLATUS
0_0_SCIURUS_OCOLATUS_video_IMG_0009_image001.jpg,12,SCIURUS_OCOLATUS
0_0_SCIURUS_OCOLATUS_video_IMG_0009_image002.jpg,12,SCIURUS_OCOLATUS
0_0_SCIURUS_OCOLATUS_video_IMG_0009_image003.jpg,12,SCIURUS_OCOLATUS
0_0_SCIURUS_OCOLATUS_video_IMG_0009_image004.jpg,12,SCIURUS_OCOLATUS
0_0_SCIURUS_OCOLATUS_video_IMG_0009_image005.jpg,12,SCIURUS_OCOLATUS
0_0_SCIURUS_OCOLATUS_video_IMG_0011_image001.jpg,12,SCIURUS_OCOLATUS
0_0_SCIURUS_OCOLATUS_video_IMG_0011_image002.jpg,12,SCIURUS_OCOLATUS
0_0_SCIURUS_OCOLATUS_video_IMG_0011_image003.jpg,12,SCIURUS_OCOLATUS
0_0_SCIURUS_OCOLATUS_video_IMG_0011_image004.jpg,12,SCIURUS_OCOLATUS
0_0_SCIURUS_OCOLATUS_video_IMG_0013 (2)_image001.jpg,12,SCIURUS_OCOLATUS
0_0_SCIURUS_OCOLATUS_video_IMG_0013 (2)_image002.jpg,12,SCIURUS_OCOLATUS
0_0_SCIURUS_OCOLATUS_video_IMG_0013 (2)_image003.jpg,12,SCIURUS_OCOLATUS
0_0_SCIURUS_OCOLATUS_video_IMG_0013 (2)_image004.jpg,12,SCIURUS_OCOLATUS
0_0_SCIURUS_OCOLATUS_video_IMG_0013 (2)_image005.jpg,12,SCIURUS_OCOLATUS
0_0_SCIURUS_OCOLATUS_video_IMG_0013 (2)_image006.jpg,12,SCIURUS_OCOLATUS
0_0_SCIURUS_OCOLATUS_video_IMG_0013 (2)_image007.jpg,12,SCIURUS_OCOLATUS
0_0_SCIURUS_OCOLATUS_video_IMG_0013 (2)_image008.jpg,12,SCIURUS_OCOLATUS
0_0_SCIURUS_OCOLATUS_video_IMG_0013 (2)_image009.jpg,12,SCIURUS_OCOLATUS
0_0_SCIURUS_OCOLATUS_video_IMG_0013 (2)_image010.jpg,12,SCIURUS_OCOLATUS
0_0_SCIURUS_OCOLATUS_video_IMG_0013_image001.jpg,12,SCIURUS_OCOLATUS
0_0_SCIURUS_OCOLATUS_video_IMG_0013_image002.jpg,12,SCIURUS_OCOLATUS
0_0_SCIURUS_OCOLATUS_video_IMG_0013_image003.jpg,12,SCIURUS_OCOLATUS
0_0_SCIURUS_OCOLATUS_video_IMG_0013_image004.jpg,12,SCIURUS_OCOLATUS
0_0_SCIURUS_OCOLATUS_video_IMG_0013_image005.jpg,12,SCIURUS_OCOLATUS
0_0_SCIURUS_OCOLATUS_video_IMG_0013_image006.jpg,12,SCIURUS_OCOLATUS
0_0_SCIURUS_OCOLATUS_video_IMG_0013_image007.jpg,12,SCIURUS_OCOLATUS
0_0_SCIURUS_OCOLATUS_video_IMG_0013_image008.jpg,12,SCIURUS_OCOLATUS
0_0_SCIURUS_OCOLATUS_video_IMG_0013_image009.jpg,12,SCIURUS_OCOLATUS
0_0_SCIURUS_OCOLATUS_video_IMG_0013_image010.jpg,12,SCIURUS_OCOLATUS
0_0_SCIURUS_OCOLATUS_video_IMG_0014_MP4_image001.jpg,12,SCIURUS_OCOLATUS
0_0_SCIURUS_OCOLATUS_video_IMG_0014_MP4_image002.jpg,12,SCIURUS_OCOLATUS
0_0_SCIURUS_OCOLATUS_video_IMG_0014_MP4_image003.jpg,12,SCIURUS_OCOLATUS
0_0_SCIURUS_OCOLATUS_video_IMG_0014_MP4_image004.jpg,12,SCIURUS_OCOLATUS
0_0_SCIURUS_OCOLATUS_video_IMG_0014_MP4_image005.jpg,12,SCIURUS_OCOLATUS
0_0_SCIURUS_OCOLATUS_video_IMG_0014_MP4_image006.jpg,12,SCIURUS_OCOLATUS
0_0_SCIURUS_OCOLATUS_video_IMG_0014_MP4_image007.jpg,12,SCIURUS_OCOLATUS
0_0_SCIURUS_OCOLATUS_video_IMG_0014_MP4_image008.jpg,12,SCIURUS_OCOLATUS
0_0_SCIURUS_OCOLATUS_video_IMG_0015_image001.jpg,12,SCIURUS_OCOLATUS
0_0_SCIURUS_OCOLATUS_video_IMG_0019_image001.jpg,12,SCIURUS_OCOLATUS
0_0_SCIURUS_OCOLATUS_video_IMG_0019_image002.jpg,12,SCIURUS_OCOLATUS
0_0_SCIURUS_OCOLATUS_video_IMG_0022_image001.jpg,12,SCIURUS_OCOLATUS
0_1_SCIURUS_OCOLATUS_video_IMG_0022_image001.jpg,12,SCIURUS_OCOLATUS
0_0_SCIURUS_OCOLATUS_video_IMG_0022_image002.jpg,12,SCIURUS_OCOLATUS
0_0_SCIURUS_OCOLATUS_video_IMG_0022_image003.jpg,12,SCIURUS_OCOLATUS
0_0_SCIURUS_OCOLATUS_video_IMG_0023_image002.jpg,12,SCIURUS_OCOLATUS
0_0_SCIURUS_OCOLATUS_video_IMG_0023_image003.jpg,12,SCIURUS_OCOLATUS
0_0_SCIURUS_OCOLATUS_video_IMG_0024_image001.jpg,12,SCIURUS_OCOLATUS
0_0_SCIURUS_OCOLATUS_video_IMG_0024_image002.jpg,12,SCIURUS_OCOLATUS
0_0_SCIURUS_OCOLATUS_video_IMG_0024_image003.jpg,12,SCIURUS_OCOLATUS
0_0_SCIURUS_OCOLATUS_video_IMG_0025_image001.jpg,12,SCIURUS_OCOLATUS
0_0_SCIURUS_OCOLATUS_video_IMG_0025_image002.jpg,12,SCIURUS_OCOLATUS
0_0_SCIURUS_OCOLATUS_video_IMG_0025_image003.jpg,12,SCIURUS_OCOLATUS
0_0_SCIURUS_OCOLATUS_video_IMG_0030_image001.jpg,12,SCIURUS_OCOLATUS
0_0_SCIURUS_OCOLATUS_video_IMG_0032_image004.jpg,12,SCIURUS_OCOLATUS
0_1_SCIURUS_OCOLATUS_video_IMG_0032_image004.jpg,12,SCIURUS_OCOLATUS
0_0_SCIURUS_OCOLATUS_video_IMG_0035_image001.jpg,12,SCIURUS_OCOLATUS
0_0_SCIURUS_OCOLATUS_video_IMG_0035_image002.jpg,12,SCIURUS_OCOLATUS
0_0_SCIURUS_OCOLATUS_video_IMG_0035_image003.jpg,12,SCIURUS_OCOLATUS
0_0_SCIURUS_OCOLATUS_video_IMG_0035_image004.jpg,12,SCIURUS_OCOLATUS
0_0_SCIURUS_OCOLATUS_video_IMG_0036_image001.jpg,12,SCIURUS_OCOLATUS
0_1_SCIURUS_OCOLATUS_video_IMG_0036_image001.jpg,12,SCIURUS_OCOLATUS
0_2_SCIURUS_OCOLATUS_video_IMG_0036_image001.jpg,12,SCIURUS_OCOLATUS
0_0_SCIURUS_OCOLATUS_video_IMG_0036_image002.jpg,12,SCIURUS_OCOLATUS
0_0_SCIURUS_OCOLATUS_video_IMG_0038_image001.jpg,12,SCIURUS_OCOLATUS
0_1_SCIURUS_OCOLATUS_video_IMG_0038_image001.jpg,12,SCIURUS_OCOLATUS
0_2_SCIURUS_OCOLATUS_video_IMG_0038_image001.jpg,12,SCIURUS_OCOLATUS
0_3_SCIURUS_OCOLATUS_video_IMG_0038_image001.jpg,12,SCIURUS_OCOLATUS
0_0_SCIURUS_OCOLATUS_video_IMG_0038_image002.jpg,12,SCIURUS_OCOLATUS
0_0_SCIURUS_OCOLATUS_video_IMG_0038_image003.jpg,12,SCIURUS_OCOLATUS
0_1_SCIURUS_OCOLATUS_video_IMG_0038_image003.jpg,12,SCIURUS_OCOLATUS
0_2_SCIURUS_OCOLATUS_video_IMG_0038_image003.jpg,12,SCIURUS_OCOLATUS
0_0_SCIURUS_OCOLATUS_video_IMG_0040_image001.jpg,12,SCIURUS_OCOLATUS
0_0_SCIURUS_OCOLATUS_video_IMG_0040_image002.jpg,12,SCIURUS_OCOLATUS
0_0_SCIURUS_OCOLATUS_video_IMG_0040_image004.jpg,12,SCIURUS_OCOLATUS
0_1_SCIURUS_OCOLATUS_video_IMG_0040_image004.jpg,12,SCIURUS_OCOLATUS
0_0_SCIURUS_OCOLATUS_video_IMG_0040_image006.jpg,12,SCIURUS_OCOLATUS
0_0_SCIURUS_OCOLATUS_video_IMG_0040_image008.jpg,12,SCIURUS_OCOLATUS
0_0_SCIURUS_OCOLATUS_video_IMG_0040_image009.jpg,12,SCIURUS_OCOLATUS
0_0_SCIURUS_OCOLATUS_video_IMG_0044 (2)_image001.jpg,12,SCIURUS_OCOLATUS
0_0_SCIURUS_OCOLATUS_video_IMG_0044 (2)_image002.jpg,12,SCIURUS_OCOLATUS
0_0_SCIURUS_OCOLATUS_video_IMG_0044 (2)_image003.jpg,12,SCIURUS_OCOLATUS
0_0_SCIURUS_OCOLATUS_video_IMG_0044 (2)_image004.jpg,12,SCIURUS_OCOLATUS
0_0_SCIURUS_OCOLATUS_video_IMG_0044 (2)_image005.jpg,12,SCIURUS_OCOLATUS
0_0_SCIURUS_OCOLATUS_video_IMG_0044 (2)_image006.jpg,12,SCIURUS_OCOLATUS
0_0_SCIURUS_OCOLATUS_video_IMG_0044 (2)_image007.jpg,12,SCIURUS_OCOLATUS
0_0_SCIURUS_OCOLATUS_video_IMG_0044 (2)_image008.jpg,12,SCIURUS_OCOLATUS
0_0_SCIURUS_OCOLATUS_video_IMG_0044 (2)_image009.jpg,12,SCIURUS_OCOLATUS
0_0_SCIURUS_OCOLATUS_video_IMG_0044 (2)_image010.jpg,12,SCIURUS_OCOLATUS
0_0_SCIURUS_OCOLATUS_video_IMG_0044_MP4_image001.jpg,12,SCIURUS_OCOLATUS
0_0_SCIURUS_OCOLATUS_video_IMG_0044_MP4_image002.jpg,12,SCIURUS_OCOLATUS
0_0_SCIURUS_OCOLATUS_video_IMG_0044_MP4_image005.jpg,12,SCIURUS_OCOLATUS
0_0_SCIURUS_OCOLATUS_video_IMG_0044_MP4_image006.jpg,12,SCIURUS_OCOLATUS
0_0_SCIURUS_OCOLATUS_video_IMG_0044_MP4_image007.jpg,12,SCIURUS_OCOLATUS
0_1_SCIURUS_OCOLATUS_video_IMG_0044_MP4_image007.jpg,12,SCIURUS_OCOLATUS
0_0_SCIURUS_OCOLATUS_video_IMG_0044_MP4_image008.jpg,12,SCIURUS_OCOLATUS
0_0_SCIURUS_OCOLATUS_video_IMG_0044_MP4_image009.jpg,12,SCIURUS_OCOLATUS
0_0_SCIURUS_OCOLATUS_video_IMG_0044_image002.jpg,12,SCIURUS_OCOLATUS
0_0_SCIURUS_OCOLATUS_video_IMG_0044_image003.jpg,12,SCIURUS_OCOLATUS
0_0_SCIURUS_OCOLATUS_video_IMG_0048_image001.jpg,12,SCIURUS_OCOLATUS
0_1_SCIURUS_OCOLATUS_video_IMG_0048_image001.jpg,12,SCIURUS_OCOLATUS
0_0_SCIURUS_OCOLATUS_video_IMG_0050_image001.jpg,12,SCIURUS_OCOLATUS
0_1_SCIURUS_OCOLATUS_video_IMG_0050_image001.jpg,12,SCIURUS_OCOLATUS
0_0_SCIURUS_OCOLATUS_video_IMG_0050_image002.jpg,12,SCIURUS_OCOLATUS
0_0_SCIURUS_OCOLATUS_video_IMG_0050_image003.jpg,12,SCIURUS_OCOLATUS
0_0_SCIURUS_OCOLATUS_video_IMG_0050_image004.jpg,12,SCIURUS_OCOLATUS
0_0_SCIURUS_OCOLATUS_video_IMG_0050_image005.jpg,12,SCIURUS_OCOLATUS
0_0_SCIURUS_OCOLATUS_video_IMG_0050_image006.jpg,12,SCIURUS_OCOLATUS
0_0_SCIURUS_OCOLATUS_video_IMG_0050_image007.jpg,12,SCIURUS_OCOLATUS
0_0_SCIURUS_OCOLATUS_video_IMG_0050_image008.jpg,12,SCIURUS_OCOLATUS
0_0_SCIURUS_OCOLATUS_video_IMG_0050_image009.jpg,12,SCIURUS_OCOLATUS
0_0_SCIURUS_OCOLATUS_video_IMG_0050_image010.jpg,12,SCIURUS_OCOLATUS
0_0_SCIURUS_OCOLATUS_video_IMG_0051_image001.jpg,12,SCIURUS_OCOLATUS
0_0_SCIURUS_OCOLATUS_video_IMG_0051_image004.jpg,12,SCIURUS_OCOLATUS
0_0_SCIURUS_OCOLATUS_video_IMG_0051_image005.jpg,12,SCIURUS_OCOLATUS
0_0_SCIURUS_OCOLATUS_video_IMG_0051_image007.jpg,12,SCIURUS_OCOLATUS
0_1_SCIURUS_OCOLATUS_video_IMG_0051_image007.jpg,12,SCIURUS_OCOLATUS
0_0_SCIURUS_OCOLATUS_video_IMG_0052_image001.jpg,12,SCIURUS_OCOLATUS
0_0_SCIURUS_OCOLATUS_video_IMG_0052_image002.jpg,12,SCIURUS_OCOLATUS
0_0_SCIURUS_OCOLATUS_video_IMG_0053_image001.jpg,12,SCIURUS_OCOLATUS
0_0_SCIURUS_OCOLATUS_video_IMG_0053_image002.jpg,12,SCIURUS_OCOLATUS
0_0_SCIURUS_OCOLATUS_video_IMG_0053_image003.jpg,12,SCIURUS_OCOLATUS
0_0_SCIURUS_OCOLATUS_video_IMG_0053_image004.jpg,12,SCIURUS_OCOLATUS
0_0_SCIURUS_OCOLATUS_video_IMG_0053_image005.jpg,12,SCIURUS_OCOLATUS
0_0_SCIURUS_OCOLATUS_video_IMG_0053_image006.jpg,12,SCIURUS_OCOLATUS
0_0_SCIURUS_OCOLATUS_video_IMG_0053_image007.jpg,12,SCIURUS_OCOLATUS
0_0_SCIURUS_OCOLATUS_video_IMG_0053_image008.jpg,12,SCIURUS_OCOLATUS
0_0_SCIURUS_OCOLATUS_video_IMG_0053_image010.jpg,12,SCIURUS_OCOLATUS
0_0_SCIURUS_OCOLATUS_video_IMG_0054_image001.jpg,12,SCIURUS_OCOLATUS
0_0_SCIURUS_OCOLATUS_video_IMG_0054_image002.jpg,12,SCIURUS_OCOLATUS
0_0_SCIURUS_OCOLATUS_video_IMG_0054_image003.jpg,12,SCIURUS_OCOLATUS
0_0_SCIURUS_OCOLATUS_video_IMG_0054_image004.jpg,12,SCIURUS_OCOLATUS
0_0_SCIURUS_OCOLATUS_video_IMG_0054_image005.jpg,12,SCIURUS_OCOLATUS
0_0_SCIURUS_OCOLATUS_video_IMG_0062_image001.jpg,12,SCIURUS_OCOLATUS
0_0_SCIURUS_OCOLATUS_video_IMG_0062_image002.jpg,12,SCIURUS_OCOLATUS
0_0_SCIURUS_OCOLATUS_video_IMG_0062_image003.jpg,12,SCIURUS_OCOLATUS
0_0_SCIURUS_OCOLATUS_video_IMG_0062_image004.jpg,12,SCIURUS_OCOLATUS
0_0_SCIURUS_OCOLATUS_video_IMG_0062_image005.jpg,12,SCIURUS_OCOLATUS
0_0_SCIURUS_OCOLATUS_video_IMG_0063_image001.jpg,12,SCIURUS_OCOLATUS
0_0_SCIURUS_OCOLATUS_video_IMG_0063_image002.jpg,12,SCIURUS_OCOLATUS
0_1_SCIURUS_OCOLATUS_video_IMG_0063_image002.jpg,12,SCIURUS_OCOLATUS
0_0_SCIURUS_OCOLATUS_video_IMG_0063_image003.jpg,12,SCIURUS_OCOLATUS
0_0_SCIURUS_OCOLATUS_video_IMG_0063_image004.jpg,12,SCIURUS_OCOLATUS
0_0_SCIURUS_OCOLATUS_video_IMG_0063_image005.jpg,12,SCIURUS_OCOLATUS
0_0_SCIURUS_OCOLATUS_video_IMG_0063_image006.jpg,12,SCIURUS_OCOLATUS
0_0_SCIURUS_OCOLATUS_video_IMG_0063_image007.jpg,12,SCIURUS_OCOLATUS
0_0_SCIURUS_OCOLATUS_video_IMG_0063_image008.jpg,12,SCIURUS_OCOLATUS
0_0_SCIURUS_OCOLATUS_video_IMG_0063_image009.jpg,12,SCIURUS_OCOLATUS
0_0_SCIURUS_OCOLATUS_video_IMG_0063_image010.jpg,12,SCIURUS_OCOLATUS
0_0_SCIURUS_OCOLATUS_video_IMG_0066_image002.jpg,12,SCIURUS_OCOLATUS
0_0_SCIURUS_OCOLATUS_video_IMG_0066_image003.jpg,12,SCIURUS_OCOLATUS
0_0_SCIURUS_OCOLATUS_video_IMG_0068_image001.jpg,12,SCIURUS_OCOLATUS
0_0_SCIURUS_OCOLATUS_video_IMG_0068_image002.jpg,12,SCIURUS_OCOLATUS
0_0_SCIURUS_OCOLATUS_video_IMG_0068_image003.jpg,12,SCIURUS_OCOLATUS
0_0_SCIURUS_OCOLATUS_video_IMG_0068_image004.jpg,12,SCIURUS_OCOLATUS
0_0_SCIURUS_OCOLATUS_video_IMG_0071_image001.jpg,12,SCIURUS_OCOLATUS
0_0_SCIURUS_OCOLATUS_video_IMG_0071_image002.jpg,12,SCIURUS_OCOLATUS
0_0_SCIURUS_OCOLATUS_video_IMG_0071_image003.jpg,12,SCIURUS_OCOLATUS
0_0_SCIURUS_OCOLATUS_video_IMG_0071_image004.jpg,12,SCIURUS_OCOLATUS
0_1_SCIURUS_OCOLATUS_video_IMG_0071_image004.jpg,12,SCIURUS_OCOLATUS
0_0_SCIURUS_OCOLATUS_video_IMG_0071_image005.jpg,12,SCIURUS_OCOLATUS
0_0_SCIURUS_OCOLATUS_video_IMG_0073_image001.jpg,12,SCIURUS_OCOLATUS
0_0_SCIURUS_OCOLATUS_video_IMG_0073_image002.jpg,12,SCIURUS_OCOLATUS
0_0_SCIURUS_OCOLATUS_video_IMG_0073_image003.jpg,12,SCIURUS_OCOLATUS
0_0_SCIURUS_OCOLATUS_video_IMG_0073_image004.jpg,12,SCIURUS_OCOLATUS
0_0_SCIURUS_OCOLATUS_video_IMG_0073_image005.jpg,12,SCIURUS_OCOLATUS
0_0_SCIURUS_OCOLATUS_video_IMG_0095_image001.jpg,12,SCIURUS_OCOLATUS
0_0_SCIURUS_OCOLATUS_video_IMG_0095_image002.jpg,12,SCIURUS_OCOLATUS
0_0_SCIURUS_OCOLATUS_video_IMG_0095_image003.jpg,12,SCIURUS_OCOLATUS
0_0_SCIURUS_OCOLATUS_video_IMG_0095_image004.jpg,12,SCIURUS_OCOLATUS
0_0_SCIURUS_OCOLATUS_video_IMG_0103_image001.jpg,12,SCIURUS_OCOLATUS
0_1_SCIURUS_OCOLATUS_video_IMG_0103_image001.jpg,12,SCIURUS_OCOLATUS
0_0_SCIURUS_OCOLATUS_video_IMG_0103_image002.jpg,12,SCIURUS_OCOLATUS
0_1_SCIURUS_OCOLATUS_video_IMG_0103_image002.jpg,12,SCIURUS_OCOLATUS
0_0_SCIURUS_OCOLATUS_video_IMG_0103_image003.jpg,12,SCIURUS_OCOLATUS
0_0_SCIURUS_OCOLATUS_video_IMG_0103_image004.jpg,12,SCIURUS_OCOLATUS
0_1_SCIURUS_OCOLATUS_video_IMG_0103_image004.jpg,12,SCIURUS_OCOLATUS
0_0_SCIURUS_OCOLATUS_video_IMG_0253_image001.jpg,12,SCIURUS_OCOLATUS
0_0_SCIURUS_OCOLATUS_video_IMG_0253_image002.jpg,12,SCIURUS_OCOLATUS
0_1_SCIURUS_OCOLATUS_video_IMG_0253_image002.jpg,12,SCIURUS_OCOLATUS
0_2_SCIURUS_OCOLATUS_video_IMG_0253_image002.jpg,12,SCIURUS_OCOLATUS
0_0_SCIURUS_OCOLATUS_video_IMG_0253_image003.jpg,12,SCIURUS_OCOLATUS
0_1_SCIURUS_OCOLATUS_video_IMG_0253_image003.jpg,12,SCIURUS_OCOLATUS
0_2_SCIURUS_OCOLATUS_video_IMG_0253_image003.jpg,12,SCIURUS_OCOLATUS
0_0_SCIURUS_OCOLATUS_video_IMG_0253_image004.jpg,12,SCIURUS_OCOLATUS
0_1_SCIURUS_OCOLATUS_video_IMG_0253_image004.jpg,12,SCIURUS_OCOLATUS
0_2_SCIURUS_OCOLATUS_video_IMG_0253_image004.jpg,12,SCIURUS_OCOLATUS
0_0_SCIURUS_OCOLATUS_video_IMG_0253_image005.jpg,12,SCIURUS_OCOLATUS
0_1_SCIURUS_OCOLATUS_video_IMG_0253_image005.jpg,12,SCIURUS_OCOLATUS
0_2_SCIURUS_OCOLATUS_video_IMG_0253_image005.jpg,12,SCIURUS_OCOLATUS
0_0_SCIURUS_OCOLATUS_video_IMG_0253_image006.jpg,12,SCIURUS_OCOLATUS
0_1_SCIURUS_OCOLATUS_video_IMG_0253_image006.jpg,12,SCIURUS_OCOLATUS
0_2_SCIURUS_OCOLATUS_video_IMG_0253_image006.jpg,12,SCIURUS_OCOLATUS
0_0_SCIURUS_OCOLATUS_video_IMG_0253_image007.jpg,12,SCIURUS_OCOLATUS
0_1_SCIURUS_OCOLATUS_video_IMG_0253_image007.jpg,12,SCIURUS_OCOLATUS
0_0_SCIURUS_OCOLATUS_video_IMG_0253_image008.jpg,12,SCIURUS_OCOLATUS
0_0_SCIURUS_OCOLATUS_video_IMG_0253_image009.jpg,12,SCIURUS_OCOLATUS
0_1_SCIURUS_OCOLATUS_video_IMG_0253_image009.jpg,12,SCIURUS_OCOLATUS
0_2_SCIURUS_OCOLATUS_video_IMG_0253_image009.jpg,12,SCIURUS_OCOLATUS
0_0_SCIURUS_OCOLATUS_video_IMG_0253_image010.jpg,12,SCIURUS_OCOLATUS
0_0_SCIURUS_OCOLATUS_video_IMG_0312_image001.jpg,12,SCIURUS_OCOLATUS
0_0_SCIURUS_OCOLATUS_video_IMG_0312_image002.jpg,12,SCIURUS_OCOLATUS
0_0_SCIURUS_OCOLATUS_video_IMG_0312_image003.jpg,12,SCIURUS_OCOLATUS
0_0_SCIURUS_OCOLATUS_video_IMG_0312_image004.jpg,12,SCIURUS_OCOLATUS
0_0_SCIURUS_OCOLATUS_video_IMG_0312_image005.jpg,12,SCIURUS_OCOLATUS
0_0_SCIURUS_OCOLATUS_video_IMG_0312_image006.jpg,12,SCIURUS_OCOLATUS
0_0_SCIURUS_OCOLATUS_video_IMG_0312_image007.jpg,12,SCIURUS_OCOLATUS
0_0_SYLVILAGUS_SP_video_IMG_0002_image001.jpg,14,SYLVILAGUS_SP
0_0_SYLVILAGUS_SP_video_IMG_0002_image002.jpg,14,SYLVILAGUS_SP
0_0_SYLVILAGUS_SP_video_IMG_0002_image003.jpg,14,SYLVILAGUS_SP
0_0_SYLVILAGUS_SP_video_IMG_0005_MP4_image001.jpg,14,SYLVILAGUS_SP
0_0_SYLVILAGUS_SP_video_IMG_0005_MP4_image002.jpg,14,SYLVILAGUS_SP
0_0_SYLVILAGUS_SP_video_IMG_0005_MP4_image003.jpg,14,SYLVILAGUS_SP
0_0_SYLVILAGUS_SP_video_IMG_0005_MP4_image005.jpg,14,SYLVILAGUS_SP
0_0_SYLVILAGUS_SP_video_IMG_0005_MP4_image006.jpg,14,SYLVILAGUS_SP
0_0_SYLVILAGUS_SP_video_IMG_0005_MP4_image007.jpg,14,SYLVILAGUS_SP
0_0_SYLVILAGUS_SP_video_IMG_0005_MP4_image008.jpg,14,SYLVILAGUS_SP
0_0_SYLVILAGUS_SP_video_IMG_0005_MP4_image009.jpg,14,SYLVILAGUS_SP
0_0_SYLVILAGUS_SP_video_IMG_0005_MP4_image010.jpg,14,SYLVILAGUS_SP
0_0_SYLVILAGUS_SP_video_IMG_0006_image001.jpg,14,SYLVILAGUS_SP
0_1_SYLVILAGUS_SP_video_IMG_0006_image001.jpg,14,SYLVILAGUS_SP
0_0_SYLVILAGUS_SP_video_IMG_0006_image002.jpg,14,SYLVILAGUS_SP
0_1_SYLVILAGUS_SP_video_IMG_0006_image002.jpg,14,SYLVILAGUS_SP
0_0_SYLVILAGUS_SP_video_IMG_0006_image003.jpg,14,SYLVILAGUS_SP
0_1_SYLVILAGUS_SP_video_IMG_0006_image003.jpg,14,SYLVILAGUS_SP
0_0_SYLVILAGUS_SP_video_IMG_0006_image004.jpg,14,SYLVILAGUS_SP
0_1_SYLVILAGUS_SP_video_IMG_0006_image004.jpg,14,SYLVILAGUS_SP
0_0_SYLVILAGUS_SP_video_IMG_0006_image005.jpg,14,SYLVILAGUS_SP
0_1_SYLVILAGUS_SP_video_IMG_0006_image005.jpg,14,SYLVILAGUS_SP
0_0_SYLVILAGUS_SP_video_IMG_0006_image006.jpg,14,SYLVILAGUS_SP
0_1_SYLVILAGUS_SP_video_IMG_0006_image006.jpg,14,SYLVILAGUS_SP
0_0_SYLVILAGUS_SP_video_IMG_0006_image007.jpg,14,SYLVILAGUS_SP
0_1_SYLVILAGUS_SP_video_IMG_0006_image007.jpg,14,SYLVILAGUS_SP
0_0_SYLVILAGUS_SP_video_IMG_0006_image008.jpg,14,SYLVILAGUS_SP
0_1_SYLVILAGUS_SP_video_IMG_0006_image008.jpg,14,SYLVILAGUS_SP
0_0_SYLVILAGUS_SP_video_IMG_0006_image009.jpg,14,SYLVILAGUS_SP
0_0_SYLVILAGUS_SP_video_IMG_0006_image010.jpg,14,SYLVILAGUS_SP
0_1_SYLVILAGUS_SP_video_IMG_0006_image010.jpg,14,SYLVILAGUS_SP
0_0_SYLVILAGUS_SP_video_IMG_0008_image001.jpg,14,SYLVILAGUS_SP
0_0_SYLVILAGUS_SP_video_IMG_0008_image002.jpg,14,SYLVILAGUS_SP
0_0_SYLVILAGUS_SP_video_IMG_0008_image003.jpg,14,SYLVILAGUS_SP
0_0_SYLVILAGUS_SP_video_IMG_0008_image004.jpg,14,SYLVILAGUS_SP
0_0_SYLVILAGUS_SP_video_IMG_0008_image005.jpg,14,SYLVILAGUS_SP
0_0_SYLVILAGUS_SP_video_IMG_0008_image006.jpg,14,SYLVILAGUS_SP
0_0_SYLVILAGUS_SP_video_IMG_0008_image007.jpg,14,SYLVILAGUS_SP
0_0_SYLVILAGUS_SP_video_IMG_0008_image008.jpg,14,SYLVILAGUS_SP
0_1_SYLVILAGUS_SP_video_IMG_0008_image008.jpg,14,SYLVILAGUS_SP
0_0_SYLVILAGUS_SP_video_IMG_0008_image009.jpg,14,SYLVILAGUS_SP
0_1_SYLVILAGUS_SP_video_IMG_0008_image009.jpg,14,SYLVILAGUS_SP
0_0_SYLVILAGUS_SP_video_IMG_0008_image010.jpg,14,SYLVILAGUS_SP
0_1_SYLVILAGUS_SP_video_IMG_0008_image010.jpg,14,SYLVILAGUS_SP
0_0_SYLVILAGUS_SP_video_IMG_0011_image001.jpg,14,SYLVILAGUS_SP
0_0_SYLVILAGUS_SP_video_IMG_0011_image002.jpg,14,SYLVILAGUS_SP
0_0_SYLVILAGUS_SP_video_IMG_0011_image003.jpg,14,SYLVILAGUS_SP
0_0_SYLVILAGUS_SP_video_IMG_0011_image004.jpg,14,SYLVILAGUS_SP
0_0_SYLVILAGUS_SP_video_IMG_0011_image005.jpg,14,SYLVILAGUS_SP
0_0_SYLVILAGUS_SP_video_IMG_0011_image006.jpg,14,SYLVILAGUS_SP
0_0_SYLVILAGUS_SP_video_IMG_0011_image007.jpg,14,SYLVILAGUS_SP
0_0_SYLVILAGUS_SP_video_IMG_0011_image008.jpg,14,SYLVILAGUS_SP
0_0_SYLVILAGUS_SP_video_IMG_0011_image009.jpg,14,SYLVILAGUS_SP
0_0_SYLVILAGUS_SP_video_IMG_0011_image010.jpg,14,SYLVILAGUS_SP
0_0_SYLVILAGUS_SP_video_IMG_0012_image001.jpg,14,SYLVILAGUS_SP
0_0_SYLVILAGUS_SP_video_IMG_0012_image002.jpg,14,SYLVILAGUS_SP
0_0_SYLVILAGUS_SP_video_IMG_0012_image003.jpg,14,SYLVILAGUS_SP
0_0_SYLVILAGUS_SP_video_IMG_0012_image004.jpg,14,SYLVILAGUS_SP
0_0_SYLVILAGUS_SP_video_IMG_0012_image005.jpg,14,SYLVILAGUS_SP
0_0_SYLVILAGUS_SP_video_IMG_0012_image006.jpg,14,SYLVILAGUS_SP
0_0_SYLVILAGUS_SP_video_IMG_0012_image007.jpg,14,SYLVILAGUS_SP
0_0_SYLVILAGUS_SP_video_IMG_0012_image008.jpg,14,SYLVILAGUS_SP
0_0_SYLVILAGUS_SP_video_IMG_0012_image009.jpg,14,SYLVILAGUS_SP
0_0_SYLVILAGUS_SP_video_IMG_0012_image010.jpg,14,SYLVILAGUS_SP
0_0_SYLVILAGUS_SP_video_IMG_0013_image001.jpg,14,SYLVILAGUS_SP
0_0_SYLVILAGUS_SP_video_IMG_0013_image002.jpg,14,SYLVILAGUS_SP
0_0_SYLVILAGUS_SP_video_IMG_0013_image003.jpg,14,SYLVILAGUS_SP
0_0_SYLVILAGUS_SP_video_IMG_0014_image001.jpg,14,SYLVILAGUS_SP
0_0_SYLVILAGUS_SP_video_IMG_0014_image002.jpg,14,SYLVILAGUS_SP
0_0_SYLVILAGUS_SP_video_IMG_0014_image003.jpg,14,SYLVILAGUS_SP
0_0_SYLVILAGUS_SP_video_IMG_0015_image001.jpg,14,SYLVILAGUS_SP
0_1_SYLVILAGUS_SP_video_IMG_0015_image001.jpg,14,SYLVILAGUS_SP
0_0_SYLVILAGUS_SP_video_IMG_0015_image002.jpg,14,SYLVILAGUS_SP
0_1_SYLVILAGUS_SP_video_IMG_0015_image002.jpg,14,SYLVILAGUS_SP
0_0_SYLVILAGUS_SP_video_IMG_0015_image003.jpg,14,SYLVILAGUS_SP
0_0_SYLVILAGUS_SP_video_IMG_0015_image004.jpg,14,SYLVILAGUS_SP
0_0_SYLVILAGUS_SP_video_IMG_0015_image005.jpg,14,SYLVILAGUS_SP
0_0_SYLVILAGUS_SP_video_IMG_0015_image006.jpg,14,SYLVILAGUS_SP
0_0_SYLVILAGUS_SP_video_IMG_0015_image007.jpg,14,SYLVILAGUS_SP
0_0_SYLVILAGUS_SP_video_IMG_0015_image008.jpg,14,SYLVILAGUS_SP
0_0_SYLVILAGUS_SP_video_IMG_0015_image009.jpg,14,SYLVILAGUS_SP
0_0_SYLVILAGUS_SP_video_IMG_0015_image010.jpg,14,SYLVILAGUS_SP
0_0_SYLVILAGUS_SP_video_IMG_0016 (2)_image001.jpg,14,SYLVILAGUS_SP
0_0_SYLVILAGUS_SP_video_IMG_0016 (2)_image002.jpg,14,SYLVILAGUS_SP
0_0_SYLVILAGUS_SP_video_IMG_0016 (2)_image003.jpg,14,SYLVILAGUS_SP
0_0_SYLVILAGUS_SP_video_IMG_0016 (2)_image004.jpg,14,SYLVILAGUS_SP
0_0_SYLVILAGUS_SP_video_IMG_0016 (2)_image005.jpg,14,SYLVILAGUS_SP
0_0_SYLVILAGUS_SP_video_IMG_0016 (2)_image006.jpg,14,SYLVILAGUS_SP
0_0_SYLVILAGUS_SP_video_IMG_0016 (2)_image007.jpg,14,SYLVILAGUS_SP
0_0_SYLVILAGUS_SP_video_IMG_0016 (2)_image008.jpg,14,SYLVILAGUS_SP
0_0_SYLVILAGUS_SP_video_IMG_0016 (2)_image009.jpg,14,SYLVILAGUS_SP
0_0_SYLVILAGUS_SP_video_IMG_0016 (2)_image010.jpg,14,SYLVILAGUS_SP
0_0_SYLVILAGUS_SP_video_IMG_0016_image001.jpg,14,SYLVILAGUS_SP
0_0_SYLVILAGUS_SP_video_IMG_0016_image002.jpg,14,SYLVILAGUS_SP
0_0_SYLVILAGUS_SP_video_IMG_0016_image003.jpg,14,SYLVILAGUS_SP
0_0_SYLVILAGUS_SP_video_IMG_0016_image004.jpg,14,SYLVILAGUS_SP
0_0_SYLVILAGUS_SP_video_IMG_0016_image005.jpg,14,SYLVILAGUS_SP
0_0_SYLVILAGUS_SP_video_IMG_0016_image006.jpg,14,SYLVILAGUS_SP
0_0_SYLVILAGUS_SP_video_IMG_0016_image007.jpg,14,SYLVILAGUS_SP
0_0_SYLVILAGUS_SP_video_IMG_0016_image008.jpg,14,SYLVILAGUS_SP
0_0_SYLVILAGUS_SP_video_IMG_0016_image009.jpg,14,SYLVILAGUS_SP
0_0_SYLVILAGUS_SP_video_IMG_0016_image010.jpg,14,SYLVILAGUS_SP
0_0_SYLVILAGUS_SP_video_IMG_0017_image001.jpg,14,SYLVILAGUS_SP
0_0_SYLVILAGUS_SP_video_IMG_0017_image002.jpg,14,SYLVILAGUS_SP
0_0_SYLVILAGUS_SP_video_IMG_0017_image003.jpg,14,SYLVILAGUS_SP
0_0_SYLVILAGUS_SP_video_IMG_0017_image004.jpg,14,SYLVILAGUS_SP
0_0_SYLVILAGUS_SP_video_IMG_0018_image001.jpg,14,SYLVILAGUS_SP
0_0_SYLVILAGUS_SP_video_IMG_0018_image002.jpg,14,SYLVILAGUS_SP
0_0_SYLVILAGUS_SP_video_IMG_0018_image003.jpg,14,SYLVILAGUS_SP
0_0_SYLVILAGUS_SP_video_IMG_0018_image004.jpg,14,SYLVILAGUS_SP
0_0_SYLVILAGUS_SP_video_IMG_0018_image005.jpg,14,SYLVILAGUS_SP
0_0_SYLVILAGUS_SP_video_IMG_0020_image001.jpg,14,SYLVILAGUS_SP
0_0_SYLVILAGUS_SP_video_IMG_0020_image002.jpg,14,SYLVILAGUS_SP
0_0_SYLVILAGUS_SP_video_IMG_0020_image003.jpg,14,SYLVILAGUS_SP
0_0_SYLVILAGUS_SP_video_IMG_0020_image004.jpg,14,SYLVILAGUS_SP
0_0_SYLVILAGUS_SP_video_IMG_0020_image005.jpg,14,SYLVILAGUS_SP
0_0_SYLVILAGUS_SP_video_IMG_0020_image006.jpg,14,SYLVILAGUS_SP
0_0_SYLVILAGUS_SP_video_IMG_0020_image007.jpg,14,SYLVILAGUS_SP
0_0_SYLVILAGUS_SP_video_IMG_0020_image008.jpg,14,SYLVILAGUS_SP
0_0_SYLVILAGUS_SP_video_IMG_0020_image009.jpg,14,SYLVILAGUS_SP
0_0_SYLVILAGUS_SP_video_IMG_0020_image010.jpg,14,SYLVILAGUS_SP
0_0_SYLVILAGUS_SP_video_IMG_0021_image001.jpg,14,SYLVILAGUS_SP
0_0_SYLVILAGUS_SP_video_IMG_0021_image002.jpg,14,SYLVILAGUS_SP
0_0_SYLVILAGUS_SP_video_IMG_0021_image003.jpg,14,SYLVILAGUS_SP
0_0_SYLVILAGUS_SP_video_IMG_0021_image004.jpg,14,SYLVILAGUS_SP
0_0_SYLVILAGUS_SP_video_IMG_0021_image005.jpg,14,SYLVILAGUS_SP
0_0_SYLVILAGUS_SP_video_IMG_0021_image006.jpg,14,SYLVILAGUS_SP
0_0_SYLVILAGUS_SP_video_IMG_0021_image007.jpg,14,SYLVILAGUS_SP
0_0_SYLVILAGUS_SP_video_IMG_0021_image008.jpg,14,SYLVILAGUS_SP
0_0_SYLVILAGUS_SP_video_IMG_0021_image009.jpg,14,SYLVILAGUS_SP
0_0_SYLVILAGUS_SP_video_IMG_0021_image010.jpg,14,SYLVILAGUS_SP
0_0_SYLVILAGUS_SP_video_IMG_0022_image001.jpg,14,SYLVILAGUS_SP
0_0_SYLVILAGUS_SP_video_IMG_0022_image002.jpg,14,SYLVILAGUS_SP
0_0_SYLVILAGUS_SP_video_IMG_0022_image006.jpg,14,SYLVILAGUS_SP
0_0_SYLVILAGUS_SP_video_IMG_0023_image001.jpg,14,SYLVILAGUS_SP
0_0_SYLVILAGUS_SP_video_IMG_0023_image002.jpg,14,SYLVILAGUS_SP
0_0_SYLVILAGUS_SP_video_IMG_0023_image003.jpg,14,SYLVILAGUS_SP
0_0_SYLVILAGUS_SP_video_IMG_0023_image004.jpg,14,SYLVILAGUS_SP
0_0_SYLVILAGUS_SP_video_IMG_0023_image005.jpg,14,SYLVILAGUS_SP
0_0_SYLVILAGUS_SP_video_IMG_0023_image006.jpg,14,SYLVILAGUS_SP
0_0_SYLVILAGUS_SP_video_IMG_0023_image007.jpg,14,SYLVILAGUS_SP
0_0_SYLVILAGUS_SP_video_IMG_0023_image008.jpg,14,SYLVILAGUS_SP
0_0_SYLVILAGUS_SP_video_IMG_0023_image009.jpg,14,SYLVILAGUS_SP
0_0_SYLVILAGUS_SP_video_IMG_0023_image010.jpg,14,SYLVILAGUS_SP
0_0_SYLVILAGUS_SP_video_IMG_0024 (2)_image001.jpg,14,SYLVILAGUS_SP
0_0_SYLVILAGUS_SP_video_IMG_0024 (2)_image002.jpg,14,SYLVILAGUS_SP
0_0_SYLVILAGUS_SP_video_IMG_0024 (2)_image003.jpg,14,SYLVILAGUS_SP
0_0_SYLVILAGUS_SP_video_IMG_0024 (2)_image004.jpg,14,SYLVILAGUS_SP
0_0_SYLVILAGUS_SP_video_IMG_0024 (2)_image005.jpg,14,SYLVILAGUS_SP
0_0_SYLVILAGUS_SP_video_IMG_0024 (2)_image006.jpg,14,SYLVILAGUS_SP
0_0_SYLVILAGUS_SP_video_IMG_0024 (2)_image007.jpg,14,SYLVILAGUS_SP
0_0_SYLVILAGUS_SP_video_IMG_0024 (2)_image008.jpg,14,SYLVILAGUS_SP
0_0_SYLVILAGUS_SP_video_IMG_0024 (2)_image009.jpg,14,SYLVILAGUS_SP
0_0_SYLVILAGUS_SP_video_IMG_0024 (2)_image010.jpg,14,SYLVILAGUS_SP
0_0_SYLVILAGUS_SP_video_IMG_0024_image001.jpg,14,SYLVILAGUS_SP
0_0_SYLVILAGUS_SP_video_IMG_0024_image002.jpg,14,SYLVILAGUS_SP
0_0_SYLVILAGUS_SP_video_IMG_0024_image003.jpg,14,SYLVILAGUS_SP
0_0_SYLVILAGUS_SP_video_IMG_0024_image004.jpg,14,SYLVILAGUS_SP
0_0_SYLVILAGUS_SP_video_IMG_0024_image005.jpg,14,SYLVILAGUS_SP
0_0_SYLVILAGUS_SP_video_IMG_0024_image006.jpg,14,SYLVILAGUS_SP
0_0_SYLVILAGUS_SP_video_IMG_0024_image007.jpg,14,SYLVILAGUS_SP
0_0_SYLVILAGUS_SP_video_IMG_0025 (2)_image001.jpg,14,SYLVILAGUS_SP
0_0_SYLVILAGUS_SP_video_IMG_0025 (2)_image002.jpg,14,SYLVILAGUS_SP
0_0_SYLVILAGUS_SP_video_IMG_0025 (2)_image003.jpg,14,SYLVILAGUS_SP
0_0_SYLVILAGUS_SP_video_IMG_0025 (2)_image004.jpg,14,SYLVILAGUS_SP
0_0_SYLVILAGUS_SP_video_IMG_0025 (2)_image005.jpg,14,SYLVILAGUS_SP
0_1_SYLVILAGUS_SP_video_IMG_0025 (2)_image005.jpg,14,SYLVILAGUS_SP
0_0_SYLVILAGUS_SP_video_IMG_0025 (2)_image006.jpg,14,SYLVILAGUS_SP
0_0_SYLVILAGUS_SP_video_IMG_0025_image001.jpg,14,SYLVILAGUS_SP
0_0_SYLVILAGUS_SP_video_IMG_0025_image002.jpg,14,SYLVILAGUS_SP
0_0_SYLVILAGUS_SP_video_IMG_0025_image003.jpg,14,SYLVILAGUS_SP
0_0_SYLVILAGUS_SP_video_IMG_0025_image004.jpg,14,SYLVILAGUS_SP
0_0_SYLVILAGUS_SP_video_IMG_0025_image005.jpg,14,SYLVILAGUS_SP
0_0_SYLVILAGUS_SP_video_IMG_0025_image006.jpg,14,SYLVILAGUS_SP
0_0_SYLVILAGUS_SP_video_IMG_0025_image007.jpg,14,SYLVILAGUS_SP
0_0_SYLVILAGUS_SP_video_IMG_0025_image008.jpg,14,SYLVILAGUS_SP
0_0_SYLVILAGUS_SP_video_IMG_0025_image009.jpg,14,SYLVILAGUS_SP
0_0_SYLVILAGUS_SP_video_IMG_0025_image010.jpg,14,SYLVILAGUS_SP
0_0_SYLVILAGUS_SP_video_IMG_0026 (2)_image002.jpg,14,SYLVILAGUS_SP
0_0_SYLVILAGUS_SP_video_IMG_0026 (2)_image003.jpg,14,SYLVILAGUS_SP
0_0_SYLVILAGUS_SP_video_IMG_0026 (2)_image004.jpg,14,SYLVILAGUS_SP
0_0_SYLVILAGUS_SP_video_IMG_0026 (2)_image005.jpg,14,SYLVILAGUS_SP
0_1_SYLVILAGUS_SP_video_IMG_0026 (2)_image005.jpg,14,SYLVILAGUS_SP
0_0_SYLVILAGUS_SP_video_IMG_0026 (3)_image001.jpg,14,SYLVILAGUS_SP
0_1_SYLVILAGUS_SP_video_IMG_0026 (3)_image001.jpg,14,SYLVILAGUS_SP
0_0_SYLVILAGUS_SP_video_IMG_0026 (3)_image002.jpg,14,SYLVILAGUS_SP
0_0_SYLVILAGUS_SP_video_IMG_0026 (3)_image004.jpg,14,SYLVILAGUS_SP
0_0_SYLVILAGUS_SP_video_IMG_0026 (3)_image005.jpg,14,SYLVILAGUS_SP
0_0_SYLVILAGUS_SP_video_IMG_0026 (3)_image006.jpg,14,SYLVILAGUS_SP
0_0_SYLVILAGUS_SP_video_IMG_0026 (3)_image007.jpg,14,SYLVILAGUS_SP
0_0_SYLVILAGUS_SP_video_IMG_0026 (3)_image008.jpg,14,SYLVILAGUS_SP
0_0_SYLVILAGUS_SP_video_IMG_0026 (3)_image009.jpg,14,SYLVILAGUS_SP
0_0_SYLVILAGUS_SP_video_IMG_0026_image001.jpg,14,SYLVILAGUS_SP
0_0_SYLVILAGUS_SP_video_IMG_0026_image002.jpg,14,SYLVILAGUS_SP
0_0_SYLVILAGUS_SP_video_IMG_0026_image003.jpg,14,SYLVILAGUS_SP
0_0_SYLVILAGUS_SP_video_IMG_0026_image004.jpg,14,SYLVILAGUS_SP
0_0_SYLVILAGUS_SP_video_IMG_0026_image005.jpg,14,SYLVILAGUS_SP
0_0_SYLVILAGUS_SP_video_IMG_0026_image006.jpg,14,SYLVILAGUS_SP
0_0_SYLVILAGUS_SP_video_IMG_0026_image007.jpg,14,SYLVILAGUS_SP
0_0_SYLVILAGUS_SP_video_IMG_0026_image008.jpg,14,SYLVILAGUS_SP
0_0_SYLVILAGUS_SP_video_IMG_0026_image009.jpg,14,SYLVILAGUS_SP
0_0_SYLVILAGUS_SP_video_IMG_0026_image010.jpg,14,SYLVILAGUS_SP
0_0_SYLVILAGUS_SP_video_IMG_0027_image001.jpg,14,SYLVILAGUS_SP
0_1_SYLVILAGUS_SP_video_IMG_0027_image001.jpg,14,SYLVILAGUS_SP
0_0_SYLVILAGUS_SP_video_IMG_0027_image002.jpg,14,SYLVILAGUS_SP
0_0_SYLVILAGUS_SP_video_IMG_0027_image003.jpg,14,SYLVILAGUS_SP
0_0_SYLVILAGUS_SP_video_IMG_0027_image004.jpg,14,SYLVILAGUS_SP
0_1_SYLVILAGUS_SP_video_IMG_0027_image004.jpg,14,SYLVILAGUS_SP
0_0_SYLVILAGUS_SP_video_IMG_0027_image005.jpg,14,SYLVILAGUS_SP
0_1_SYLVILAGUS_SP_video_IMG_0027_image005.jpg,14,SYLVILAGUS_SP
0_0_SYLVILAGUS_SP_video_IMG_0027_image006.jpg,14,SYLVILAGUS_SP
0_0_SYLVILAGUS_SP_video_IMG_0027_image007.jpg,14,SYLVILAGUS_SP
0_1_SYLVILAGUS_SP_video_IMG_0027_image007.jpg,14,SYLVILAGUS_SP
0_0_SYLVILAGUS_SP_video_IMG_0027_image008.jpg,14,SYLVILAGUS_SP
0_1_SYLVILAGUS_SP_video_IMG_0027_image008.jpg,14,SYLVILAGUS_SP
0_0_SYLVILAGUS_SP_video_IMG_0027_image009.jpg,14,SYLVILAGUS_SP
0_1_SYLVILAGUS_SP_video_IMG_0027_image009.jpg,14,SYLVILAGUS_SP
0_0_SYLVILAGUS_SP_video_IMG_0027_image010.jpg,14,SYLVILAGUS_SP
0_1_SYLVILAGUS_SP_video_IMG_0027_image010.jpg,14,SYLVILAGUS_SP
0_0_SYLVILAGUS_SP_video_IMG_0028_image001.jpg,14,SYLVILAGUS_SP
0_0_SYLVILAGUS_SP_video_IMG_0028_image002.jpg,14,SYLVILAGUS_SP
0_0_SYLVILAGUS_SP_video_IMG_0028_image003.jpg,14,SYLVILAGUS_SP
0_0_SYLVILAGUS_SP_video_IMG_0028_image004.jpg,14,SYLVILAGUS_SP
0_0_SYLVILAGUS_SP_video_IMG_0028_image005.jpg,14,SYLVILAGUS_SP
0_0_SYLVILAGUS_SP_video_IMG_0028_image006.jpg,14,SYLVILAGUS_SP
0_0_SYLVILAGUS_SP_video_IMG_0028_image007.jpg,14,SYLVILAGUS_SP
0_1_SYLVILAGUS_SP_video_IMG_0028_image007.jpg,14,SYLVILAGUS_SP
0_0_SYLVILAGUS_SP_video_IMG_0028_image008.jpg,14,SYLVILAGUS_SP
0_0_SYLVILAGUS_SP_video_IMG_0028_image009.jpg,14,SYLVILAGUS_SP
0_0_SYLVILAGUS_SP_video_IMG_0028_image010.jpg,14,SYLVILAGUS_SP
0_0_SYLVILAGUS_SP_video_IMG_0029 (2)_image001.jpg,14,SYLVILAGUS_SP
0_0_SYLVILAGUS_SP_video_IMG_0029 (2)_image002.jpg,14,SYLVILAGUS_SP
0_0_SYLVILAGUS_SP_video_IMG_0029 (2)_image003.jpg,14,SYLVILAGUS_SP
0_0_SYLVILAGUS_SP_video_IMG_0029 (2)_image004.jpg,14,SYLVILAGUS_SP
0_0_SYLVILAGUS_SP_video_IMG_0029 (2)_image005.jpg,14,SYLVILAGUS_SP
0_0_SYLVILAGUS_SP_video_IMG_0029 (2)_image006.jpg,14,SYLVILAGUS_SP
0_0_SYLVILAGUS_SP_video_IMG_0029 (2)_image007.jpg,14,SYLVILAGUS_SP
0_0_SYLVILAGUS_SP_video_IMG_0029 (2)_image009.jpg,14,SYLVILAGUS_SP
0_0_SYLVILAGUS_SP_video_IMG_0029 (2)_image010.jpg,14,SYLVILAGUS_SP
0_0_SYLVILAGUS_SP_video_IMG_0029_image001.jpg,14,SYLVILAGUS_SP
0_0_SYLVILAGUS_SP_video_IMG_0029_image002.jpg,14,SYLVILAGUS_SP
0_0_SYLVILAGUS_SP_video_IMG_0029_image003.jpg,14,SYLVILAGUS_SP
0_0_SYLVILAGUS_SP_video_IMG_0029_image004.jpg,14,SYLVILAGUS_SP
0_0_SYLVILAGUS_SP_video_IMG_0029_image005.jpg,14,SYLVILAGUS_SP
0_0_SYLVILAGUS_SP_video_IMG_0029_image006.jpg,14,SYLVILAGUS_SP
0_0_SYLVILAGUS_SP_video_IMG_0029_image007.jpg,14,SYLVILAGUS_SP
0_0_SYLVILAGUS_SP_video_IMG_0029_image008.jpg,14,SYLVILAGUS_SP
0_0_SYLVILAGUS_SP_video_IMG_0029_image009.jpg,14,SYLVILAGUS_SP
0_0_SYLVILAGUS_SP_video_IMG_0029_image010.jpg,14,SYLVILAGUS_SP
0_0_SYLVILAGUS_SP_video_IMG_0033_image001.jpg,14,SYLVILAGUS_SP
0_0_SYLVILAGUS_SP_video_IMG_0033_image002.jpg,14,SYLVILAGUS_SP
0_0_SYLVILAGUS_SP_video_IMG_0033_image003.jpg,14,SYLVILAGUS_SP
0_0_SYLVILAGUS_SP_video_IMG_0033_image004.jpg,14,SYLVILAGUS_SP
0_0_SYLVILAGUS_SP_video_IMG_0033_image005.jpg,14,SYLVILAGUS_SP
0_0_SYLVILAGUS_SP_video_IMG_0033_image006.jpg,14,SYLVILAGUS_SP
0_1_SYLVILAGUS_SP_video_IMG_0033_image006.jpg,14,SYLVILAGUS_SP
0_0_SYLVILAGUS_SP_video_IMG_0033_image007.jpg,14,SYLVILAGUS_SP
0_1_SYLVILAGUS_SP_video_IMG_0033_image007.jpg,14,SYLVILAGUS_SP
0_0_SYLVILAGUS_SP_video_IMG_0033_image008.jpg,14,SYLVILAGUS_SP
0_0_SYLVILAGUS_SP_video_IMG_0033_image009.jpg,14,SYLVILAGUS_SP
0_0_SYLVILAGUS_SP_video_IMG_0033_image010.jpg,14,SYLVILAGUS_SP
0_0_SYLVILAGUS_SP_video_IMG_0034_image001.jpg,14,SYLVILAGUS_SP
0_0_SYLVILAGUS_SP_video_IMG_0034_image002.jpg,14,SYLVILAGUS_SP
0_0_SYLVILAGUS_SP_video_IMG_0034_image003.jpg,14,SYLVILAGUS_SP
0_0_SYLVILAGUS_SP_video_IMG_0034_image004.jpg,14,SYLVILAGUS_SP
0_0_SYLVILAGUS_SP_video_IMG_0034_image005.jpg,14,SYLVILAGUS_SP
0_1_SYLVILAGUS_SP_video_IMG_0034_image005.jpg,14,SYLVILAGUS_SP
0_0_SYLVILAGUS_SP_video_IMG_0034_image007.jpg,14,SYLVILAGUS_SP
0_0_SYLVILAGUS_SP_video_IMG_0034_image008.jpg,14,SYLVILAGUS_SP
0_0_SYLVILAGUS_SP_video_IMG_0034_image009.jpg,14,SYLVILAGUS_SP
0_0_SYLVILAGUS_SP_video_IMG_0034_image010.jpg,14,SYLVILAGUS_SP
0_0_SYLVILAGUS_SP_video_IMG_0036_image001.jpg,14,SYLVILAGUS_SP
0_0_SYLVILAGUS_SP_video_IMG_0036_image002.jpg,14,SYLVILAGUS_SP
0_0_SYLVILAGUS_SP_video_IMG_0036_image003.jpg,14,SYLVILAGUS_SP
0_0_SYLVILAGUS_SP_video_IMG_0036_image004.jpg,14,SYLVILAGUS_SP
0_0_SYLVILAGUS_SP_video_IMG_0036_image005.jpg,14,SYLVILAGUS_SP
0_0_SYLVILAGUS_SP_video_IMG_0036_image006.jpg,14,SYLVILAGUS_SP
0_0_SYLVILAGUS_SP_video_IMG_0036_image007.jpg,14,SYLVILAGUS_SP
0_0_SYLVILAGUS_SP_video_IMG_0036_image008.jpg,14,SYLVILAGUS_SP
0_0_SYLVILAGUS_SP_video_IMG_0036_image010.jpg,14,SYLVILAGUS_SP
0_0_SYLVILAGUS_SP_video_IMG_0037_image001.jpg,14,SYLVILAGUS_SP
0_0_SYLVILAGUS_SP_video_IMG_0037_image002.jpg,14,SYLVILAGUS_SP
0_1_SYLVILAGUS_SP_video_IMG_0037_image002.jpg,14,SYLVILAGUS_SP
0_0_SYLVILAGUS_SP_video_IMG_0037_image003.jpg,14,SYLVILAGUS_SP
0_0_SYLVILAGUS_SP_video_IMG_0038 (2)_image001.jpg,14,SYLVILAGUS_SP
0_0_SYLVILAGUS_SP_video_IMG_0038 (2)_image002.jpg,14,SYLVILAGUS_SP
0_1_SYLVILAGUS_SP_video_IMG_0038 (2)_image002.jpg,14,SYLVILAGUS_SP
0_0_SYLVILAGUS_SP_video_IMG_0038 (2)_image003.jpg,14,SYLVILAGUS_SP
0_1_SYLVILAGUS_SP_video_IMG_0038 (2)_image003.jpg,14,SYLVILAGUS_SP
0_0_SYLVILAGUS_SP_video_IMG_0038 (2)_image004.jpg,14,SYLVILAGUS_SP
0_0_SYLVILAGUS_SP_video_IMG_0038 (2)_image006.jpg,14,SYLVILAGUS_SP
0_1_SYLVILAGUS_SP_video_IMG_0038 (2)_image006.jpg,14,SYLVILAGUS_SP
0_0_SYLVILAGUS_SP_video_IMG_0038 (2)_image007.jpg,14,SYLVILAGUS_SP
0_0_SYLVILAGUS_SP_video_IMG_0038_avi_image001.jpg,14,SYLVILAGUS_SP
0_0_SYLVILAGUS_SP_video_IMG_0038_avi_image002.jpg,14,SYLVILAGUS_SP
0_0_SYLVILAGUS_SP_video_IMG_0038_avi_image003.jpg,14,SYLVILAGUS_SP
0_0_SYLVILAGUS_SP_video_IMG_0038_avi_image004.jpg,14,SYLVILAGUS_SP
0_0_SYLVILAGUS_SP_video_IMG_0038_avi_image005.jpg,14,SYLVILAGUS_SP
0_0_SYLVILAGUS_SP_video_IMG_0038_avi_image006.jpg,14,SYLVILAGUS_SP
0_0_SYLVILAGUS_SP_video_IMG_0038_avi_image007.jpg,14,SYLVILAGUS_SP
0_0_SYLVILAGUS_SP_video_IMG_0038_avi_image008.jpg,14,SYLVILAGUS_SP
0_0_SYLVILAGUS_SP_video_IMG_0038_image001.jpg,14,SYLVILAGUS_SP
0_0_SYLVILAGUS_SP_video_IMG_0038_image002.jpg,14,SYLVILAGUS_SP
0_0_SYLVILAGUS_SP_video_IMG_0038_image003.jpg,14,SYLVILAGUS_SP
0_0_SYLVILAGUS_SP_video_IMG_0038_image004.jpg,14,SYLVILAGUS_SP
0_0_SYLVILAGUS_SP_video_IMG_0038_image005.jpg,14,SYLVILAGUS_SP
0_0_SYLVILAGUS_SP_video_IMG_0038_image006.jpg,14,SYLVILAGUS_SP
0_0_SYLVILAGUS_SP_video_IMG_0038_image007.jpg,14,SYLVILAGUS_SP
0_0_SYLVILAGUS_SP_video_IMG_0038_image008.jpg,14,SYLVILAGUS_SP
0_0_SYLVILAGUS_SP_video_IMG_0038_image009.jpg,14,SYLVILAGUS_SP
0_0_SYLVILAGUS_SP_video_IMG_0038_image010.jpg,14,SYLVILAGUS_SP
0_0_SYLVILAGUS_SP_video_IMG_0041_avi_image001.jpg,14,SYLVILAGUS_SP
0_0_SYLVILAGUS_SP_video_IMG_0041_avi_image002.jpg,14,SYLVILAGUS_SP
0_0_SYLVILAGUS_SP_video_IMG_0041_avi_image003.jpg,14,SYLVILAGUS_SP
0_0_SYLVILAGUS_SP_video_IMG_0041_image001.jpg,14,SYLVILAGUS_SP
0_0_SYLVILAGUS_SP_video_IMG_0041_image002.jpg,14,SYLVILAGUS_SP
0_0_SYLVILAGUS_SP_video_IMG_0041_image003.jpg,14,SYLVILAGUS_SP
0_0_SYLVILAGUS_SP_video_IMG_0041_image004.jpg,14,SYLVILAGUS_SP
0_0_SYLVILAGUS_SP_video_IMG_0041_image005.jpg,14,SYLVILAGUS_SP
0_0_SYLVILAGUS_SP_video_IMG_0041_image006.jpg,14,SYLVILAGUS_SP
0_0_SYLVILAGUS_SP_video_IMG_0041_image007.jpg,14,SYLVILAGUS_SP
0_0_SYLVILAGUS_SP_video_IMG_0041_image008.jpg,14,SYLVILAGUS_SP
0_0_SYLVILAGUS_SP_video_IMG_0041_image009.jpg,14,SYLVILAGUS_SP
0_0_SYLVILAGUS_SP_video_IMG_0041_image010.jpg,14,SYLVILAGUS_SP
0_0_SYLVILAGUS_SP_video_IMG_0042_avi_image001.jpg,14,SYLVILAGUS_SP
0_0_SYLVILAGUS_SP_video_IMG_0042_avi_image002.jpg,14,SYLVILAGUS_SP
0_0_SYLVILAGUS_SP_video_IMG_0042_image001.jpg,14,SYLVILAGUS_SP
0_0_SYLVILAGUS_SP_video_IMG_0042_image002.jpg,14,SYLVILAGUS_SP
0_0_SYLVILAGUS_SP_video_IMG_0042_image003.jpg,14,SYLVILAGUS_SP
0_0_SYLVILAGUS_SP_video_IMG_0042_image004.jpg,14,SYLVILAGUS_SP
0_0_SYLVILAGUS_SP_video_IMG_0042_image005.jpg,14,SYLVILAGUS_SP
0_0_SYLVILAGUS_SP_video_IMG_0042_image006.jpg,14,SYLVILAGUS_SP
0_0_SYLVILAGUS_SP_video_IMG_0042_image007.jpg,14,SYLVILAGUS_SP
0_0_SYLVILAGUS_SP_video_IMG_0042_image008.jpg,14,SYLVILAGUS_SP
0_0_SYLVILAGUS_SP_video_IMG_0042_image009.jpg,14,SYLVILAGUS_SP
0_0_SYLVILAGUS_SP_video_IMG_0042_image010.jpg,14,SYLVILAGUS_SP
0_0_SYLVILAGUS_SP_video_IMG_0043_image001.jpg,14,SYLVILAGUS_SP
0_0_SYLVILAGUS_SP_video_IMG_0043_image002.jpg,14,SYLVILAGUS_SP
0_0_SYLVILAGUS_SP_video_IMG_0043_image003.jpg,14,SYLVILAGUS_SP
0_0_SYLVILAGUS_SP_video_IMG_0043_image004.jpg,14,SYLVILAGUS_SP
0_0_SYLVILAGUS_SP_video_IMG_0043_image005.jpg,14,SYLVILAGUS_SP
0_0_SYLVILAGUS_SP_video_IMG_0043_image006.jpg,14,SYLVILAGUS_SP
0_0_SYLVILAGUS_SP_video_IMG_0043_image007.jpg,14,SYLVILAGUS_SP
0_0_SYLVILAGUS_SP_video_IMG_0043_image008.jpg,14,SYLVILAGUS_SP
0_0_SYLVILAGUS_SP_video_IMG_0043_image009.jpg,14,SYLVILAGUS_SP
0_0_SYLVILAGUS_SP_video_IMG_0043_image010.jpg,14,SYLVILAGUS_SP
0_0_SYLVILAGUS_SP_video_IMG_0044_image001.jpg,14,SYLVILAGUS_SP
0_0_SYLVILAGUS_SP_video_IMG_0044_image002.jpg,14,SYLVILAGUS_SP
0_0_SYLVILAGUS_SP_video_IMG_0044_image003.jpg,14,SYLVILAGUS_SP
0_0_SYLVILAGUS_SP_video_IMG_0044_image004.jpg,14,SYLVILAGUS_SP
0_0_SYLVILAGUS_SP_video_IMG_0044_image005.jpg,14,SYLVILAGUS_SP
0_0_SYLVILAGUS_SP_video_IMG_0044_image006.jpg,14,SYLVILAGUS_SP
0_0_SYLVILAGUS_SP_video_IMG_0044_image007.jpg,14,SYLVILAGUS_SP
0_0_SYLVILAGUS_SP_video_IMG_0044_image008.jpg,14,SYLVILAGUS_SP
0_0_SYLVILAGUS_SP_video_IMG_0044_image009.jpg,14,SYLVILAGUS_SP
0_0_SYLVILAGUS_SP_video_IMG_0044_image010.jpg,14,SYLVILAGUS_SP
0_0_SYLVILAGUS_SP_video_IMG_0045 (2)_image001.jpg,14,SYLVILAGUS_SP
0_0_SYLVILAGUS_SP_video_IMG_0045 (2)_image003.jpg,14,SYLVILAGUS_SP
0_0_SYLVILAGUS_SP_video_IMG_0045_image001.jpg,14,SYLVILAGUS_SP
0_0_SYLVILAGUS_SP_video_IMG_0045_image002.jpg,14,SYLVILAGUS_SP
0_0_SYLVILAGUS_SP_video_IMG_0045_image003.jpg,14,SYLVILAGUS_SP
0_0_SYLVILAGUS_SP_video_IMG_0045_image004.jpg,14,SYLVILAGUS_SP
0_0_SYLVILAGUS_SP_video_IMG_0045_image005.jpg,14,SYLVILAGUS_SP
0_0_SYLVILAGUS_SP_video_IMG_0045_image006.jpg,14,SYLVILAGUS_SP
0_0_SYLVILAGUS_SP_video_IMG_0045_image007.jpg,14,SYLVILAGUS_SP
0_0_SYLVILAGUS_SP_video_IMG_0045_image008.jpg,14,SYLVILAGUS_SP
0_0_SYLVILAGUS_SP_video_IMG_0045_image009.jpg,14,SYLVILAGUS_SP
0_0_SYLVILAGUS_SP_video_IMG_0045_image010.jpg,14,SYLVILAGUS_SP
0_0_SYLVILAGUS_SP_video_IMG_0046 (2)_image001.jpg,14,SYLVILAGUS_SP
0_0_SYLVILAGUS_SP_video_IMG_0046 (2)_image002.jpg,14,SYLVILAGUS_SP
0_0_SYLVILAGUS_SP_video_IMG_0046 (2)_image003.jpg,14,SYLVILAGUS_SP
0_0_SYLVILAGUS_SP_video_IMG_0046 (2)_image004.jpg,14,SYLVILAGUS_SP
0_0_SYLVILAGUS_SP_video_IMG_0046 (2)_image005.jpg,14,SYLVILAGUS_SP
0_0_SYLVILAGUS_SP_video_IMG_0046 (2)_image006.jpg,14,SYLVILAGUS_SP
0_0_SYLVILAGUS_SP_video_IMG_0046 (2)_image007.jpg,14,SYLVILAGUS_SP
0_1_SYLVILAGUS_SP_video_IMG_0046 (2)_image007.jpg,14,SYLVILAGUS_SP
0_0_SYLVILAGUS_SP_video_IMG_0046 (2)_image008.jpg,14,SYLVILAGUS_SP
0_0_SYLVILAGUS_SP_video_IMG_0046 (2)_image009.jpg,14,SYLVILAGUS_SP
0_1_SYLVILAGUS_SP_video_IMG_0046 (2)_image009.jpg,14,SYLVILAGUS_SP
0_0_SYLVILAGUS_SP_video_IMG_0046 (2)_image010.jpg,14,SYLVILAGUS_SP
0_0_SYLVILAGUS_SP_video_IMG_0046_image001.jpg,14,SYLVILAGUS_SP
0_0_SYLVILAGUS_SP_video_IMG_0046_image002.jpg,14,SYLVILAGUS_SP
0_0_SYLVILAGUS_SP_video_IMG_0046_image003.jpg,14,SYLVILAGUS_SP
0_0_SYLVILAGUS_SP_video_IMG_0046_image004.jpg,14,SYLVILAGUS_SP
0_0_SYLVILAGUS_SP_video_IMG_0046_image005.jpg,14,SYLVILAGUS_SP
0_0_SYLVILAGUS_SP_video_IMG_0046_image006.jpg,14,SYLVILAGUS_SP
0_0_SYLVILAGUS_SP_video_IMG_0046_image007.jpg,14,SYLVILAGUS_SP
0_0_SYLVILAGUS_SP_video_IMG_0046_image008.jpg,14,SYLVILAGUS_SP
0_0_SYLVILAGUS_SP_video_IMG_0046_image009.jpg,14,SYLVILAGUS_SP
0_0_SYLVILAGUS_SP_video_IMG_0046_image010.jpg,14,SYLVILAGUS_SP
0_0_SYLVILAGUS_SP_video_IMG_0047 (2)_image001.jpg,14,SYLVILAGUS_SP
0_1_SYLVILAGUS_SP_video_IMG_0047 (2)_image001.jpg,14,SYLVILAGUS_SP
0_0_SYLVILAGUS_SP_video_IMG_0047 (2)_image003.jpg,14,SYLVILAGUS_SP
0_1_SYLVILAGUS_SP_video_IMG_0047 (2)_image003.jpg,14,SYLVILAGUS_SP
0_0_SYLVILAGUS_SP_video_IMG_0047 (2)_image004.jpg,14,SYLVILAGUS_SP
0_0_SYLVILAGUS_SP_video_IMG_0047 (2)_image005.jpg,14,SYLVILAGUS_SP
0_0_SYLVILAGUS_SP_video_IMG_0047 (2)_image006.jpg,14,SYLVILAGUS_SP
0_0_SYLVILAGUS_SP_video_IMG_0047 (2)_image007.jpg,14,SYLVILAGUS_SP
0_0_SYLVILAGUS_SP_video_IMG_0047 (2)_image008.jpg,14,SYLVILAGUS_SP
0_0_SYLVILAGUS_SP_video_IMG_0047 (2)_image009.jpg,14,SYLVILAGUS_SP
0_0_SYLVILAGUS_SP_video_IMG_0047 (2)_image010.jpg,14,SYLVILAGUS_SP
0_0_SYLVILAGUS_SP_video_IMG_0047_image001.jpg,14,SYLVILAGUS_SP
0_0_SYLVILAGUS_SP_video_IMG_0047_image002.jpg,14,SYLVILAGUS_SP
0_0_SYLVILAGUS_SP_video_IMG_0047_image003.jpg,14,SYLVILAGUS_SP
0_0_SYLVILAGUS_SP_video_IMG_0047_image004.jpg,14,SYLVILAGUS_SP
0_0_SYLVILAGUS_SP_video_IMG_0047_image005.jpg,14,SYLVILAGUS_SP
0_0_SYLVILAGUS_SP_video_IMG_0047_image006.jpg,14,SYLVILAGUS_SP
0_0_SYLVILAGUS_SP_video_IMG_0047_image007.jpg,14,SYLVILAGUS_SP
0_0_SYLVILAGUS_SP_video_IMG_0047_image008.jpg,14,SYLVILAGUS_SP
0_0_SYLVILAGUS_SP_video_IMG_0047_image009.jpg,14,SYLVILAGUS_SP
0_0_SYLVILAGUS_SP_video_IMG_0047_image010.jpg,14,SYLVILAGUS_SP
0_0_SYLVILAGUS_SP_video_IMG_0048 (2)_image001.jpg,14,SYLVILAGUS_SP
0_0_SYLVILAGUS_SP_video_IMG_0048 (2)_image002.jpg,14,SYLVILAGUS_SP
0_0_SYLVILAGUS_SP_video_IMG_0048 (2)_image003.jpg,14,SYLVILAGUS_SP
0_0_SYLVILAGUS_SP_video_IMG_0048 (2)_image004.jpg,14,SYLVILAGUS_SP
0_0_SYLVILAGUS_SP_video_IMG_0048 (2)_image005.jpg,14,SYLVILAGUS_SP
0_0_SYLVILAGUS_SP_video_IMG_0048 (2)_image006.jpg,14,SYLVILAGUS_SP
0_0_SYLVILAGUS_SP_video_IMG_0048 (2)_image007.jpg,14,SYLVILAGUS_SP
0_0_SYLVILAGUS_SP_video_IMG_0048 (2)_image008.jpg,14,SYLVILAGUS_SP
0_0_SYLVILAGUS_SP_video_IMG_0048 (2)_image009.jpg,14,SYLVILAGUS_SP
0_0_SYLVILAGUS_SP_video_IMG_0048 (2)_image010.jpg,14,SYLVILAGUS_SP
0_0_SYLVILAGUS_SP_video_IMG_0048 (3)_image001.jpg,14,SYLVILAGUS_SP
0_0_SYLVILAGUS_SP_video_IMG_0048 (3)_image002.jpg,14,SYLVILAGUS_SP
0_0_SYLVILAGUS_SP_video_IMG_0048 (3)_image003.jpg,14,SYLVILAGUS_SP
0_0_SYLVILAGUS_SP_video_IMG_0048 (3)_image004.jpg,14,SYLVILAGUS_SP
0_0_SYLVILAGUS_SP_video_IMG_0048 (3)_image005.jpg,14,SYLVILAGUS_SP
0_0_SYLVILAGUS_SP_video_IMG_0048 (3)_image006.jpg,14,SYLVILAGUS_SP
0_0_SYLVILAGUS_SP_video_IMG_0048 (3)_image007.jpg,14,SYLVILAGUS_SP
0_0_SYLVILAGUS_SP_video_IMG_0048 (3)_image008.jpg,14,SYLVILAGUS_SP
0_0_SYLVILAGUS_SP_video_IMG_0048 (3)_image009.jpg,14,SYLVILAGUS_SP
0_0_SYLVILAGUS_SP_video_IMG_0048 (3)_image010.jpg,14,SYLVILAGUS_SP
0_0_SYLVILAGUS_SP_video_IMG_0048_image001.jpg,14,SYLVILAGUS_SP
0_0_SYLVILAGUS_SP_video_IMG_0049_image001.jpg,14,SYLVILAGUS_SP
0_0_SYLVILAGUS_SP_video_IMG_0053 (2)_image001.jpg,14,SYLVILAGUS_SP
0_0_SYLVILAGUS_SP_video_IMG_0053 (2)_image002.jpg,14,SYLVILAGUS_SP
0_0_SYLVILAGUS_SP_video_IMG_0053 (2)_image003.jpg,14,SYLVILAGUS_SP
0_0_SYLVILAGUS_SP_video_IMG_0053_image010.jpg,14,SYLVILAGUS_SP
0_0_SYLVILAGUS_SP_video_IMG_0054_image001.jpg,14,SYLVILAGUS_SP
0_0_SYLVILAGUS_SP_video_IMG_0054_image002.jpg,14,SYLVILAGUS_SP
0_0_SYLVILAGUS_SP_video_IMG_0054_image003.jpg,14,SYLVILAGUS_SP
0_0_SYLVILAGUS_SP_video_IMG_0054_image004.jpg,14,SYLVILAGUS_SP
0_0_SYLVILAGUS_SP_video_IMG_0054_image005.jpg,14,SYLVILAGUS_SP
0_0_SYLVILAGUS_SP_video_IMG_0054_image006.jpg,14,SYLVILAGUS_SP
0_0_SYLVILAGUS_SP_video_IMG_0054_image007.jpg,14,SYLVILAGUS_SP
0_0_SYLVILAGUS_SP_video_IMG_0054_image008.jpg,14,SYLVILAGUS_SP
0_0_SYLVILAGUS_SP_video_IMG_0054_image009.jpg,14,SYLVILAGUS_SP
0_0_SYLVILAGUS_SP_video_IMG_0054_image010.jpg,14,SYLVILAGUS_SP
0_0_SYLVILAGUS_SP_video_IMG_0055_MP4_image001.jpg,14,SYLVILAGUS_SP
0_0_SYLVILAGUS_SP_video_IMG_0055_MP4_image002.jpg,14,SYLVILAGUS_SP
0_0_SYLVILAGUS_SP_video_IMG_0055_MP4_image003.jpg,14,SYLVILAGUS_SP
0_0_SYLVILAGUS_SP_video_IMG_0055_MP4_image004.jpg,14,SYLVILAGUS_SP
0_0_SYLVILAGUS_SP_video_IMG_0055_MP4_image005.jpg,14,SYLVILAGUS_SP
0_0_SYLVILAGUS_SP_video_IMG_0055_MP4_image006.jpg,14,SYLVILAGUS_SP
0_0_SYLVILAGUS_SP_video_IMG_0055_MP4_image007.jpg,14,SYLVILAGUS_SP
0_0_SYLVILAGUS_SP_video_IMG_0055_MP4_image008.jpg,14,SYLVILAGUS_SP
0_0_SYLVILAGUS_SP_video_IMG_0055_MP4_image009.jpg,14,SYLVILAGUS_SP
0_0_SYLVILAGUS_SP_video_IMG_0055_MP4_image010.jpg,14,SYLVILAGUS_SP
0_0_SYLVILAGUS_SP_video_IMG_0056_image001.jpg,14,SYLVILAGUS_SP
0_0_SYLVILAGUS_SP_video_IMG_0056_image002.jpg,14,SYLVILAGUS_SP
0_0_SYLVILAGUS_SP_video_IMG_0056_image003.jpg,14,SYLVILAGUS_SP
0_0_SYLVILAGUS_SP_video_IMG_0056_image004.jpg,14,SYLVILAGUS_SP
0_0_SYLVILAGUS_SP_video_IMG_0056_image005.jpg,14,SYLVILAGUS_SP
0_1_SYLVILAGUS_SP_video_IMG_0056_image005.jpg,14,SYLVILAGUS_SP
0_0_SYLVILAGUS_SP_video_IMG_0056_image006.jpg,14,SYLVILAGUS_SP
0_1_SYLVILAGUS_SP_video_IMG_0056_image006.jpg,14,SYLVILAGUS_SP
0_0_SYLVILAGUS_SP_video_IMG_0056_image007.jpg,14,SYLVILAGUS_SP
0_0_SYLVILAGUS_SP_video_IMG_0056_image008.jpg,14,SYLVILAGUS_SP
0_0_SYLVILAGUS_SP_video_IMG_0056_image009.jpg,14,SYLVILAGUS_SP
0_0_SYLVILAGUS_SP_video_IMG_0056_image010.jpg,14,SYLVILAGUS_SP
0_0_SYLVILAGUS_SP_video_IMG_0057_image001.jpg,14,SYLVILAGUS_SP
0_0_SYLVILAGUS_SP_video_IMG_0057_image002.jpg,14,SYLVILAGUS_SP
0_0_SYLVILAGUS_SP_video_IMG_0057_image003.jpg,14,SYLVILAGUS_SP
0_0_SYLVILAGUS_SP_video_IMG_0057_image004.jpg,14,SYLVILAGUS_SP
0_0_SYLVILAGUS_SP_video_IMG_0057_image005.jpg,14,SYLVILAGUS_SP
0_0_SYLVILAGUS_SP_video_IMG_0057_image006.jpg,14,SYLVILAGUS_SP
0_0_SYLVILAGUS_SP_video_IMG_0057_image007.jpg,14,SYLVILAGUS_SP
0_0_SYLVILAGUS_SP_video_IMG_0057_image008.jpg,14,SYLVILAGUS_SP
0_0_SYLVILAGUS_SP_video_IMG_0057_image009.jpg,14,SYLVILAGUS_SP
0_0_SYLVILAGUS_SP_video_IMG_0057_image010.jpg,14,SYLVILAGUS_SP
0_0_SYLVILAGUS_SP_video_IMG_0060_image001.jpg,14,SYLVILAGUS_SP
0_0_SYLVILAGUS_SP_video_IMG_0060_image002.jpg,14,SYLVILAGUS_SP
0_0_SYLVILAGUS_SP_video_IMG_0060_image003.jpg,14,SYLVILAGUS_SP
0_0_SYLVILAGUS_SP_video_IMG_0060_image004.jpg,14,SYLVILAGUS_SP
0_0_SYLVILAGUS_SP_video_IMG_0060_image005.jpg,14,SYLVILAGUS_SP
0_0_SYLVILAGUS_SP_video_IMG_0060_image006.jpg,14,SYLVILAGUS_SP
0_0_SYLVILAGUS_SP_video_IMG_0060_image007.jpg,14,SYLVILAGUS_SP
0_0_SYLVILAGUS_SP_video_IMG_0060_image008.jpg,14,SYLVILAGUS_SP
0_0_SYLVILAGUS_SP_video_IMG_0060_image009.jpg,14,SYLVILAGUS_SP
0_0_SYLVILAGUS_SP_video_IMG_0060_image010.jpg,14,SYLVILAGUS_SP
0_0_SYLVILAGUS_SP_video_IMG_0061_image001.jpg,14,SYLVILAGUS_SP
0_0_SYLVILAGUS_SP_video_IMG_0061_image002.jpg,14,SYLVILAGUS_SP
0_0_SYLVILAGUS_SP_video_IMG_0065_image001.jpg,14,SYLVILAGUS_SP
0_0_SYLVILAGUS_SP_video_IMG_0065_image002.jpg,14,SYLVILAGUS_SP
0_0_SYLVILAGUS_SP_video_IMG_0065_image003.jpg,14,SYLVILAGUS_SP
0_0_SYLVILAGUS_SP_video_IMG_0065_image004.jpg,14,SYLVILAGUS_SP
0_0_SYLVILAGUS_SP_video_IMG_0065_image005.jpg,14,SYLVILAGUS_SP
0_0_SYLVILAGUS_SP_video_IMG_0065_image006.jpg,14,SYLVILAGUS_SP
0_0_SYLVILAGUS_SP_video_IMG_0065_image007.jpg,14,SYLVILAGUS_SP
0_0_SYLVILAGUS_SP_video_IMG_0065_image008.jpg,14,SYLVILAGUS_SP
0_0_SYLVILAGUS_SP_video_IMG_0065_image009.jpg,14,SYLVILAGUS_SP
0_0_SYLVILAGUS_SP_video_IMG_0065_image010.jpg,14,SYLVILAGUS_SP
0_0_SYLVILAGUS_SP_video_IMG_0067 (2)_image001.jpg,14,SYLVILAGUS_SP
0_0_SYLVILAGUS_SP_video_IMG_0067 (2)_image002.jpg,14,SYLVILAGUS_SP
0_0_SYLVILAGUS_SP_video_IMG_0067 (2)_image003.jpg,14,SYLVILAGUS_SP
0_1_SYLVILAGUS_SP_video_IMG_0067 (2)_image003.jpg,14,SYLVILAGUS_SP
0_0_SYLVILAGUS_SP_video_IMG_0067 (2)_image004.jpg,14,SYLVILAGUS_SP
0_0_SYLVILAGUS_SP_video_IMG_0067 (2)_image005.jpg,14,SYLVILAGUS_SP
0_0_SYLVILAGUS_SP_video_IMG_0067 (2)_image006.jpg,14,SYLVILAGUS_SP
0_0_SYLVILAGUS_SP_video_IMG_0067 (2)_image007.jpg,14,SYLVILAGUS_SP
0_0_SYLVILAGUS_SP_video_IMG_0067 (2)_image008.jpg,14,SYLVILAGUS_SP
0_0_SYLVILAGUS_SP_video_IMG_0067 (2)_image009.jpg,14,SYLVILAGUS_SP
0_0_SYLVILAGUS_SP_video_IMG_0067 (2)_image010.jpg,14,SYLVILAGUS_SP
0_0_SYLVILAGUS_SP_video_IMG_0067_image001.jpg,14,SYLVILAGUS_SP
0_0_SYLVILAGUS_SP_video_IMG_0067_image002.jpg,14,SYLVILAGUS_SP
0_0_SYLVILAGUS_SP_video_IMG_0067_image003.jpg,14,SYLVILAGUS_SP
0_0_SYLVILAGUS_SP_video_IMG_0067_image004.jpg,14,SYLVILAGUS_SP
0_0_SYLVILAGUS_SP_video_IMG_0067_image005.jpg,14,SYLVILAGUS_SP
0_0_SYLVILAGUS_SP_video_IMG_0067_image006.jpg,14,SYLVILAGUS_SP
0_0_SYLVILAGUS_SP_video_IMG_0067_image007.jpg,14,SYLVILAGUS_SP
0_0_SYLVILAGUS_SP_video_IMG_0067_image008.jpg,14,SYLVILAGUS_SP
0_0_SYLVILAGUS_SP_video_IMG_0067_image009.jpg,14,SYLVILAGUS_SP
0_0_SYLVILAGUS_SP_video_IMG_0067_image010.jpg,14,SYLVILAGUS_SP
0_0_SYLVILAGUS_SP_video_IMG_0068_image001.jpg,14,SYLVILAGUS_SP
0_0_SYLVILAGUS_SP_video_IMG_0068_image002.jpg,14,SYLVILAGUS_SP
0_0_SYLVILAGUS_SP_video_IMG_0068_image003.jpg,14,SYLVILAGUS_SP
0_0_SYLVILAGUS_SP_video_IMG_0069_image001.jpg,14,SYLVILAGUS_SP
0_0_SYLVILAGUS_SP_video_IMG_0069_image004.jpg,14,SYLVILAGUS_SP
0_0_SYLVILAGUS_SP_video_IMG_0070_image001.jpg,14,SYLVILAGUS_SP
0_0_SYLVILAGUS_SP_video_IMG_0070_image002.jpg,14,SYLVILAGUS_SP
0_0_SYLVILAGUS_SP_video_IMG_0070_image003.jpg,14,SYLVILAGUS_SP
0_0_SYLVILAGUS_SP_video_IMG_0071_image001.jpg,14,SYLVILAGUS_SP
0_0_SYLVILAGUS_SP_video_IMG_0071_image002.jpg,14,SYLVILAGUS_SP
0_0_SYLVILAGUS_SP_video_IMG_0071_image003.jpg,14,SYLVILAGUS_SP
0_0_SYLVILAGUS_SP_video_IMG_0071_image004.jpg,14,SYLVILAGUS_SP
0_0_SYLVILAGUS_SP_video_IMG_0071_image005.jpg,14,SYLVILAGUS_SP
0_0_SYLVILAGUS_SP_video_IMG_0071_image006.jpg,14,SYLVILAGUS_SP
0_0_SYLVILAGUS_SP_video_IMG_0071_image007.jpg,14,SYLVILAGUS_SP
0_0_SYLVILAGUS_SP_video_IMG_0071_image008.jpg,14,SYLVILAGUS_SP
0_0_SYLVILAGUS_SP_video_IMG_0071_image009.jpg,14,SYLVILAGUS_SP
0_0_SYLVILAGUS_SP_video_IMG_0071_image010.jpg,14,SYLVILAGUS_SP
0_0_SYLVILAGUS_SP_video_IMG_0072_image001.jpg,14,SYLVILAGUS_SP
0_0_SYLVILAGUS_SP_video_IMG_0072_image002.jpg,14,SYLVILAGUS_SP
0_0_SYLVILAGUS_SP_video_IMG_0072_image003.jpg,14,SYLVILAGUS_SP
0_0_SYLVILAGUS_SP_video_IMG_0072_image004.jpg,14,SYLVILAGUS_SP
0_0_SYLVILAGUS_SP_video_IMG_0072_image005.jpg,14,SYLVILAGUS_SP
0_0_SYLVILAGUS_SP_video_IMG_0072_image006.jpg,14,SYLVILAGUS_SP
0_0_SYLVILAGUS_SP_video_IMG_0072_image007.jpg,14,SYLVILAGUS_SP
0_0_SYLVILAGUS_SP_video_IMG_0072_image008.jpg,14,SYLVILAGUS_SP
0_0_SYLVILAGUS_SP_video_IMG_0072_image009.jpg,14,SYLVILAGUS_SP
0_0_SYLVILAGUS_SP_video_IMG_0072_image010.jpg,14,SYLVILAGUS_SP
0_0_SYLVILAGUS_SP_video_IMG_0073_image001.jpg,14,SYLVILAGUS_SP
0_0_SYLVILAGUS_SP_video_IMG_0073_image002.jpg,14,SYLVILAGUS_SP
0_0_SYLVILAGUS_SP_video_IMG_0073_image003.jpg,14,SYLVILAGUS_SP
0_0_SYLVILAGUS_SP_video_IMG_0073_image004.jpg,14,SYLVILAGUS_SP
0_0_SYLVILAGUS_SP_video_IMG_0073_image005.jpg,14,SYLVILAGUS_SP
0_0_SYLVILAGUS_SP_video_IMG_0073_image006.jpg,14,SYLVILAGUS_SP
0_0_SYLVILAGUS_SP_video_IMG_0073_image007.jpg,14,SYLVILAGUS_SP
0_0_SYLVILAGUS_SP_video_IMG_0073_image008.jpg,14,SYLVILAGUS_SP
0_0_SYLVILAGUS_SP_video_IMG_0073_image009.jpg,14,SYLVILAGUS_SP
0_0_SYLVILAGUS_SP_video_IMG_0074_image001.jpg,14,SYLVILAGUS_SP
0_0_SYLVILAGUS_SP_video_IMG_0074_image002.jpg,14,SYLVILAGUS_SP
0_0_SYLVILAGUS_SP_video_IMG_0074_image003.jpg,14,SYLVILAGUS_SP
0_0_SYLVILAGUS_SP_video_IMG_0074_image004.jpg,14,SYLVILAGUS_SP
0_0_SYLVILAGUS_SP_video_IMG_0074_image005.jpg,14,SYLVILAGUS_SP
0_0_SYLVILAGUS_SP_video_IMG_0074_image006.jpg,14,SYLVILAGUS_SP
0_0_SYLVILAGUS_SP_video_IMG_0074_image007.jpg,14,SYLVILAGUS_SP
0_0_SYLVILAGUS_SP_video_IMG_0074_image008.jpg,14,SYLVILAGUS_SP
0_0_SYLVILAGUS_SP_video_IMG_0074_image009.jpg,14,SYLVILAGUS_SP
0_0_SYLVILAGUS_SP_video_IMG_0074_image010.jpg,14,SYLVILAGUS_SP
0_0_SYLVILAGUS_SP_video_IMG_0075_image001.jpg,14,SYLVILAGUS_SP
0_0_SYLVILAGUS_SP_video_IMG_0075_image002.jpg,14,SYLVILAGUS_SP
0_0_SYLVILAGUS_SP_video_IMG_0075_image003.jpg,14,SYLVILAGUS_SP
0_0_SYLVILAGUS_SP_video_IMG_0075_image004.jpg,14,SYLVILAGUS_SP
0_0_SYLVILAGUS_SP_video_IMG_0075_image005.jpg,14,SYLVILAGUS_SP
0_0_SYLVILAGUS_SP_video_IMG_0075_image006.jpg,14,SYLVILAGUS_SP
0_0_SYLVILAGUS_SP_video_IMG_0075_image007.jpg,14,SYLVILAGUS_SP
0_0_SYLVILAGUS_SP_video_IMG_0075_image008.jpg,14,SYLVILAGUS_SP
0_0_SYLVILAGUS_SP_video_IMG_0075_image009.jpg,14,SYLVILAGUS_SP
0_0_SYLVILAGUS_SP_video_IMG_0075_image010.jpg,14,SYLVILAGUS_SP
0_0_SYLVILAGUS_SP_video_IMG_0076_image001.jpg,14,SYLVILAGUS_SP
0_0_SYLVILAGUS_SP_video_IMG_0076_image002.jpg,14,SYLVILAGUS_SP
0_0_SYLVILAGUS_SP_video_IMG_0076_image003.jpg,14,SYLVILAGUS_SP
0_0_SYLVILAGUS_SP_video_IMG_0076_image004.jpg,14,SYLVILAGUS_SP
0_0_SYLVILAGUS_SP_video_IMG_0077_image001.jpg,14,SYLVILAGUS_SP
0_0_SYLVILAGUS_SP_video_IMG_0077_image002.jpg,14,SYLVILAGUS_SP
0_0_SYLVILAGUS_SP_video_IMG_0077_image003.jpg,14,SYLVILAGUS_SP
0_0_SYLVILAGUS_SP_video_IMG_0077_image004.jpg,14,SYLVILAGUS_SP
0_0_SYLVILAGUS_SP_video_IMG_0077_image005.jpg,14,SYLVILAGUS_SP
0_0_SYLVILAGUS_SP_video_IMG_0077_image006.jpg,14,SYLVILAGUS_SP
0_0_SYLVILAGUS_SP_video_IMG_0077_image007.jpg,14,SYLVILAGUS_SP
0_0_SYLVILAGUS_SP_video_IMG_0077_image008.jpg,14,SYLVILAGUS_SP
0_0_SYLVILAGUS_SP_video_IMG_0077_image009.jpg,14,SYLVILAGUS_SP
0_0_SYLVILAGUS_SP_video_IMG_0077_image010.jpg,14,SYLVILAGUS_SP
0_0_SYLVILAGUS_SP_video_IMG_0078_image001.jpg,14,SYLVILAGUS_SP
0_0_SYLVILAGUS_SP_video_IMG_0078_image002.jpg,14,SYLVILAGUS_SP
0_0_SYLVILAGUS_SP_video_IMG_0078_image003.jpg,14,SYLVILAGUS_SP
0_0_SYLVILAGUS_SP_video_IMG_0078_image004.jpg,14,SYLVILAGUS_SP
0_0_SYLVILAGUS_SP_video_IMG_0078_image005.jpg,14,SYLVILAGUS_SP
0_0_SYLVILAGUS_SP_video_IMG_0078_image006.jpg,14,SYLVILAGUS_SP
0_0_SYLVILAGUS_SP_video_IMG_0078_image007.jpg,14,SYLVILAGUS_SP
0_0_SYLVILAGUS_SP_video_IMG_0078_image008.jpg,14,SYLVILAGUS_SP
0_0_SYLVILAGUS_SP_video_IMG_0078_image009.jpg,14,SYLVILAGUS_SP
0_0_SYLVILAGUS_SP_video_IMG_0078_image010.jpg,14,SYLVILAGUS_SP
0_0_SYLVILAGUS_SP_video_IMG_0079_image001.jpg,14,SYLVILAGUS_SP
0_1_SYLVILAGUS_SP_video_IMG_0079_image001.jpg,14,SYLVILAGUS_SP
0_0_SYLVILAGUS_SP_video_IMG_0079_image002.jpg,14,SYLVILAGUS_SP
0_0_SYLVILAGUS_SP_video_IMG_0079_image003.jpg,14,SYLVILAGUS_SP
0_0_SYLVILAGUS_SP_video_IMG_0079_image004.jpg,14,SYLVILAGUS_SP
0_0_SYLVILAGUS_SP_video_IMG_0079_image005.jpg,14,SYLVILAGUS_SP
0_0_SYLVILAGUS_SP_video_IMG_0079_image006.jpg,14,SYLVILAGUS_SP
0_0_SYLVILAGUS_SP_video_IMG_0079_image007.jpg,14,SYLVILAGUS_SP
0_0_SYLVILAGUS_SP_video_IMG_0079_image008.jpg,14,SYLVILAGUS_SP
0_0_SYLVILAGUS_SP_video_IMG_0079_image009.jpg,14,SYLVILAGUS_SP
0_0_SYLVILAGUS_SP_video_IMG_0079_image010.jpg,14,SYLVILAGUS_SP
0_0_SYLVILAGUS_SP_video_IMG_0080_image001.jpg,14,SYLVILAGUS_SP
0_0_SYLVILAGUS_SP_video_IMG_0080_image002.jpg,14,SYLVILAGUS_SP
0_0_SYLVILAGUS_SP_video_IMG_0080_image003.jpg,14,SYLVILAGUS_SP
0_0_SYLVILAGUS_SP_video_IMG_0080_image004.jpg,14,SYLVILAGUS_SP
0_0_SYLVILAGUS_SP_video_IMG_0080_image006.jpg,14,SYLVILAGUS_SP
0_0_SYLVILAGUS_SP_video_IMG_0080_image007.jpg,14,SYLVILAGUS_SP
0_0_SYLVILAGUS_SP_video_IMG_0080_image008.jpg,14,SYLVILAGUS_SP
0_0_SYLVILAGUS_SP_video_IMG_0080_image009.jpg,14,SYLVILAGUS_SP
0_0_SYLVILAGUS_SP_video_IMG_0080_image010.jpg,14,SYLVILAGUS_SP
0_0_SYLVILAGUS_SP_video_IMG_0082_image001.jpg,14,SYLVILAGUS_SP
0_1_SYLVILAGUS_SP_video_IMG_0082_image001.jpg,14,SYLVILAGUS_SP
0_0_SYLVILAGUS_SP_video_IMG_0082_image002.jpg,14,SYLVILAGUS_SP
0_1_SYLVILAGUS_SP_video_IMG_0082_image002.jpg,14,SYLVILAGUS_SP
0_0_SYLVILAGUS_SP_video_IMG_0082_image003.jpg,14,SYLVILAGUS_SP
0_1_SYLVILAGUS_SP_video_IMG_0082_image003.jpg,14,SYLVILAGUS_SP
0_2_SYLVILAGUS_SP_video_IMG_0082_image003.jpg,14,SYLVILAGUS_SP
0_0_SYLVILAGUS_SP_video_IMG_0082_image004.jpg,14,SYLVILAGUS_SP
0_1_SYLVILAGUS_SP_video_IMG_0082_image004.jpg,14,SYLVILAGUS_SP
0_0_SYLVILAGUS_SP_video_IMG_0082_image005.jpg,14,SYLVILAGUS_SP
0_1_SYLVILAGUS_SP_video_IMG_0082_image005.jpg,14,SYLVILAGUS_SP
0_0_SYLVILAGUS_SP_video_IMG_0082_image006.jpg,14,SYLVILAGUS_SP
0_1_SYLVILAGUS_SP_video_IMG_0082_image006.jpg,14,SYLVILAGUS_SP
0_0_SYLVILAGUS_SP_video_IMG_0082_image007.jpg,14,SYLVILAGUS_SP
0_1_SYLVILAGUS_SP_video_IMG_0082_image007.jpg,14,SYLVILAGUS_SP
0_0_SYLVILAGUS_SP_video_IMG_0082_image008.jpg,14,SYLVILAGUS_SP
0_0_SYLVILAGUS_SP_video_IMG_0085_image001.jpg,14,SYLVILAGUS_SP
0_0_SYLVILAGUS_SP_video_IMG_0085_image002.jpg,14,SYLVILAGUS_SP
0_0_SYLVILAGUS_SP_video_IMG_0085_image003.jpg,14,SYLVILAGUS_SP
0_0_SYLVILAGUS_SP_video_IMG_0085_image004.jpg,14,SYLVILAGUS_SP
0_0_SYLVILAGUS_SP_video_IMG_0085_image005.jpg,14,SYLVILAGUS_SP
0_0_SYLVILAGUS_SP_video_IMG_0085_image006.jpg,14,SYLVILAGUS_SP
0_0_SYLVILAGUS_SP_video_IMG_0085_image007.jpg,14,SYLVILAGUS_SP
0_0_SYLVILAGUS_SP_video_IMG_0085_image008.jpg,14,SYLVILAGUS_SP
0_0_SYLVILAGUS_SP_video_IMG_0085_image009.jpg,14,SYLVILAGUS_SP
0_0_SYLVILAGUS_SP_video_IMG_0085_image010.jpg,14,SYLVILAGUS_SP
0_0_SYLVILAGUS_SP_video_IMG_0086_avi_image001.jpg,14,SYLVILAGUS_SP
0_0_SYLVILAGUS_SP_video_IMG_0086_avi_image002.jpg,14,SYLVILAGUS_SP
0_0_SYLVILAGUS_SP_video_IMG_0086_avi_image003.jpg,14,SYLVILAGUS_SP
0_0_SYLVILAGUS_SP_video_IMG_0086_avi_image004.jpg,14,SYLVILAGUS_SP
0_0_SYLVILAGUS_SP_video_IMG_0086_avi_image005.jpg,14,SYLVILAGUS_SP
0_0_SYLVILAGUS_SP_video_IMG_0086_avi_image006.jpg,14,SYLVILAGUS_SP
0_0_SYLVILAGUS_SP_video_IMG_0086_avi_image007.jpg,14,SYLVILAGUS_SP
0_0_SYLVILAGUS_SP_video_IMG_0086_image001.jpg,14,SYLVILAGUS_SP
0_0_SYLVILAGUS_SP_video_IMG_0086_image002.jpg,14,SYLVILAGUS_SP
0_0_SYLVILAGUS_SP_video_IMG_0086_image003.jpg,14,SYLVILAGUS_SP
0_0_SYLVILAGUS_SP_video_IMG_0086_image004.jpg,14,SYLVILAGUS_SP
0_0_SYLVILAGUS_SP_video_IMG_0086_image005.jpg,14,SYLVILAGUS_SP
0_0_SYLVILAGUS_SP_video_IMG_0086_image006.jpg,14,SYLVILAGUS_SP
0_0_SYLVILAGUS_SP_video_IMG_0086_image007.jpg,14,SYLVILAGUS_SP
0_0_SYLVILAGUS_SP_video_IMG_0086_image008.jpg,14,SYLVILAGUS_SP
0_0_SYLVILAGUS_SP_video_IMG_0086_image009.jpg,14,SYLVILAGUS_SP
0_0_SYLVILAGUS_SP_video_IMG_0086_image010.jpg,14,SYLVILAGUS_SP
0_0_SYLVILAGUS_SP_video_IMG_0087_image001.jpg,14,SYLVILAGUS_SP
0_0_SYLVILAGUS_SP_video_IMG_0087_image002.jpg,14,SYLVILAGUS_SP
0_0_SYLVILAGUS_SP_video_IMG_0087_image003.jpg,14,SYLVILAGUS_SP
0_0_SYLVILAGUS_SP_video_IMG_0087_image004.jpg,14,SYLVILAGUS_SP
0_0_SYLVILAGUS_SP_video_IMG_0087_image005.jpg,14,SYLVILAGUS_SP
0_0_SYLVILAGUS_SP_video_IMG_0087_image006.jpg,14,SYLVILAGUS_SP
0_0_SYLVILAGUS_SP_video_IMG_0087_image007.jpg,14,SYLVILAGUS_SP
0_0_SYLVILAGUS_SP_video_IMG_0087_image008.jpg,14,SYLVILAGUS_SP
0_0_SYLVILAGUS_SP_video_IMG_0087_image009.jpg,14,SYLVILAGUS_SP
0_0_SYLVILAGUS_SP_video_IMG_0087_image010.jpg,14,SYLVILAGUS_SP
0_0_SYLVILAGUS_SP_video_IMG_0088_image001.jpg,14,SYLVILAGUS_SP
0_0_SYLVILAGUS_SP_video_IMG_0088_image002.jpg,14,SYLVILAGUS_SP
0_0_SYLVILAGUS_SP_video_IMG_0088_image003.jpg,14,SYLVILAGUS_SP
0_0_SYLVILAGUS_SP_video_IMG_0088_image004.jpg,14,SYLVILAGUS_SP
0_0_SYLVILAGUS_SP_video_IMG_0088_image005.jpg,14,SYLVILAGUS_SP
0_0_SYLVILAGUS_SP_video_IMG_0088_image006.jpg,14,SYLVILAGUS_SP
0_0_SYLVILAGUS_SP_video_IMG_0088_image007.jpg,14,SYLVILAGUS_SP
0_0_SYLVILAGUS_SP_video_IMG_0088_image008.jpg,14,SYLVILAGUS_SP
0_0_SYLVILAGUS_SP_video_IMG_0088_image009.jpg,14,SYLVILAGUS_SP
0_0_SYLVILAGUS_SP_video_IMG_0088_image010.jpg,14,SYLVILAGUS_SP
0_0_SYLVILAGUS_SP_video_IMG_0089_MP4_image001.jpg,14,SYLVILAGUS_SP
0_0_SYLVILAGUS_SP_video_IMG_0089_MP4_image002.jpg,14,SYLVILAGUS_SP
0_0_SYLVILAGUS_SP_video_IMG_0089_MP4_image003.jpg,14,SYLVILAGUS_SP
0_0_SYLVILAGUS_SP_video_IMG_0089_MP4_image004.jpg,14,SYLVILAGUS_SP
0_0_SYLVILAGUS_SP_video_IMG_0089_MP4_image005.jpg,14,SYLVILAGUS_SP
0_0_SYLVILAGUS_SP_video_IMG_0089_MP4_image006.jpg,14,SYLVILAGUS_SP
0_0_SYLVILAGUS_SP_video_IMG_0089_MP4_image007.jpg,14,SYLVILAGUS_SP
0_0_SYLVILAGUS_SP_video_IMG_0089_MP4_image008.jpg,14,SYLVILAGUS_SP
0_0_SYLVILAGUS_SP_video_IMG_0089_MP4_image009.jpg,14,SYLVILAGUS_SP
0_0_SYLVILAGUS_SP_video_IMG_0089_MP4_image010.jpg,14,SYLVILAGUS_SP
0_0_SYLVILAGUS_SP_video_IMG_0089_image001.jpg,14,SYLVILAGUS_SP
0_1_SYLVILAGUS_SP_video_IMG_0089_image001.jpg,14,SYLVILAGUS_SP
0_0_SYLVILAGUS_SP_video_IMG_0089_image002.jpg,14,SYLVILAGUS_SP
0_1_SYLVILAGUS_SP_video_IMG_0089_image002.jpg,14,SYLVILAGUS_SP
0_0_SYLVILAGUS_SP_video_IMG_0090_image001.jpg,14,SYLVILAGUS_SP
0_0_SYLVILAGUS_SP_video_IMG_0090_image002.jpg,14,SYLVILAGUS_SP
0_0_SYLVILAGUS_SP_video_IMG_0090_image003.jpg,14,SYLVILAGUS_SP
0_0_SYLVILAGUS_SP_video_IMG_0090_image004.jpg,14,SYLVILAGUS_SP
0_0_SYLVILAGUS_SP_video_IMG_0090_image005.jpg,14,SYLVILAGUS_SP
0_0_SYLVILAGUS_SP_video_IMG_0090_image006.jpg,14,SYLVILAGUS_SP
0_0_SYLVILAGUS_SP_video_IMG_0090_image007.jpg,14,SYLVILAGUS_SP
0_0_SYLVILAGUS_SP_video_IMG_0090_image008.jpg,14,SYLVILAGUS_SP
0_0_SYLVILAGUS_SP_video_IMG_0090_image009.jpg,14,SYLVILAGUS_SP
0_0_SYLVILAGUS_SP_video_IMG_0090_image010.jpg,14,SYLVILAGUS_SP
0_0_SYLVILAGUS_SP_video_IMG_0091_avi_image001.jpg,14,SYLVILAGUS_SP
0_0_SYLVILAGUS_SP_video_IMG_0091_avi_image002.jpg,14,SYLVILAGUS_SP
0_0_SYLVILAGUS_SP_video_IMG_0091_avi_image003.jpg,14,SYLVILAGUS_SP
0_0_SYLVILAGUS_SP_video_IMG_0091_avi_image004.jpg,14,SYLVILAGUS_SP
0_0_SYLVILAGUS_SP_video_IMG_0091_avi_image005.jpg,14,SYLVILAGUS_SP
0_0_SYLVILAGUS_SP_video_IMG_0091_avi_image006.jpg,14,SYLVILAGUS_SP
0_0_SYLVILAGUS_SP_video_IMG_0091_avi_image007.jpg,14,SYLVILAGUS_SP
0_0_SYLVILAGUS_SP_video_IMG_0091_image001.jpg,14,SYLVILAGUS_SP
0_0_SYLVILAGUS_SP_video_IMG_0091_image002.jpg,14,SYLVILAGUS_SP
0_0_SYLVILAGUS_SP_video_IMG_0091_image003.jpg,14,SYLVILAGUS_SP
0_0_SYLVILAGUS_SP_video_IMG_0091_image004.jpg,14,SYLVILAGUS_SP
0_0_SYLVILAGUS_SP_video_IMG_0091_image005.jpg,14,SYLVILAGUS_SP
0_0_SYLVILAGUS_SP_video_IMG_0091_image006.jpg,14,SYLVILAGUS_SP
0_0_SYLVILAGUS_SP_video_IMG_0091_image007.jpg,14,SYLVILAGUS_SP
0_0_SYLVILAGUS_SP_video_IMG_0091_image008.jpg,14,SYLVILAGUS_SP
0_0_SYLVILAGUS_SP_video_IMG_0091_image009.jpg,14,SYLVILAGUS_SP
0_0_SYLVILAGUS_SP_video_IMG_0091_image010.jpg,14,SYLVILAGUS_SP
0_0_SYLVILAGUS_SP_video_IMG_0092 (2)_image001.jpg,14,SYLVILAGUS_SP
0_0_SYLVILAGUS_SP_video_IMG_0092 (2)_image002.jpg,14,SYLVILAGUS_SP
0_0_SYLVILAGUS_SP_video_IMG_0092 (2)_image003.jpg,14,SYLVILAGUS_SP
0_0_SYLVILAGUS_SP_video_IMG_0092 (2)_image004.jpg,14,SYLVILAGUS_SP
0_0_SYLVILAGUS_SP_video_IMG_0092 (2)_image005.jpg,14,SYLVILAGUS_SP
0_0_SYLVILAGUS_SP_video_IMG_0092 (2)_image006.jpg,14,SYLVILAGUS_SP
0_0_SYLVILAGUS_SP_video_IMG_0092 (2)_image007.jpg,14,SYLVILAGUS_SP
0_0_SYLVILAGUS_SP_video_IMG_0092 (2)_image008.jpg,14,SYLVILAGUS_SP
0_0_SYLVILAGUS_SP_video_IMG_0092 (2)_image009.jpg,14,SYLVILAGUS_SP
0_0_SYLVILAGUS_SP_video_IMG_0092 (2)_image010.jpg,14,SYLVILAGUS_SP
0_0_SYLVILAGUS_SP_video_IMG_0092_image001.jpg,14,SYLVILAGUS_SP
0_0_SYLVILAGUS_SP_video_IMG_0094_image001.jpg,14,SYLVILAGUS_SP
0_0_SYLVILAGUS_SP_video_IMG_0094_image002.jpg,14,SYLVILAGUS_SP
0_0_SYLVILAGUS_SP_video_IMG_0094_image003.jpg,14,SYLVILAGUS_SP
0_0_SYLVILAGUS_SP_video_IMG_0094_image004.jpg,14,SYLVILAGUS_SP
0_0_SYLVILAGUS_SP_video_IMG_0094_image005.jpg,14,SYLVILAGUS_SP
0_0_SYLVILAGUS_SP_video_IMG_0094_image006.jpg,14,SYLVILAGUS_SP
0_0_SYLVILAGUS_SP_video_IMG_0094_image007.jpg,14,SYLVILAGUS_SP
0_0_SYLVILAGUS_SP_video_IMG_0094_image008.jpg,14,SYLVILAGUS_SP
0_0_SYLVILAGUS_SP_video_IMG_0094_image009.jpg,14,SYLVILAGUS_SP
0_0_SYLVILAGUS_SP_video_IMG_0094_image010.jpg,14,SYLVILAGUS_SP
0_0_SYLVILAGUS_SP_video_IMG_0096_image001.jpg,14,SYLVILAGUS_SP
0_0_SYLVILAGUS_SP_video_IMG_0096_image002.jpg,14,SYLVILAGUS_SP
0_0_SYLVILAGUS_SP_video_IMG_0096_image003.jpg,14,SYLVILAGUS_SP
0_0_SYLVILAGUS_SP_video_IMG_0096_image004.jpg,14,SYLVILAGUS_SP
0_0_SYLVILAGUS_SP_video_IMG_0096_image005.jpg,14,SYLVILAGUS_SP
0_0_SYLVILAGUS_SP_video_IMG_0096_image006.jpg,14,SYLVILAGUS_SP
0_0_SYLVILAGUS_SP_video_IMG_0096_image007.jpg,14,SYLVILAGUS_SP
0_0_SYLVILAGUS_SP_video_IMG_0096_image008.jpg,14,SYLVILAGUS_SP
0_0_SYLVILAGUS_SP_video_IMG_0096_image009.jpg,14,SYLVILAGUS_SP
0_0_SYLVILAGUS_SP_video_IMG_0096_image010.jpg,14,SYLVILAGUS_SP
0_0_SYLVILAGUS_SP_video_IMG_0097_image001.jpg,14,SYLVILAGUS_SP
0_0_SYLVILAGUS_SP_video_IMG_0097_image002.jpg,14,SYLVILAGUS_SP
0_0_SYLVILAGUS_SP_video_IMG_0097_image003.jpg,14,SYLVILAGUS_SP
0_0_SYLVILAGUS_SP_video_IMG_0097_image004.jpg,14,SYLVILAGUS_SP
0_0_SYLVILAGUS_SP_video_IMG_0097_image005.jpg,14,SYLVILAGUS_SP
0_0_SYLVILAGUS_SP_video_IMG_0097_image006.jpg,14,SYLVILAGUS_SP
0_0_SYLVILAGUS_SP_video_IMG_0097_image007.jpg,14,SYLVILAGUS_SP
0_0_SYLVILAGUS_SP_video_IMG_0097_image008.jpg,14,SYLVILAGUS_SP
0_0_SYLVILAGUS_SP_video_IMG_0097_image009.jpg,14,SYLVILAGUS_SP
0_0_SYLVILAGUS_SP_video_IMG_0097_image010.jpg,14,SYLVILAGUS_SP
0_0_SYLVILAGUS_SP_video_IMG_0098_image001.jpg,14,SYLVILAGUS_SP
0_0_SYLVILAGUS_SP_video_IMG_0098_image002.jpg,14,SYLVILAGUS_SP
0_0_SYLVILAGUS_SP_video_IMG_0098_image003.jpg,14,SYLVILAGUS_SP
0_0_SYLVILAGUS_SP_video_IMG_0098_image004.jpg,14,SYLVILAGUS_SP
0_0_SYLVILAGUS_SP_video_IMG_0098_image005.jpg,14,SYLVILAGUS_SP
0_0_SYLVILAGUS_SP_video_IMG_0098_image006.jpg,14,SYLVILAGUS_SP
0_0_SYLVILAGUS_SP_video_IMG_0098_image007.jpg,14,SYLVILAGUS_SP
0_0_SYLVILAGUS_SP_video_IMG_0098_image008.jpg,14,SYLVILAGUS_SP
0_0_SYLVILAGUS_SP_video_IMG_0098_image009.jpg,14,SYLVILAGUS_SP
0_0_SYLVILAGUS_SP_video_IMG_0098_image010.jpg,14,SYLVILAGUS_SP
0_0_SYLVILAGUS_SP_video_IMG_0100_image001.jpg,14,SYLVILAGUS_SP
0_0_SYLVILAGUS_SP_video_IMG_0100_image002.jpg,14,SYLVILAGUS_SP
0_1_SYLVILAGUS_SP_video_IMG_0100_image002.jpg,14,SYLVILAGUS_SP
0_0_SYLVILAGUS_SP_video_IMG_0100_image003.jpg,14,SYLVILAGUS_SP
0_1_SYLVILAGUS_SP_video_IMG_0100_image003.jpg,14,SYLVILAGUS_SP
0_2_SYLVILAGUS_SP_video_IMG_0100_image003.jpg,14,SYLVILAGUS_SP
0_0_SYLVILAGUS_SP_video_IMG_0100_image004.jpg,14,SYLVILAGUS_SP
0_0_SYLVILAGUS_SP_video_IMG_0100_image005.jpg,14,SYLVILAGUS_SP
0_0_SYLVILAGUS_SP_video_IMG_0100_image006.jpg,14,SYLVILAGUS_SP
0_1_SYLVILAGUS_SP_video_IMG_0100_image006.jpg,14,SYLVILAGUS_SP
0_0_SYLVILAGUS_SP_video_IMG_0100_image007.jpg,14,SYLVILAGUS_SP
0_0_SYLVILAGUS_SP_video_IMG_0100_image008.jpg,14,SYLVILAGUS_SP
0_1_SYLVILAGUS_SP_video_IMG_0100_image008.jpg,14,SYLVILAGUS_SP
0_0_SYLVILAGUS_SP_video_IMG_0100_image009.jpg,14,SYLVILAGUS_SP
0_0_SYLVILAGUS_SP_video_IMG_0100_image010.jpg,14,SYLVILAGUS_SP
0_1_SYLVILAGUS_SP_video_IMG_0100_image010.jpg,14,SYLVILAGUS_SP
0_0_SYLVILAGUS_SP_video_IMG_0101_image001.jpg,14,SYLVILAGUS_SP
0_0_SYLVILAGUS_SP_video_IMG_0101_image002.jpg,14,SYLVILAGUS_SP
0_0_SYLVILAGUS_SP_video_IMG_0101_image003.jpg,14,SYLVILAGUS_SP
0_0_SYLVILAGUS_SP_video_IMG_0101_image004.jpg,14,SYLVILAGUS_SP
0_0_SYLVILAGUS_SP_video_IMG_0101_image005.jpg,14,SYLVILAGUS_SP
0_0_SYLVILAGUS_SP_video_IMG_0101_image006.jpg,14,SYLVILAGUS_SP
0_0_SYLVILAGUS_SP_video_IMG_0101_image007.jpg,14,SYLVILAGUS_SP
0_0_SYLVILAGUS_SP_video_IMG_0101_image008.jpg,14,SYLVILAGUS_SP
0_0_SYLVILAGUS_SP_video_IMG_0101_image009.jpg,14,SYLVILAGUS_SP
0_0_SYLVILAGUS_SP_video_IMG_0101_image010.jpg,14,SYLVILAGUS_SP
0_0_SYLVILAGUS_SP_video_IMG_0102_MP4_image002.jpg,14,SYLVILAGUS_SP
0_0_SYLVILAGUS_SP_video_IMG_0102_MP4_image003.jpg,14,SYLVILAGUS_SP
0_0_SYLVILAGUS_SP_video_IMG_0102_MP4_image004.jpg,14,SYLVILAGUS_SP
0_0_SYLVILAGUS_SP_video_IMG_0102_MP4_image005.jpg,14,SYLVILAGUS_SP
0_0_SYLVILAGUS_SP_video_IMG_0102_image001.jpg,14,SYLVILAGUS_SP
0_0_SYLVILAGUS_SP_video_IMG_0102_image002.jpg,14,SYLVILAGUS_SP
0_0_SYLVILAGUS_SP_video_IMG_0102_image003.jpg,14,SYLVILAGUS_SP
0_1_SYLVILAGUS_SP_video_IMG_0102_image003.jpg,14,SYLVILAGUS_SP
0_0_SYLVILAGUS_SP_video_IMG_0102_image004.jpg,14,SYLVILAGUS_SP
0_0_SYLVILAGUS_SP_video_IMG_0102_image005.jpg,14,SYLVILAGUS_SP
0_1_SYLVILAGUS_SP_video_IMG_0102_image005.jpg,14,SYLVILAGUS_SP
0_0_SYLVILAGUS_SP_video_IMG_0102_image006.jpg,14,SYLVILAGUS_SP
0_0_SYLVILAGUS_SP_video_IMG_0102_image007.jpg,14,SYLVILAGUS_SP
0_1_SYLVILAGUS_SP_video_IMG_0102_image007.jpg,14,SYLVILAGUS_SP
0_0_SYLVILAGUS_SP_video_IMG_0102_image008.jpg,14,SYLVILAGUS_SP
0_0_SYLVILAGUS_SP_video_IMG_0102_image009.jpg,14,SYLVILAGUS_SP
0_0_SYLVILAGUS_SP_video_IMG_0102_image010.jpg,14,SYLVILAGUS_SP
0_0_SYLVILAGUS_SP_video_IMG_0103_image001.jpg,14,SYLVILAGUS_SP
0_0_SYLVILAGUS_SP_video_IMG_0103_image002.jpg,14,SYLVILAGUS_SP
0_0_SYLVILAGUS_SP_video_IMG_0103_image003.jpg,14,SYLVILAGUS_SP
0_0_SYLVILAGUS_SP_video_IMG_0103_image004.jpg,14,SYLVILAGUS_SP
0_0_SYLVILAGUS_SP_video_IMG_0103_image005.jpg,14,SYLVILAGUS_SP
0_0_SYLVILAGUS_SP_video_IMG_0103_image006.jpg,14,SYLVILAGUS_SP
0_0_SYLVILAGUS_SP_video_IMG_0103_image007.jpg,14,SYLVILAGUS_SP
0_0_SYLVILAGUS_SP_video_IMG_0103_image008.jpg,14,SYLVILAGUS_SP
0_0_SYLVILAGUS_SP_video_IMG_0103_image009.jpg,14,SYLVILAGUS_SP
0_0_SYLVILAGUS_SP_video_IMG_0103_image010.jpg,14,SYLVILAGUS_SP
0_0_SYLVILAGUS_SP_video_IMG_0104_image001.jpg,14,SYLVILAGUS_SP
0_0_SYLVILAGUS_SP_video_IMG_0104_image002.jpg,14,SYLVILAGUS_SP
0_0_SYLVILAGUS_SP_video_IMG_0104_image003.jpg,14,SYLVILAGUS_SP
0_0_SYLVILAGUS_SP_video_IMG_0104_image004.jpg,14,SYLVILAGUS_SP
0_0_SYLVILAGUS_SP_video_IMG_0104_image005.jpg,14,SYLVILAGUS_SP
0_0_SYLVILAGUS_SP_video_IMG_0104_image006.jpg,14,SYLVILAGUS_SP
0_0_SYLVILAGUS_SP_video_IMG_0104_image007.jpg,14,SYLVILAGUS_SP
0_0_SYLVILAGUS_SP_video_IMG_0104_image008.jpg,14,SYLVILAGUS_SP
0_0_SYLVILAGUS_SP_video_IMG_0104_image009.jpg,14,SYLVILAGUS_SP
0_0_SYLVILAGUS_SP_video_IMG_0104_image010.jpg,14,SYLVILAGUS_SP
0_0_SYLVILAGUS_SP_video_IMG_0105_image001.jpg,14,SYLVILAGUS_SP
0_0_SYLVILAGUS_SP_video_IMG_0105_image002.jpg,14,SYLVILAGUS_SP
0_0_SYLVILAGUS_SP_video_IMG_0105_image003.jpg,14,SYLVILAGUS_SP
0_0_SYLVILAGUS_SP_video_IMG_0105_image004.jpg,14,SYLVILAGUS_SP
0_0_SYLVILAGUS_SP_video_IMG_0105_image005.jpg,14,SYLVILAGUS_SP
0_0_SYLVILAGUS_SP_video_IMG_0105_image006.jpg,14,SYLVILAGUS_SP
0_0_SYLVILAGUS_SP_video_IMG_0105_image007.jpg,14,SYLVILAGUS_SP
0_0_SYLVILAGUS_SP_video_IMG_0105_image008.jpg,14,SYLVILAGUS_SP
0_0_SYLVILAGUS_SP_video_IMG_0105_image009.jpg,14,SYLVILAGUS_SP
0_0_SYLVILAGUS_SP_video_IMG_0105_image010.jpg,14,SYLVILAGUS_SP
0_0_SYLVILAGUS_SP_video_IMG_0106_image001.jpg,14,SYLVILAGUS_SP
0_0_SYLVILAGUS_SP_video_IMG_0106_image002.jpg,14,SYLVILAGUS_SP
0_0_SYLVILAGUS_SP_video_IMG_0106_image003.jpg,14,SYLVILAGUS_SP
0_0_SYLVILAGUS_SP_video_IMG_0106_image004.jpg,14,SYLVILAGUS_SP
0_0_SYLVILAGUS_SP_video_IMG_0106_image005.jpg,14,SYLVILAGUS_SP
0_0_SYLVILAGUS_SP_video_IMG_0106_image006.jpg,14,SYLVILAGUS_SP
0_0_SYLVILAGUS_SP_video_IMG_0106_image007.jpg,14,SYLVILAGUS_SP
0_0_SYLVILAGUS_SP_video_IMG_0106_image008.jpg,14,SYLVILAGUS_SP
0_0_SYLVILAGUS_SP_video_IMG_0106_image009.jpg,14,SYLVILAGUS_SP
0_0_SYLVILAGUS_SP_video_IMG_0106_image010.jpg,14,SYLVILAGUS_SP
0_0_SYLVILAGUS_SP_video_IMG_0107_image001.jpg,14,SYLVILAGUS_SP
0_0_SYLVILAGUS_SP_video_IMG_0107_image002.jpg,14,SYLVILAGUS_SP
0_0_SYLVILAGUS_SP_video_IMG_0107_image003.jpg,14,SYLVILAGUS_SP
0_0_SYLVILAGUS_SP_video_IMG_0107_image004.jpg,14,SYLVILAGUS_SP
0_0_SYLVILAGUS_SP_video_IMG_0107_image005.jpg,14,SYLVILAGUS_SP
0_0_SYLVILAGUS_SP_video_IMG_0107_image006.jpg,14,SYLVILAGUS_SP
0_0_SYLVILAGUS_SP_video_IMG_0107_image007.jpg,14,SYLVILAGUS_SP
0_0_SYLVILAGUS_SP_video_IMG_0107_image008.jpg,14,SYLVILAGUS_SP
0_1_SYLVILAGUS_SP_video_IMG_0107_image008.jpg,14,SYLVILAGUS_SP
0_0_SYLVILAGUS_SP_video_IMG_0107_image009.jpg,14,SYLVILAGUS_SP
0_0_SYLVILAGUS_SP_video_IMG_0107_image010.jpg,14,SYLVILAGUS_SP
0_0_SYLVILAGUS_SP_video_IMG_0108_image001.jpg,14,SYLVILAGUS_SP
0_0_SYLVILAGUS_SP_video_IMG_0108_image002.jpg,14,SYLVILAGUS_SP
0_0_SYLVILAGUS_SP_video_IMG_0108_image003.jpg,14,SYLVILAGUS_SP
0_0_SYLVILAGUS_SP_video_IMG_0108_image004.jpg,14,SYLVILAGUS_SP
0_0_SYLVILAGUS_SP_video_IMG_0108_image005.jpg,14,SYLVILAGUS_SP
0_0_SYLVILAGUS_SP_video_IMG_0108_image006.jpg,14,SYLVILAGUS_SP
0_0_SYLVILAGUS_SP_video_IMG_0108_image007.jpg,14,SYLVILAGUS_SP
0_0_SYLVILAGUS_SP_video_IMG_0108_image008.jpg,14,SYLVILAGUS_SP
0_0_SYLVILAGUS_SP_video_IMG_0108_image009.jpg,14,SYLVILAGUS_SP
0_0_SYLVILAGUS_SP_video_IMG_0108_image010.jpg,14,SYLVILAGUS_SP
0_0_SYLVILAGUS_SP_video_IMG_0110_image001.jpg,14,SYLVILAGUS_SP
0_0_SYLVILAGUS_SP_video_IMG_0110_image002.jpg,14,SYLVILAGUS_SP
0_0_SYLVILAGUS_SP_video_IMG_0110_image003.jpg,14,SYLVILAGUS_SP
0_0_SYLVILAGUS_SP_video_IMG_0110_image004.jpg,14,SYLVILAGUS_SP
0_0_SYLVILAGUS_SP_video_IMG_0110_image005.jpg,14,SYLVILAGUS_SP
0_0_SYLVILAGUS_SP_video_IMG_0110_image006.jpg,14,SYLVILAGUS_SP
0_0_SYLVILAGUS_SP_video_IMG_0110_image007.jpg,14,SYLVILAGUS_SP
0_0_SYLVILAGUS_SP_video_IMG_0110_image008.jpg,14,SYLVILAGUS_SP
0_0_SYLVILAGUS_SP_video_IMG_0110_image009.jpg,14,SYLVILAGUS_SP
0_0_SYLVILAGUS_SP_video_IMG_0110_image010.jpg,14,SYLVILAGUS_SP
0_0_SYLVILAGUS_SP_video_IMG_0112_image001.jpg,14,SYLVILAGUS_SP
0_0_SYLVILAGUS_SP_video_IMG_0112_image002.jpg,14,SYLVILAGUS_SP
0_0_SYLVILAGUS_SP_video_IMG_0112_image003.jpg,14,SYLVILAGUS_SP
0_0_SYLVILAGUS_SP_video_IMG_0112_image004.jpg,14,SYLVILAGUS_SP
0_0_SYLVILAGUS_SP_video_IMG_0112_image005.jpg,14,SYLVILAGUS_SP
0_0_SYLVILAGUS_SP_video_IMG_0112_image006.jpg,14,SYLVILAGUS_SP
0_0_SYLVILAGUS_SP_video_IMG_0112_image007.jpg,14,SYLVILAGUS_SP
0_0_SYLVILAGUS_SP_video_IMG_0112_image008.jpg,14,SYLVILAGUS_SP
0_0_SYLVILAGUS_SP_video_IMG_0112_image009.jpg,14,SYLVILAGUS_SP
0_0_SYLVILAGUS_SP_video_IMG_0112_image010.jpg,14,SYLVILAGUS_SP
0_0_SYLVILAGUS_SP_video_IMG_0119_image001.jpg,14,SYLVILAGUS_SP
0_0_SYLVILAGUS_SP_video_IMG_0119_image002.jpg,14,SYLVILAGUS_SP
0_0_SYLVILAGUS_SP_video_IMG_0119_image003.jpg,14,SYLVILAGUS_SP
0_0_SYLVILAGUS_SP_video_IMG_0119_image004.jpg,14,SYLVILAGUS_SP
0_0_SYLVILAGUS_SP_video_IMG_0119_image005.jpg,14,SYLVILAGUS_SP
0_0_SYLVILAGUS_SP_video_IMG_0119_image006.jpg,14,SYLVILAGUS_SP
0_0_SYLVILAGUS_SP_video_IMG_0119_image007.jpg,14,SYLVILAGUS_SP
0_0_SYLVILAGUS_SP_video_IMG_0119_image008.jpg,14,SYLVILAGUS_SP
0_0_SYLVILAGUS_SP_video_IMG_0119_image009.jpg,14,SYLVILAGUS_SP
0_0_SYLVILAGUS_SP_video_IMG_0119_image010.jpg,14,SYLVILAGUS_SP
0_0_SYLVILAGUS_SP_video_IMG_0120_image004.jpg,14,SYLVILAGUS_SP
0_0_SYLVILAGUS_SP_video_IMG_0120_image005.jpg,14,SYLVILAGUS_SP
0_0_SYLVILAGUS_SP_video_IMG_0120_image006.jpg,14,SYLVILAGUS_SP
0_0_SYLVILAGUS_SP_video_IMG_0120_image007.jpg,14,SYLVILAGUS_SP
0_0_SYLVILAGUS_SP_video_IMG_0120_image008.jpg,14,SYLVILAGUS_SP
0_0_SYLVILAGUS_SP_video_IMG_0120_image009.jpg,14,SYLVILAGUS_SP
0_0_SYLVILAGUS_SP_video_IMG_0120_image010.jpg,14,SYLVILAGUS_SP
0_0_SYLVILAGUS_SP_video_IMG_0122_image001.jpg,14,SYLVILAGUS_SP
0_0_SYLVILAGUS_SP_video_IMG_0122_image002.jpg,14,SYLVILAGUS_SP
0_0_SYLVILAGUS_SP_video_IMG_0122_image003.jpg,14,SYLVILAGUS_SP
0_0_SYLVILAGUS_SP_video_IMG_0122_image004.jpg,14,SYLVILAGUS_SP
0_0_SYLVILAGUS_SP_video_IMG_0122_image005.jpg,14,SYLVILAGUS_SP
0_0_SYLVILAGUS_SP_video_IMG_0122_image006.jpg,14,SYLVILAGUS_SP
0_0_SYLVILAGUS_SP_video_IMG_0122_image007.jpg,14,SYLVILAGUS_SP
0_0_SYLVILAGUS_SP_video_IMG_0122_image008.jpg,14,SYLVILAGUS_SP
0_0_SYLVILAGUS_SP_video_IMG_0122_image009.jpg,14,SYLVILAGUS_SP
0_0_SYLVILAGUS_SP_video_IMG_0122_image010.jpg,14,SYLVILAGUS_SP
0_0_SYLVILAGUS_SP_video_IMG_0123 (2)_image001.jpg,14,SYLVILAGUS_SP
0_0_SYLVILAGUS_SP_video_IMG_0123 (2)_image002.jpg,14,SYLVILAGUS_SP
0_0_SYLVILAGUS_SP_video_IMG_0123 (2)_image003.jpg,14,SYLVILAGUS_SP
0_0_SYLVILAGUS_SP_video_IMG_0123 (2)_image004.jpg,14,SYLVILAGUS_SP
0_0_SYLVILAGUS_SP_video_IMG_0123 (2)_image005.jpg,14,SYLVILAGUS_SP
0_0_SYLVILAGUS_SP_video_IMG_0123 (2)_image006.jpg,14,SYLVILAGUS_SP
0_0_SYLVILAGUS_SP_video_IMG_0123 (2)_image007.jpg,14,SYLVILAGUS_SP
0_0_SYLVILAGUS_SP_video_IMG_0123 (2)_image008.jpg,14,SYLVILAGUS_SP
0_0_SYLVILAGUS_SP_video_IMG_0123 (2)_image009.jpg,14,SYLVILAGUS_SP
0_0_SYLVILAGUS_SP_video_IMG_0123 (2)_image010.jpg,14,SYLVILAGUS_SP
0_0_SYLVILAGUS_SP_video_IMG_0123_image001.jpg,14,SYLVILAGUS_SP
0_0_SYLVILAGUS_SP_video_IMG_0123_image002.jpg,14,SYLVILAGUS_SP
0_0_SYLVILAGUS_SP_video_IMG_0123_image003.jpg,14,SYLVILAGUS_SP
0_0_SYLVILAGUS_SP_video_IMG_0123_image004.jpg,14,SYLVILAGUS_SP
0_0_SYLVILAGUS_SP_video_IMG_0123_image005.jpg,14,SYLVILAGUS_SP
0_0_SYLVILAGUS_SP_video_IMG_0123_image006.jpg,14,SYLVILAGUS_SP
0_0_SYLVILAGUS_SP_video_IMG_0123_image007.jpg,14,SYLVILAGUS_SP
0_0_SYLVILAGUS_SP_video_IMG_0123_image008.jpg,14,SYLVILAGUS_SP
0_0_SYLVILAGUS_SP_video_IMG_0123_image009.jpg,14,SYLVILAGUS_SP
0_0_SYLVILAGUS_SP_video_IMG_0123_image010.jpg,14,SYLVILAGUS_SP
0_0_SYLVILAGUS_SP_video_IMG_0124_image001.jpg,14,SYLVILAGUS_SP
0_0_SYLVILAGUS_SP_video_IMG_0124_image002.jpg,14,SYLVILAGUS_SP
0_1_SYLVILAGUS_SP_video_IMG_0124_image002.jpg,14,SYLVILAGUS_SP
0_0_SYLVILAGUS_SP_video_IMG_0124_image003.jpg,14,SYLVILAGUS_SP
0_0_SYLVILAGUS_SP_video_IMG_0124_image004.jpg,14,SYLVILAGUS_SP
0_0_SYLVILAGUS_SP_video_IMG_0124_image005.jpg,14,SYLVILAGUS_SP
0_0_SYLVILAGUS_SP_video_IMG_0124_image006.jpg,14,SYLVILAGUS_SP
0_0_SYLVILAGUS_SP_video_IMG_0124_image007.jpg,14,SYLVILAGUS_SP
0_0_SYLVILAGUS_SP_video_IMG_0124_image008.jpg,14,SYLVILAGUS_SP
0_0_SYLVILAGUS_SP_video_IMG_0124_image009.jpg,14,SYLVILAGUS_SP
0_0_SYLVILAGUS_SP_video_IMG_0124_image010.jpg,14,SYLVILAGUS_SP
0_0_SYLVILAGUS_SP_video_IMG_0125_image001.jpg,14,SYLVILAGUS_SP
0_0_SYLVILAGUS_SP_video_IMG_0125_image002.jpg,14,SYLVILAGUS_SP
0_0_SYLVILAGUS_SP_video_IMG_0125_image003.jpg,14,SYLVILAGUS_SP
0_0_SYLVILAGUS_SP_video_IMG_0125_image004.jpg,14,SYLVILAGUS_SP
0_0_SYLVILAGUS_SP_video_IMG_0125_image005.jpg,14,SYLVILAGUS_SP
0_0_SYLVILAGUS_SP_video_IMG_0125_image006.jpg,14,SYLVILAGUS_SP
0_0_SYLVILAGUS_SP_video_IMG_0125_image007.jpg,14,SYLVILAGUS_SP
0_0_SYLVILAGUS_SP_video_IMG_0125_image008.jpg,14,SYLVILAGUS_SP
0_0_SYLVILAGUS_SP_video_IMG_0125_image009.jpg,14,SYLVILAGUS_SP
0_0_SYLVILAGUS_SP_video_IMG_0125_image010.jpg,14,SYLVILAGUS_SP
0_0_SYLVILAGUS_SP_video_IMG_0126_image003.jpg,14,SYLVILAGUS_SP
0_1_SYLVILAGUS_SP_video_IMG_0126_image003.jpg,14,SYLVILAGUS_SP
0_0_SYLVILAGUS_SP_video_IMG_0126_image004.jpg,14,SYLVILAGUS_SP
0_0_SYLVILAGUS_SP_video_IMG_0127_image001.jpg,14,SYLVILAGUS_SP
0_0_SYLVILAGUS_SP_video_IMG_0127_image002.jpg,14,SYLVILAGUS_SP
0_0_SYLVILAGUS_SP_video_IMG_0127_image003.jpg,14,SYLVILAGUS_SP
0_0_SYLVILAGUS_SP_video_IMG_0127_image004.jpg,14,SYLVILAGUS_SP
0_0_SYLVILAGUS_SP_video_IMG_0127_image005.jpg,14,SYLVILAGUS_SP
0_0_SYLVILAGUS_SP_video_IMG_0127_image006.jpg,14,SYLVILAGUS_SP
0_0_SYLVILAGUS_SP_video_IMG_0127_image007.jpg,14,SYLVILAGUS_SP
0_0_SYLVILAGUS_SP_video_IMG_0127_image008.jpg,14,SYLVILAGUS_SP
0_0_SYLVILAGUS_SP_video_IMG_0127_image009.jpg,14,SYLVILAGUS_SP
0_0_SYLVILAGUS_SP_video_IMG_0127_image010.jpg,14,SYLVILAGUS_SP
0_0_SYLVILAGUS_SP_video_IMG_0128_image001.jpg,14,SYLVILAGUS_SP
0_0_SYLVILAGUS_SP_video_IMG_0128_image002.jpg,14,SYLVILAGUS_SP
0_0_SYLVILAGUS_SP_video_IMG_0128_image003.jpg,14,SYLVILAGUS_SP
0_0_SYLVILAGUS_SP_video_IMG_0128_image004.jpg,14,SYLVILAGUS_SP
0_0_SYLVILAGUS_SP_video_IMG_0128_image005.jpg,14,SYLVILAGUS_SP
0_0_SYLVILAGUS_SP_video_IMG_0128_image006.jpg,14,SYLVILAGUS_SP
0_0_SYLVILAGUS_SP_video_IMG_0136_image001.jpg,14,SYLVILAGUS_SP
0_0_SYLVILAGUS_SP_video_IMG_0136_image002.jpg,14,SYLVILAGUS_SP
0_0_SYLVILAGUS_SP_video_IMG_0136_image003.jpg,14,SYLVILAGUS_SP
0_0_SYLVILAGUS_SP_video_IMG_0136_image004.jpg,14,SYLVILAGUS_SP
0_0_SYLVILAGUS_SP_video_IMG_0136_image005.jpg,14,SYLVILAGUS_SP
0_0_SYLVILAGUS_SP_video_IMG_0136_image006.jpg,14,SYLVILAGUS_SP
0_0_SYLVILAGUS_SP_video_IMG_0136_image007.jpg,14,SYLVILAGUS_SP
0_0_SYLVILAGUS_SP_video_IMG_0136_image008.jpg,14,SYLVILAGUS_SP
0_0_SYLVILAGUS_SP_video_IMG_0136_image009.jpg,14,SYLVILAGUS_SP
0_0_SYLVILAGUS_SP_video_IMG_0136_image010.jpg,14,SYLVILAGUS_SP
0_0_SYLVILAGUS_SP_video_IMG_0143_image001.jpg,14,SYLVILAGUS_SP
0_0_SYLVILAGUS_SP_video_IMG_0143_image002.jpg,14,SYLVILAGUS_SP
0_0_SYLVILAGUS_SP_video_IMG_0143_image003.jpg,14,SYLVILAGUS_SP
0_0_SYLVILAGUS_SP_video_IMG_0143_image004.jpg,14,SYLVILAGUS_SP
0_0_SYLVILAGUS_SP_video_IMG_0143_image005.jpg,14,SYLVILAGUS_SP
0_0_SYLVILAGUS_SP_video_IMG_0143_image006.jpg,14,SYLVILAGUS_SP
0_0_SYLVILAGUS_SP_video_IMG_0143_image007.jpg,14,SYLVILAGUS_SP
0_0_SYLVILAGUS_SP_video_IMG_0143_image008.jpg,14,SYLVILAGUS_SP
0_0_SYLVILAGUS_SP_video_IMG_0143_image009.jpg,14,SYLVILAGUS_SP
0_0_SYLVILAGUS_SP_video_IMG_0143_image010.jpg,14,SYLVILAGUS_SP
0_0_SYLVILAGUS_SP_video_IMG_0150_image001.jpg,14,SYLVILAGUS_SP
0_0_SYLVILAGUS_SP_video_IMG_0150_image002.jpg,14,SYLVILAGUS_SP
0_0_SYLVILAGUS_SP_video_IMG_0150_image003.jpg,14,SYLVILAGUS_SP
0_0_SYLVILAGUS_SP_video_IMG_0150_image004.jpg,14,SYLVILAGUS_SP
0_0_SYLVILAGUS_SP_video_IMG_0150_image005.jpg,14,SYLVILAGUS_SP
0_0_SYLVILAGUS_SP_video_IMG_0150_image007.jpg,14,SYLVILAGUS_SP
0_0_SYLVILAGUS_SP_video_IMG_0167_image001.jpg,14,SYLVILAGUS_SP
0_0_SYLVILAGUS_SP_video_IMG_0167_image002.jpg,14,SYLVILAGUS_SP
0_0_SYLVILAGUS_SP_video_IMG_0167_image003.jpg,14,SYLVILAGUS_SP
0_0_SYLVILAGUS_SP_video_IMG_0167_image004.jpg,14,SYLVILAGUS_SP
0_0_SYLVILAGUS_SP_video_IMG_0167_image005.jpg,14,SYLVILAGUS_SP
0_0_SYLVILAGUS_SP_video_IMG_0167_image006.jpg,14,SYLVILAGUS_SP
0_0_SYLVILAGUS_SP_video_IMG_0167_image007.jpg,14,SYLVILAGUS_SP
0_0_SYLVILAGUS_SP_video_IMG_0167_image008.jpg,14,SYLVILAGUS_SP
0_0_SYLVILAGUS_SP_video_IMG_0167_image009.jpg,14,SYLVILAGUS_SP
0_0_SYLVILAGUS_SP_video_IMG_0167_image010.jpg,14,SYLVILAGUS_SP
0_1_SYLVILAGUS_SP_video_IMG_0167_image010.jpg,14,SYLVILAGUS_SP
0_0_SYLVILAGUS_SP_video_IMG_0178_image001.jpg,14,SYLVILAGUS_SP
0_0_SYLVILAGUS_SP_video_IMG_0178_image002.jpg,14,SYLVILAGUS_SP
0_0_SYLVILAGUS_SP_video_IMG_0178_image003.jpg,14,SYLVILAGUS_SP
0_0_SYLVILAGUS_SP_video_IMG_0178_image008.jpg,14,SYLVILAGUS_SP
0_0_SYLVILAGUS_SP_video_IMG_0178_image009.jpg,14,SYLVILAGUS_SP
0_0_SYLVILAGUS_SP_video_IMG_0179_image001.jpg,14,SYLVILAGUS_SP
0_0_SYLVILAGUS_SP_video_IMG_0179_image002.jpg,14,SYLVILAGUS_SP
0_0_SYLVILAGUS_SP_video_IMG_0179_image003.jpg,14,SYLVILAGUS_SP
0_0_SYLVILAGUS_SP_video_IMG_0179_image004.jpg,14,SYLVILAGUS_SP
0_0_SYLVILAGUS_SP_video_IMG_0179_image005.jpg,14,SYLVILAGUS_SP
0_0_SYLVILAGUS_SP_video_IMG_0179_image006.jpg,14,SYLVILAGUS_SP
0_0_SYLVILAGUS_SP_video_IMG_0179_image007.jpg,14,SYLVILAGUS_SP
0_0_SYLVILAGUS_SP_video_IMG_0179_image008.jpg,14,SYLVILAGUS_SP
0_0_SYLVILAGUS_SP_video_IMG_0179_image009.jpg,14,SYLVILAGUS_SP
0_0_SYLVILAGUS_SP_video_IMG_0180_image001.jpg,14,SYLVILAGUS_SP
0_0_SYLVILAGUS_SP_video_IMG_0180_image002.jpg,14,SYLVILAGUS_SP
0_0_SYLVILAGUS_SP_video_IMG_0180_image003.jpg,14,SYLVILAGUS_SP
0_0_SYLVILAGUS_SP_video_IMG_0180_image004.jpg,14,SYLVILAGUS_SP
0_0_SYLVILAGUS_SP_video_IMG_0189_image001.jpg,14,SYLVILAGUS_SP
0_0_SYLVILAGUS_SP_video_IMG_0189_image002.jpg,14,SYLVILAGUS_SP
0_0_SYLVILAGUS_SP_video_IMG_0189_image003.jpg,14,SYLVILAGUS_SP
0_0_SYLVILAGUS_SP_video_IMG_0189_image004.jpg,14,SYLVILAGUS_SP
0_0_SYLVILAGUS_SP_video_IMG_0189_image005.jpg,14,SYLVILAGUS_SP
0_0_SYLVILAGUS_SP_video_IMG_0189_image006.jpg,14,SYLVILAGUS_SP
0_0_SYLVILAGUS_SP_video_IMG_0189_image007.jpg,14,SYLVILAGUS_SP
0_0_SYLVILAGUS_SP_video_IMG_0189_image008.jpg,14,SYLVILAGUS_SP
0_0_SYLVILAGUS_SP_video_IMG_0189_image009.jpg,14,SYLVILAGUS_SP
0_0_SYLVILAGUS_SP_video_IMG_0189_image010.jpg,14,SYLVILAGUS_SP
0_0_SYLVILAGUS_SP_video_IMG_0190_image001.jpg,14,SYLVILAGUS_SP
0_1_SYLVILAGUS_SP_video_IMG_0190_image001.jpg,14,SYLVILAGUS_SP
0_0_SYLVILAGUS_SP_video_IMG_0190_image002.jpg,14,SYLVILAGUS_SP
0_0_SYLVILAGUS_SP_video_IMG_0190_image003.jpg,14,SYLVILAGUS_SP
0_0_SYLVILAGUS_SP_video_IMG_0190_image004.jpg,14,SYLVILAGUS_SP
0_0_SYLVILAGUS_SP_video_IMG_0190_image005.jpg,14,SYLVILAGUS_SP
0_0_SYLVILAGUS_SP_video_IMG_0190_image006.jpg,14,SYLVILAGUS_SP
0_0_SYLVILAGUS_SP_video_IMG_0190_image007.jpg,14,SYLVILAGUS_SP
0_0_SYLVILAGUS_SP_video_IMG_0190_image008.jpg,14,SYLVILAGUS_SP
0_0_SYLVILAGUS_SP_video_IMG_0190_image009.jpg,14,SYLVILAGUS_SP
0_0_SYLVILAGUS_SP_video_IMG_0190_image010.jpg,14,SYLVILAGUS_SP
0_0_SYLVILAGUS_SP_video_IMG_0191_image001.jpg,14,SYLVILAGUS_SP
0_0_SYLVILAGUS_SP_video_IMG_0191_image002.jpg,14,SYLVILAGUS_SP
0_0_SYLVILAGUS_SP_video_IMG_0191_image003.jpg,14,SYLVILAGUS_SP
0_0_SYLVILAGUS_SP_video_IMG_0191_image004.jpg,14,SYLVILAGUS_SP
0_0_SYLVILAGUS_SP_video_IMG_0191_image005.jpg,14,SYLVILAGUS_SP
0_0_SYLVILAGUS_SP_video_IMG_0191_image006.jpg,14,SYLVILAGUS_SP
0_0_SYLVILAGUS_SP_video_IMG_0191_image007.jpg,14,SYLVILAGUS_SP
0_0_SYLVILAGUS_SP_video_IMG_0191_image008.jpg,14,SYLVILAGUS_SP
0_0_SYLVILAGUS_SP_video_IMG_0191_image009.jpg,14,SYLVILAGUS_SP
0_0_SYLVILAGUS_SP_video_IMG_0191_image010.jpg,14,SYLVILAGUS_SP
0_0_SYLVILAGUS_SP_video_IMG_0192_image001.jpg,14,SYLVILAGUS_SP
0_0_SYLVILAGUS_SP_video_IMG_0192_image002.jpg,14,SYLVILAGUS_SP
0_0_SYLVILAGUS_SP_video_IMG_0192_image003.jpg,14,SYLVILAGUS_SP
0_0_SYLVILAGUS_SP_video_IMG_0192_image004.jpg,14,SYLVILAGUS_SP
0_0_SYLVILAGUS_SP_video_IMG_0192_image005.jpg,14,SYLVILAGUS_SP
0_0_SYLVILAGUS_SP_video_IMG_0192_image006.jpg,14,SYLVILAGUS_SP
0_0_SYLVILAGUS_SP_video_IMG_0192_image007.jpg,14,SYLVILAGUS_SP
0_0_SYLVILAGUS_SP_video_IMG_0192_image008.jpg,14,SYLVILAGUS_SP
0_0_SYLVILAGUS_SP_video_IMG_0192_image009.jpg,14,SYLVILAGUS_SP
0_0_SYLVILAGUS_SP_video_IMG_0192_image010.jpg,14,SYLVILAGUS_SP
0_0_SYLVILAGUS_SP_video_IMG_0193_image001.jpg,14,SYLVILAGUS_SP
0_0_SYLVILAGUS_SP_video_IMG_0193_image002.jpg,14,SYLVILAGUS_SP
0_0_SYLVILAGUS_SP_video_IMG_0193_image003.jpg,14,SYLVILAGUS_SP
0_0_SYLVILAGUS_SP_video_IMG_0193_image004.jpg,14,SYLVILAGUS_SP
0_0_SYLVILAGUS_SP_video_IMG_0193_image005.jpg,14,SYLVILAGUS_SP
0_0_SYLVILAGUS_SP_video_IMG_0193_image006.jpg,14,SYLVILAGUS_SP
0_0_SYLVILAGUS_SP_video_IMG_0193_image007.jpg,14,SYLVILAGUS_SP
0_0_SYLVILAGUS_SP_video_IMG_0193_image008.jpg,14,SYLVILAGUS_SP
0_0_SYLVILAGUS_SP_video_IMG_0193_image009.jpg,14,SYLVILAGUS_SP
0_0_SYLVILAGUS_SP_video_IMG_0193_image010.jpg,14,SYLVILAGUS_SP
0_0_SYLVILAGUS_SP_video_IMG_0204_image001.jpg,14,SYLVILAGUS_SP
0_0_SYLVILAGUS_SP_video_IMG_0204_image002.jpg,14,SYLVILAGUS_SP
0_0_SYLVILAGUS_SP_video_IMG_0204_image003.jpg,14,SYLVILAGUS_SP
0_0_SYLVILAGUS_SP_video_IMG_0204_image004.jpg,14,SYLVILAGUS_SP
0_0_SYLVILAGUS_SP_video_IMG_0204_image005.jpg,14,SYLVILAGUS_SP
0_0_SYLVILAGUS_SP_video_IMG_0204_image006.jpg,14,SYLVILAGUS_SP
0_0_SYLVILAGUS_SP_video_IMG_0204_image007.jpg,14,SYLVILAGUS_SP
0_0_SYLVILAGUS_SP_video_IMG_0204_image008.jpg,14,SYLVILAGUS_SP
0_0_SYLVILAGUS_SP_video_IMG_0204_image009.jpg,14,SYLVILAGUS_SP
0_0_SYLVILAGUS_SP_video_IMG_0204_image010.jpg,14,SYLVILAGUS_SP
0_0_SYLVILAGUS_SP_video_IMG_0214_image001.jpg,14,SYLVILAGUS_SP
0_0_SYLVILAGUS_SP_video_IMG_0214_image002.jpg,14,SYLVILAGUS_SP
0_0_SYLVILAGUS_SP_video_IMG_0214_image003.jpg,14,SYLVILAGUS_SP
0_0_SYLVILAGUS_SP_video_IMG_0214_image004.jpg,14,SYLVILAGUS_SP
0_0_SYLVILAGUS_SP_video_IMG_0214_image005.jpg,14,SYLVILAGUS_SP
0_0_SYLVILAGUS_SP_video_IMG_0214_image006.jpg,14,SYLVILAGUS_SP
0_0_SYLVILAGUS_SP_video_IMG_0214_image007.jpg,14,SYLVILAGUS_SP
0_0_SYLVILAGUS_SP_video_IMG_0214_image008.jpg,14,SYLVILAGUS_SP
0_0_SYLVILAGUS_SP_video_IMG_0214_image009.jpg,14,SYLVILAGUS_SP
0_0_SYLVILAGUS_SP_video_IMG_0214_image010.jpg,14,SYLVILAGUS_SP
0_0_SYLVILAGUS_SP_video_IMG_0220_image001.jpg,14,SYLVILAGUS_SP
0_0_SYLVILAGUS_SP_video_IMG_0220_image002.jpg,14,SYLVILAGUS_SP
0_0_SYLVILAGUS_SP_video_IMG_0220_image003.jpg,14,SYLVILAGUS_SP
0_0_SYLVILAGUS_SP_video_IMG_0220_image004.jpg,14,SYLVILAGUS_SP
0_0_SYLVILAGUS_SP_video_IMG_0220_image005.jpg,14,SYLVILAGUS_SP
0_0_SYLVILAGUS_SP_video_IMG_0220_image006.jpg,14,SYLVILAGUS_SP
0_0_SYLVILAGUS_SP_video_IMG_0220_image007.jpg,14,SYLVILAGUS_SP
0_0_SYLVILAGUS_SP_video_IMG_0220_image008.jpg,14,SYLVILAGUS_SP
0_0_SYLVILAGUS_SP_video_IMG_0220_image009.jpg,14,SYLVILAGUS_SP
0_0_SYLVILAGUS_SP_video_IMG_0220_image010.jpg,14,SYLVILAGUS_SP
0_0_SYLVILAGUS_SP_video_IMG_0224_image001.jpg,14,SYLVILAGUS_SP
0_0_SYLVILAGUS_SP_video_IMG_0224_image002.jpg,14,SYLVILAGUS_SP
0_0_SYLVILAGUS_SP_video_IMG_0224_image003.jpg,14,SYLVILAGUS_SP
0_0_SYLVILAGUS_SP_video_IMG_0224_image004.jpg,14,SYLVILAGUS_SP
0_0_SYLVILAGUS_SP_video_IMG_0224_image005.jpg,14,SYLVILAGUS_SP
0_0_SYLVILAGUS_SP_video_IMG_0224_image006.jpg,14,SYLVILAGUS_SP
0_0_SYLVILAGUS_SP_video_IMG_0224_image007.jpg,14,SYLVILAGUS_SP
0_0_SYLVILAGUS_SP_video_IMG_0224_image008.jpg,14,SYLVILAGUS_SP
0_0_SYLVILAGUS_SP_video_IMG_0224_image009.jpg,14,SYLVILAGUS_SP
0_0_SYLVILAGUS_SP_video_IMG_0224_image010.jpg,14,SYLVILAGUS_SP
0_0_SYLVILAGUS_SP_video_IMG_0225_image001.jpg,14,SYLVILAGUS_SP
0_0_SYLVILAGUS_SP_video_IMG_0225_image002.jpg,14,SYLVILAGUS_SP
0_0_SYLVILAGUS_SP_video_IMG_0225_image003.jpg,14,SYLVILAGUS_SP
0_0_SYLVILAGUS_SP_video_IMG_0225_image004.jpg,14,SYLVILAGUS_SP
0_0_SYLVILAGUS_SP_video_IMG_0225_image005.jpg,14,SYLVILAGUS_SP
0_0_SYLVILAGUS_SP_video_IMG_0225_image006.jpg,14,SYLVILAGUS_SP
0_0_SYLVILAGUS_SP_video_IMG_0225_image007.jpg,14,SYLVILAGUS_SP
0_0_SYLVILAGUS_SP_video_IMG_0225_image008.jpg,14,SYLVILAGUS_SP
0_0_SYLVILAGUS_SP_video_IMG_0225_image009.jpg,14,SYLVILAGUS_SP
0_0_SYLVILAGUS_SP_video_IMG_0225_image010.jpg,14,SYLVILAGUS_SP
0_0_SYLVILAGUS_SP_video_IMG_0226 (2)_image004.jpg,14,SYLVILAGUS_SP
0_0_SYLVILAGUS_SP_video_IMG_0226 (2)_image005.jpg,14,SYLVILAGUS_SP
0_0_SYLVILAGUS_SP_video_IMG_0226_image001.jpg,14,SYLVILAGUS_SP
0_0_SYLVILAGUS_SP_video_IMG_0226_image002.jpg,14,SYLVILAGUS_SP
0_0_SYLVILAGUS_SP_video_IMG_0226_image003.jpg,14,SYLVILAGUS_SP
0_0_SYLVILAGUS_SP_video_IMG_0235_image001.jpg,14,SYLVILAGUS_SP
0_0_SYLVILAGUS_SP_video_IMG_0235_image002.jpg,14,SYLVILAGUS_SP
0_0_SYLVILAGUS_SP_video_IMG_0235_image003.jpg,14,SYLVILAGUS_SP
0_0_SYLVILAGUS_SP_video_IMG_0235_image004.jpg,14,SYLVILAGUS_SP
0_0_SYLVILAGUS_SP_video_IMG_0235_image005.jpg,14,SYLVILAGUS_SP
0_0_SYLVILAGUS_SP_video_IMG_0235_image006.jpg,14,SYLVILAGUS_SP
0_0_SYLVILAGUS_SP_video_IMG_0235_image007.jpg,14,SYLVILAGUS_SP
0_0_SYLVILAGUS_SP_video_IMG_0235_image008.jpg,14,SYLVILAGUS_SP
0_0_SYLVILAGUS_SP_video_IMG_0235_image009.jpg,14,SYLVILAGUS_SP
0_0_SYLVILAGUS_SP_video_IMG_0235_image010.jpg,14,SYLVILAGUS_SP
0_0_SYLVILAGUS_SP_video_IMG_0236_image001.jpg,14,SYLVILAGUS_SP
0_0_SYLVILAGUS_SP_video_IMG_0236_image002.jpg,14,SYLVILAGUS_SP
0_0_SYLVILAGUS_SP_video_IMG_0236_image003.jpg,14,SYLVILAGUS_SP
0_0_SYLVILAGUS_SP_video_IMG_0236_image004.jpg,14,SYLVILAGUS_SP
0_0_SYLVILAGUS_SP_video_IMG_0236_image005.jpg,14,SYLVILAGUS_SP
0_0_SYLVILAGUS_SP_video_IMG_0236_image006.jpg,14,SYLVILAGUS_SP
0_0_SYLVILAGUS_SP_video_IMG_0236_image007.jpg,14,SYLVILAGUS_SP
0_0_SYLVILAGUS_SP_video_IMG_0236_image008.jpg,14,SYLVILAGUS_SP
0_0_SYLVILAGUS_SP_video_IMG_0236_image009.jpg,14,SYLVILAGUS_SP
0_0_SYLVILAGUS_SP_video_IMG_0236_image010.jpg,14,SYLVILAGUS_SP
0_0_SYLVILAGUS_SP_video_IMG_0237_image001.jpg,14,SYLVILAGUS_SP
0_0_SYLVILAGUS_SP_video_IMG_0237_image002.jpg,14,SYLVILAGUS_SP
0_0_SYLVILAGUS_SP_video_IMG_0237_image003.jpg,14,SYLVILAGUS_SP
0_0_SYLVILAGUS_SP_video_IMG_0237_image004.jpg,14,SYLVILAGUS_SP
0_0_SYLVILAGUS_SP_video_IMG_0237_image005.jpg,14,SYLVILAGUS_SP
0_0_SYLVILAGUS_SP_video_IMG_0237_image006.jpg,14,SYLVILAGUS_SP
0_0_SYLVILAGUS_SP_video_IMG_0237_image007.jpg,14,SYLVILAGUS_SP
0_0_SYLVILAGUS_SP_video_IMG_0237_image008.jpg,14,SYLVILAGUS_SP
0_0_SYLVILAGUS_SP_video_IMG_0238_image001.jpg,14,SYLVILAGUS_SP
0_0_SYLVILAGUS_SP_video_IMG_0238_image002.jpg,14,SYLVILAGUS_SP
0_0_SYLVILAGUS_SP_video_IMG_0238_image003.jpg,14,SYLVILAGUS_SP
0_0_SYLVILAGUS_SP_video_IMG_0238_image004.jpg,14,SYLVILAGUS_SP
0_0_SYLVILAGUS_SP_video_IMG_0238_image005.jpg,14,SYLVILAGUS_SP
0_0_SYLVILAGUS_SP_video_IMG_0238_image006.jpg,14,SYLVILAGUS_SP
0_0_SYLVILAGUS_SP_video_IMG_0241_image001.jpg,14,SYLVILAGUS_SP
0_0_SYLVILAGUS_SP_video_IMG_0241_image002.jpg,14,SYLVILAGUS_SP
0_0_SYLVILAGUS_SP_video_IMG_0241_image003.jpg,14,SYLVILAGUS_SP
0_0_SYLVILAGUS_SP_video_IMG_0241_image004.jpg,14,SYLVILAGUS_SP
0_0_SYLVILAGUS_SP_video_IMG_0241_image005.jpg,14,SYLVILAGUS_SP
0_0_SYLVILAGUS_SP_video_IMG_0241_image006.jpg,14,SYLVILAGUS_SP
0_0_SYLVILAGUS_SP_video_IMG_0241_image007.jpg,14,SYLVILAGUS_SP
0_0_SYLVILAGUS_SP_video_IMG_0241_image008.jpg,14,SYLVILAGUS_SP
0_0_SYLVILAGUS_SP_video_IMG_0246_image002.jpg,14,SYLVILAGUS_SP
0_0_SYLVILAGUS_SP_video_IMG_0246_image003.jpg,14,SYLVILAGUS_SP
0_0_SYLVILAGUS_SP_video_IMG_0246_image004.jpg,14,SYLVILAGUS_SP
0_0_SYLVILAGUS_SP_video_IMG_0246_image005.jpg,14,SYLVILAGUS_SP
0_0_SYLVILAGUS_SP_video_IMG_0246_image006.jpg,14,SYLVILAGUS_SP
0_0_SYLVILAGUS_SP_video_IMG_0246_image007.jpg,14,SYLVILAGUS_SP
0_0_SYLVILAGUS_SP_video_IMG_0254_image001.jpg,14,SYLVILAGUS_SP
0_0_SYLVILAGUS_SP_video_IMG_0254_image002.jpg,14,SYLVILAGUS_SP
0_0_SYLVILAGUS_SP_video_IMG_0254_image003.jpg,14,SYLVILAGUS_SP
0_0_SYLVILAGUS_SP_video_IMG_0254_image004.jpg,14,SYLVILAGUS_SP
0_0_SYLVILAGUS_SP_video_IMG_0262_image001.jpg,14,SYLVILAGUS_SP
0_0_SYLVILAGUS_SP_video_IMG_0262_image002.jpg,14,SYLVILAGUS_SP
0_0_SYLVILAGUS_SP_video_IMG_0263_MP4_image001.jpg,14,SYLVILAGUS_SP
0_0_SYLVILAGUS_SP_video_IMG_0263_MP4_image002.jpg,14,SYLVILAGUS_SP
0_0_SYLVILAGUS_SP_video_IMG_0263_MP4_image003.jpg,14,SYLVILAGUS_SP
0_0_SYLVILAGUS_SP_video_IMG_0263_MP4_image004.jpg,14,SYLVILAGUS_SP
0_0_SYLVILAGUS_SP_video_IMG_0263_MP4_image005.jpg,14,SYLVILAGUS_SP
0_0_SYLVILAGUS_SP_video_IMG_0263_image001.jpg,14,SYLVILAGUS_SP
0_0_SYLVILAGUS_SP_video_IMG_0263_image002.jpg,14,SYLVILAGUS_SP
0_0_SYLVILAGUS_SP_video_IMG_0263_image003.jpg,14,SYLVILAGUS_SP
0_0_SYLVILAGUS_SP_video_IMG_0263_image004.jpg,14,SYLVILAGUS_SP
0_0_SYLVILAGUS_SP_video_IMG_0263_image005.jpg,14,SYLVILAGUS_SP
0_0_SYLVILAGUS_SP_video_IMG_0263_image006.jpg,14,SYLVILAGUS_SP
0_0_SYLVILAGUS_SP_video_IMG_0263_image007.jpg,14,SYLVILAGUS_SP
0_0_SYLVILAGUS_SP_video_IMG_0263_image008.jpg,14,SYLVILAGUS_SP
0_0_SYLVILAGUS_SP_video_IMG_0263_image009.jpg,14,SYLVILAGUS_SP
0_0_SYLVILAGUS_SP_video_IMG_0263_image010.jpg,14,SYLVILAGUS_SP
0_1_SYLVILAGUS_SP_video_IMG_0263_image010.jpg,14,SYLVILAGUS_SP
0_0_SYLVILAGUS_SP_video_IMG_0264_image001.jpg,14,SYLVILAGUS_SP
0_0_SYLVILAGUS_SP_video_IMG_0264_image002.jpg,14,SYLVILAGUS_SP
0_0_SYLVILAGUS_SP_video_IMG_0264_image003.jpg,14,SYLVILAGUS_SP
0_0_SYLVILAGUS_SP_video_IMG_0264_image004.jpg,14,SYLVILAGUS_SP
0_0_SYLVILAGUS_SP_video_IMG_0264_image005.jpg,14,SYLVILAGUS_SP
0_0_SYLVILAGUS_SP_video_IMG_0264_image006.jpg,14,SYLVILAGUS_SP
0_0_SYLVILAGUS_SP_video_IMG_0264_image007.jpg,14,SYLVILAGUS_SP
0_0_SYLVILAGUS_SP_video_IMG_0264_image008.jpg,14,SYLVILAGUS_SP
0_0_SYLVILAGUS_SP_video_IMG_0268_MP4_image001.jpg,14,SYLVILAGUS_SP
0_0_SYLVILAGUS_SP_video_IMG_0268_MP4_image002.jpg,14,SYLVILAGUS_SP
0_0_SYLVILAGUS_SP_video_IMG_0268_MP4_image003.jpg,14,SYLVILAGUS_SP
0_0_SYLVILAGUS_SP_video_IMG_0268_MP4_image004.jpg,14,SYLVILAGUS_SP
0_0_SYLVILAGUS_SP_video_IMG_0268_MP4_image005.jpg,14,SYLVILAGUS_SP
0_0_SYLVILAGUS_SP_video_IMG_0268_MP4_image006.jpg,14,SYLVILAGUS_SP
0_0_SYLVILAGUS_SP_video_IMG_0268_MP4_image007.jpg,14,SYLVILAGUS_SP
0_0_SYLVILAGUS_SP_video_IMG_0268_MP4_image008.jpg,14,SYLVILAGUS_SP
0_0_SYLVILAGUS_SP_video_IMG_0268_MP4_image009.jpg,14,SYLVILAGUS_SP
0_0_SYLVILAGUS_SP_video_IMG_0268_MP4_image010.jpg,14,SYLVILAGUS_SP
0_0_SYLVILAGUS_SP_video_IMG_0268_image001.jpg,14,SYLVILAGUS_SP
0_0_SYLVILAGUS_SP_video_IMG_0268_image002.jpg,14,SYLVILAGUS_SP
0_0_SYLVILAGUS_SP_video_IMG_0268_image003.jpg,14,SYLVILAGUS_SP
0_0_SYLVILAGUS_SP_video_IMG_0268_image004.jpg,14,SYLVILAGUS_SP
0_0_SYLVILAGUS_SP_video_IMG_0268_image005.jpg,14,SYLVILAGUS_SP
0_0_SYLVILAGUS_SP_video_IMG_0268_image006.jpg,14,SYLVILAGUS_SP
0_0_SYLVILAGUS_SP_video_IMG_0268_image007.jpg,14,SYLVILAGUS_SP
0_0_SYLVILAGUS_SP_video_IMG_0268_image008.jpg,14,SYLVILAGUS_SP
0_0_SYLVILAGUS_SP_video_IMG_0268_image009.jpg,14,SYLVILAGUS_SP
0_0_SYLVILAGUS_SP_video_IMG_0268_image010.jpg,14,SYLVILAGUS_SP
0_0_SYLVILAGUS_SP_video_IMG_0269_image001.jpg,14,SYLVILAGUS_SP
0_0_SYLVILAGUS_SP_video_IMG_0269_image002.jpg,14,SYLVILAGUS_SP
0_0_SYLVILAGUS_SP_video_IMG_0269_image003.jpg,14,SYLVILAGUS_SP
0_0_SYLVILAGUS_SP_video_IMG_0269_image004.jpg,14,SYLVILAGUS_SP
0_0_SYLVILAGUS_SP_video_IMG_0269_image005.jpg,14,SYLVILAGUS_SP
0_0_SYLVILAGUS_SP_video_IMG_0269_image006.jpg,14,SYLVILAGUS_SP
0_0_SYLVILAGUS_SP_video_IMG_0269_image007.jpg,14,SYLVILAGUS_SP
0_0_SYLVILAGUS_SP_video_IMG_0269_image008.jpg,14,SYLVILAGUS_SP
0_0_SYLVILAGUS_SP_video_IMG_0269_image009.jpg,14,SYLVILAGUS_SP
0_0_SYLVILAGUS_SP_video_IMG_0269_image010.jpg,14,SYLVILAGUS_SP
0_0_SYLVILAGUS_SP_video_IMG_0270_image001.jpg,14,SYLVILAGUS_SP
0_0_SYLVILAGUS_SP_video_IMG_0270_image002.jpg,14,SYLVILAGUS_SP
0_0_SYLVILAGUS_SP_video_IMG_0270_image003.jpg,14,SYLVILAGUS_SP
0_0_SYLVILAGUS_SP_video_IMG_0270_image004.jpg,14,SYLVILAGUS_SP
0_0_SYLVILAGUS_SP_video_IMG_0270_image005.jpg,14,SYLVILAGUS_SP
0_0_SYLVILAGUS_SP_video_IMG_0270_image006.jpg,14,SYLVILAGUS_SP
0_0_SYLVILAGUS_SP_video_IMG_0270_image007.jpg,14,SYLVILAGUS_SP
0_0_SYLVILAGUS_SP_video_IMG_0270_image008.jpg,14,SYLVILAGUS_SP
0_0_SYLVILAGUS_SP_video_IMG_0270_image009.jpg,14,SYLVILAGUS_SP
0_0_SYLVILAGUS_SP_video_IMG_0270_image010.jpg,14,SYLVILAGUS_SP
0_0_SYLVILAGUS_SP_video_IMG_0272_image001.jpg,14,SYLVILAGUS_SP
0_0_SYLVILAGUS_SP_video_IMG_0272_image002.jpg,14,SYLVILAGUS_SP
0_0_SYLVILAGUS_SP_video_IMG_0272_image003.jpg,14,SYLVILAGUS_SP
0_0_SYLVILAGUS_SP_video_IMG_0272_image004.jpg,14,SYLVILAGUS_SP
0_0_SYLVILAGUS_SP_video_IMG_0272_image005.jpg,14,SYLVILAGUS_SP
0_0_SYLVILAGUS_SP_video_IMG_0272_image006.jpg,14,SYLVILAGUS_SP
0_0_SYLVILAGUS_SP_video_IMG_0272_image007.jpg,14,SYLVILAGUS_SP
0_0_SYLVILAGUS_SP_video_IMG_0272_image008.jpg,14,SYLVILAGUS_SP
0_0_SYLVILAGUS_SP_video_IMG_0272_image009.jpg,14,SYLVILAGUS_SP
0_0_SYLVILAGUS_SP_video_IMG_0272_image010.jpg,14,SYLVILAGUS_SP
0_0_SYLVILAGUS_SP_video_IMG_0273_avi_image001.jpg,14,SYLVILAGUS_SP
0_0_SYLVILAGUS_SP_video_IMG_0273_avi_image002.jpg,14,SYLVILAGUS_SP
0_0_SYLVILAGUS_SP_video_IMG_0273_avi_image004.jpg,14,SYLVILAGUS_SP
0_0_SYLVILAGUS_SP_video_IMG_0273_avi_image008.jpg,14,SYLVILAGUS_SP
0_0_SYLVILAGUS_SP_video_IMG_0273_avi_image010.jpg,14,SYLVILAGUS_SP
0_0_SYLVILAGUS_SP_video_IMG_0273_image001.jpg,14,SYLVILAGUS_SP
0_0_SYLVILAGUS_SP_video_IMG_0273_image002.jpg,14,SYLVILAGUS_SP
0_0_SYLVILAGUS_SP_video_IMG_0273_image003.jpg,14,SYLVILAGUS_SP
0_0_SYLVILAGUS_SP_video_IMG_0287_image001.jpg,14,SYLVILAGUS_SP
0_0_SYLVILAGUS_SP_video_IMG_0287_image002.jpg,14,SYLVILAGUS_SP
0_0_SYLVILAGUS_SP_video_IMG_0287_image003.jpg,14,SYLVILAGUS_SP
0_0_SYLVILAGUS_SP_video_IMG_0287_image004.jpg,14,SYLVILAGUS_SP
0_0_SYLVILAGUS_SP_video_IMG_0287_image005.jpg,14,SYLVILAGUS_SP
0_0_SYLVILAGUS_SP_video_IMG_0295_image001.jpg,14,SYLVILAGUS_SP
0_0_SYLVILAGUS_SP_video_IMG_0295_image002.jpg,14,SYLVILAGUS_SP
0_0_SYLVILAGUS_SP_video_IMG_0295_image003.jpg,14,SYLVILAGUS_SP
0_0_SYLVILAGUS_SP_video_IMG_0295_image004.jpg,14,SYLVILAGUS_SP
0_0_SYLVILAGUS_SP_video_IMG_0295_image005.jpg,14,SYLVILAGUS_SP
0_0_SYLVILAGUS_SP_video_IMG_0295_image006.jpg,14,SYLVILAGUS_SP
0_0_SYLVILAGUS_SP_video_IMG_0295_image007.jpg,14,SYLVILAGUS_SP
0_0_SYLVILAGUS_SP_video_IMG_0295_image008.jpg,14,SYLVILAGUS_SP
0_0_SYLVILAGUS_SP_video_IMG_0295_image009.jpg,14,SYLVILAGUS_SP
0_0_SYLVILAGUS_SP_video_IMG_0295_image010.jpg,14,SYLVILAGUS_SP
0_0_SYLVILAGUS_SP_video_IMG_0304_image001.jpg,14,SYLVILAGUS_SP
0_0_SYLVILAGUS_SP_video_IMG_0304_image002.jpg,14,SYLVILAGUS_SP
0_0_SYLVILAGUS_SP_video_IMG_0304_image003.jpg,14,SYLVILAGUS_SP
0_0_SYLVILAGUS_SP_video_IMG_0304_image004.jpg,14,SYLVILAGUS_SP
0_0_SYLVILAGUS_SP_video_IMG_0304_image005.jpg,14,SYLVILAGUS_SP
0_0_SYLVILAGUS_SP_video_IMG_0304_image006.jpg,14,SYLVILAGUS_SP
0_0_SYLVILAGUS_SP_video_IMG_0304_image007.jpg,14,SYLVILAGUS_SP
0_0_SYLVILAGUS_SP_video_IMG_0304_image008.jpg,14,SYLVILAGUS_SP
0_0_SYLVILAGUS_SP_video_IMG_0304_image009.jpg,14,SYLVILAGUS_SP
0_0_SYLVILAGUS_SP_video_IMG_0304_image010.jpg,14,SYLVILAGUS_SP
0_0_SYLVILAGUS_SP_video_IMG_0305_image001.jpg,14,SYLVILAGUS_SP
0_0_SYLVILAGUS_SP_video_IMG_0305_image002.jpg,14,SYLVILAGUS_SP
0_0_SYLVILAGUS_SP_video_IMG_0305_image003.jpg,14,SYLVILAGUS_SP
0_0_SYLVILAGUS_SP_video_IMG_0305_image004.jpg,14,SYLVILAGUS_SP
0_1_SYLVILAGUS_SP_video_IMG_0305_image004.jpg,14,SYLVILAGUS_SP
0_0_SYLVILAGUS_SP_video_IMG_0305_image005.jpg,14,SYLVILAGUS_SP
0_0_SYLVILAGUS_SP_video_IMG_0305_image006.jpg,14,SYLVILAGUS_SP
0_0_SYLVILAGUS_SP_video_IMG_0305_image007.jpg,14,SYLVILAGUS_SP
0_0_SYLVILAGUS_SP_video_IMG_0305_image008.jpg,14,SYLVILAGUS_SP
0_0_SYLVILAGUS_SP_video_IMG_0305_image009.jpg,14,SYLVILAGUS_SP
0_1_SYLVILAGUS_SP_video_IMG_0305_image009.jpg,14,SYLVILAGUS_SP
0_0_SYLVILAGUS_SP_video_IMG_0305_image010.jpg,14,SYLVILAGUS_SP
0_0_SYLVILAGUS_SP_video_IMG_0329_image001.jpg,14,SYLVILAGUS_SP
0_0_SYLVILAGUS_SP_video_IMG_0329_image002.jpg,14,SYLVILAGUS_SP
0_0_SYLVILAGUS_SP_video_IMG_0329_image003.jpg,14,SYLVILAGUS_SP
0_0_SYLVILAGUS_SP_video_IMG_0329_image004.jpg,14,SYLVILAGUS_SP
0_0_SYLVILAGUS_SP_video_IMG_0329_image005.jpg,14,SYLVILAGUS_SP
0_0_SYLVILAGUS_SP_video_IMG_0329_image006.jpg,14,SYLVILAGUS_SP
0_0_SYLVILAGUS_SP_video_IMG_0329_image007.jpg,14,SYLVILAGUS_SP
0_0_SYLVILAGUS_SP_video_IMG_0329_image008.jpg,14,SYLVILAGUS_SP
0_0_SYLVILAGUS_SP_video_IMG_0329_image009.jpg,14,SYLVILAGUS_SP
0_0_SYLVILAGUS_SP_video_IMG_0329_image010.jpg,14,SYLVILAGUS_SP
0_0_SYLVILAGUS_SP_video_IMG_0330_image001.jpg,14,SYLVILAGUS_SP
0_0_SYLVILAGUS_SP_video_IMG_0330_image002.jpg,14,SYLVILAGUS_SP
0_0_SYLVILAGUS_SP_video_IMG_0330_image003.jpg,14,SYLVILAGUS_SP
0_1_SYLVILAGUS_SP_video_IMG_0330_image003.jpg,14,SYLVILAGUS_SP
0_0_SYLVILAGUS_SP_video_IMG_0330_image004.jpg,14,SYLVILAGUS_SP
0_0_SYLVILAGUS_SP_video_IMG_0330_image005.jpg,14,SYLVILAGUS_SP
0_0_SYLVILAGUS_SP_video_IMG_0338_image001.jpg,14,SYLVILAGUS_SP
0_0_SYLVILAGUS_SP_video_IMG_0338_image002.jpg,14,SYLVILAGUS_SP
0_0_SYLVILAGUS_SP_video_IMG_0338_image003.jpg,14,SYLVILAGUS_SP
0_0_SYLVILAGUS_SP_video_IMG_0338_image004.jpg,14,SYLVILAGUS_SP
0_0_SYLVILAGUS_SP_video_IMG_0338_image005.jpg,14,SYLVILAGUS_SP
0_0_SYLVILAGUS_SP_video_IMG_0338_image006.jpg,14,SYLVILAGUS_SP
0_0_SYLVILAGUS_SP_video_IMG_0338_image007.jpg,14,SYLVILAGUS_SP
0_0_SYLVILAGUS_SP_video_IMG_0338_image008.jpg,14,SYLVILAGUS_SP
0_0_SYLVILAGUS_SP_video_IMG_0338_image009.jpg,14,SYLVILAGUS_SP
0_0_SYLVILAGUS_SP_video_IMG_0338_image010.jpg,14,SYLVILAGUS_SP
0_0_SYLVILAGUS_SP_video_IMG_0339_image001.jpg,14,SYLVILAGUS_SP
0_0_SYLVILAGUS_SP_video_IMG_0339_image002.jpg,14,SYLVILAGUS_SP
0_0_SYLVILAGUS_SP_video_IMG_0339_image003.jpg,14,SYLVILAGUS_SP
0_0_SYLVILAGUS_SP_video_IMG_0339_image004.jpg,14,SYLVILAGUS_SP
0_0_SYLVILAGUS_SP_video_IMG_0339_image005.jpg,14,SYLVILAGUS_SP
0_0_SYLVILAGUS_SP_video_IMG_0339_image006.jpg,14,SYLVILAGUS_SP
0_0_SYLVILAGUS_SP_video_IMG_0339_image007.jpg,14,SYLVILAGUS_SP
0_0_SYLVILAGUS_SP_video_IMG_0339_image008.jpg,14,SYLVILAGUS_SP
0_0_SYLVILAGUS_SP_video_IMG_0339_image009.jpg,14,SYLVILAGUS_SP
0_0_SYLVILAGUS_SP_video_IMG_0339_image010.jpg,14,SYLVILAGUS_SP
0_0_SYLVILAGUS_SP_video_IMG_0341_image001.jpg,14,SYLVILAGUS_SP
0_0_SYLVILAGUS_SP_video_IMG_0341_image002.jpg,14,SYLVILAGUS_SP
0_0_SYLVILAGUS_SP_video_IMG_0341_image003.jpg,14,SYLVILAGUS_SP
0_0_SYLVILAGUS_SP_video_IMG_0341_image004.jpg,14,SYLVILAGUS_SP
0_0_SYLVILAGUS_SP_video_IMG_0341_image005.jpg,14,SYLVILAGUS_SP
0_0_SYLVILAGUS_SP_video_IMG_0341_image006.jpg,14,SYLVILAGUS_SP
0_0_SYLVILAGUS_SP_video_IMG_0343_image001.jpg,14,SYLVILAGUS_SP
0_0_SYLVILAGUS_SP_video_IMG_0343_image002.jpg,14,SYLVILAGUS_SP
0_0_SYLVILAGUS_SP_video_IMG_0343_image003.jpg,14,SYLVILAGUS_SP
0_0_SYLVILAGUS_SP_video_IMG_0343_image004.jpg,14,SYLVILAGUS_SP
0_0_SYLVILAGUS_SP_video_IMG_0343_image005.jpg,14,SYLVILAGUS_SP
0_0_SYLVILAGUS_SP_video_IMG_0343_image006.jpg,14,SYLVILAGUS_SP
0_0_SYLVILAGUS_SP_video_IMG_0343_image007.jpg,14,SYLVILAGUS_SP
0_0_SYLVILAGUS_SP_video_IMG_0343_image008.jpg,14,SYLVILAGUS_SP
0_0_SYLVILAGUS_SP_video_IMG_0343_image009.jpg,14,SYLVILAGUS_SP
0_0_SYLVILAGUS_SP_video_IMG_0343_image010.jpg,14,SYLVILAGUS_SP
0_0_SYLVILAGUS_SP_video_IMG_0349_image001.jpg,14,SYLVILAGUS_SP
0_0_SYLVILAGUS_SP_video_IMG_0353_image001.jpg,14,SYLVILAGUS_SP
0_0_SYLVILAGUS_SP_video_IMG_0353_image002.jpg,14,SYLVILAGUS_SP
0_0_SYLVILAGUS_SP_video_IMG_0353_image003.jpg,14,SYLVILAGUS_SP
0_0_SYLVILAGUS_SP_video_IMG_0353_image004.jpg,14,SYLVILAGUS_SP
0_0_SYLVILAGUS_SP_video_IMG_0353_image005.jpg,14,SYLVILAGUS_SP
0_0_SYLVILAGUS_SP_video_IMG_0353_image006.jpg,14,SYLVILAGUS_SP
0_0_SYLVILAGUS_SP_video_IMG_0353_image007.jpg,14,SYLVILAGUS_SP
0_0_SYLVILAGUS_SP_video_IMG_0353_image008.jpg,14,SYLVILAGUS_SP
0_0_SYLVILAGUS_SP_video_IMG_0353_image009.jpg,14,SYLVILAGUS_SP
0_0_SYLVILAGUS_SP_video_IMG_0353_image010.jpg,14,SYLVILAGUS_SP
0_0_SYLVILAGUS_SP_video_IMG_0356_image001.jpg,14,SYLVILAGUS_SP
0_0_SYLVILAGUS_SP_video_IMG_0356_image002.jpg,14,SYLVILAGUS_SP
0_0_SYLVILAGUS_SP_video_IMG_0356_image003.jpg,14,SYLVILAGUS_SP
0_0_SYLVILAGUS_SP_video_IMG_0356_image004.jpg,14,SYLVILAGUS_SP
0_0_SYLVILAGUS_SP_video_IMG_0356_image007.jpg,14,SYLVILAGUS_SP
0_0_SYLVILAGUS_SP_video_IMG_0357_image001.jpg,14,SYLVILAGUS_SP
0_0_SYLVILAGUS_SP_video_IMG_0357_image002.jpg,14,SYLVILAGUS_SP
0_0_SYLVILAGUS_SP_video_IMG_0357_image003.jpg,14,SYLVILAGUS_SP
0_0_SYLVILAGUS_SP_video_IMG_0357_image004.jpg,14,SYLVILAGUS_SP
0_0_SYLVILAGUS_SP_video_IMG_0357_image005.jpg,14,SYLVILAGUS_SP
0_0_SYLVILAGUS_SP_video_IMG_0357_image006.jpg,14,SYLVILAGUS_SP
0_0_SYLVILAGUS_SP_video_IMG_0357_image007.jpg,14,SYLVILAGUS_SP
0_0_SYLVILAGUS_SP_video_IMG_0357_image008.jpg,14,SYLVILAGUS_SP
0_0_SYLVILAGUS_SP_video_IMG_0357_image009.jpg,14,SYLVILAGUS_SP
0_0_SYLVILAGUS_SP_video_IMG_0357_image010.jpg,14,SYLVILAGUS_SP
0_0_SYLVILAGUS_SP_video_IMG_0362_image001.jpg,14,SYLVILAGUS_SP
0_0_SYLVILAGUS_SP_video_IMG_0362_image002.jpg,14,SYLVILAGUS_SP
0_0_SYLVILAGUS_SP_video_IMG_0362_image003.jpg,14,SYLVILAGUS_SP
0_0_SYLVILAGUS_SP_video_IMG_0362_image005.jpg,14,SYLVILAGUS_SP
0_0_SYLVILAGUS_SP_video_IMG_0362_image006.jpg,14,SYLVILAGUS_SP
0_0_SYLVILAGUS_SP_video_IMG_0362_image007.jpg,14,SYLVILAGUS_SP
0_0_SYLVILAGUS_SP_video_IMG_0362_image008.jpg,14,SYLVILAGUS_SP
0_0_SYLVILAGUS_SP_video_IMG_0362_image009.jpg,14,SYLVILAGUS_SP
0_0_SYLVILAGUS_SP_video_IMG_0362_image010.jpg,14,SYLVILAGUS_SP
0_0_SYLVILAGUS_SP_video_IMG_0371_image001.jpg,14,SYLVILAGUS_SP
0_0_SYLVILAGUS_SP_video_IMG_0371_image002.jpg,14,SYLVILAGUS_SP
0_0_SYLVILAGUS_SP_video_IMG_0371_image003.jpg,14,SYLVILAGUS_SP
0_0_SYLVILAGUS_SP_video_IMG_0371_image004.jpg,14,SYLVILAGUS_SP
0_0_SYLVILAGUS_SP_video_IMG_0371_image005.jpg,14,SYLVILAGUS_SP
0_0_SYLVILAGUS_SP_video_IMG_0371_image006.jpg,14,SYLVILAGUS_SP
0_0_SYLVILAGUS_SP_video_IMG_0371_image007.jpg,14,SYLVILAGUS_SP
0_0_SYLVILAGUS_SP_video_IMG_0371_image008.jpg,14,SYLVILAGUS_SP
0_0_SYLVILAGUS_SP_video_IMG_0371_image009.jpg,14,SYLVILAGUS_SP
0_0_SYLVILAGUS_SP_video_IMG_0371_image010.jpg,14,SYLVILAGUS_SP
0_0_SYLVILAGUS_SP_video_IMG_0372_image001.jpg,14,SYLVILAGUS_SP
0_0_SYLVILAGUS_SP_video_IMG_0372_image002.jpg,14,SYLVILAGUS_SP
0_0_SYLVILAGUS_SP_video_IMG_0372_image003.jpg,14,SYLVILAGUS_SP
0_0_SYLVILAGUS_SP_video_IMG_0372_image004.jpg,14,SYLVILAGUS_SP
0_0_SYLVILAGUS_SP_video_IMG_0372_image005.jpg,14,SYLVILAGUS_SP
0_0_SYLVILAGUS_SP_video_IMG_0372_image006.jpg,14,SYLVILAGUS_SP
0_0_SYLVILAGUS_SP_video_IMG_0372_image007.jpg,14,SYLVILAGUS_SP
0_0_SYLVILAGUS_SP_video_IMG_0372_image008.jpg,14,SYLVILAGUS_SP
0_0_SYLVILAGUS_SP_video_IMG_0372_image009.jpg,14,SYLVILAGUS_SP
0_0_SYLVILAGUS_SP_video_IMG_0372_image010.jpg,14,SYLVILAGUS_SP
0_0_SYLVILAGUS_SP_video_IMG_0373_image001.jpg,14,SYLVILAGUS_SP
0_0_SYLVILAGUS_SP_video_IMG_0373_image002.jpg,14,SYLVILAGUS_SP
0_0_SYLVILAGUS_SP_video_IMG_0373_image003.jpg,14,SYLVILAGUS_SP
0_0_SYLVILAGUS_SP_video_IMG_0373_image004.jpg,14,SYLVILAGUS_SP
0_0_SYLVILAGUS_SP_video_IMG_0373_image005.jpg,14,SYLVILAGUS_SP
0_0_SYLVILAGUS_SP_video_IMG_0373_image006.jpg,14,SYLVILAGUS_SP
0_0_SYLVILAGUS_SP_video_IMG_0373_image007.jpg,14,SYLVILAGUS_SP
0_0_SYLVILAGUS_SP_video_IMG_0373_image008.jpg,14,SYLVILAGUS_SP
0_0_SYLVILAGUS_SP_video_IMG_0373_image009.jpg,14,SYLVILAGUS_SP
0_0_SYLVILAGUS_SP_video_IMG_0373_image010.jpg,14,SYLVILAGUS_SP
0_0_SYLVILAGUS_SP_video_IMG_0375_image001.jpg,14,SYLVILAGUS_SP
0_0_SYLVILAGUS_SP_video_IMG_0391_image001.jpg,14,SYLVILAGUS_SP
0_0_SYLVILAGUS_SP_video_IMG_0391_image002.jpg,14,SYLVILAGUS_SP
0_0_SYLVILAGUS_SP_video_IMG_0391_image003.jpg,14,SYLVILAGUS_SP
0_0_SYLVILAGUS_SP_video_IMG_0391_image004.jpg,14,SYLVILAGUS_SP
0_0_SYLVILAGUS_SP_video_IMG_0391_image005.jpg,14,SYLVILAGUS_SP
0_0_SYLVILAGUS_SP_video_IMG_0391_image006.jpg,14,SYLVILAGUS_SP
0_0_SYLVILAGUS_SP_video_IMG_0391_image007.jpg,14,SYLVILAGUS_SP
0_0_SYLVILAGUS_SP_video_IMG_0391_image008.jpg,14,SYLVILAGUS_SP
0_1_SYLVILAGUS_SP_video_IMG_0391_image008.jpg,14,SYLVILAGUS_SP
0_0_SYLVILAGUS_SP_video_IMG_0391_image009.jpg,14,SYLVILAGUS_SP
0_0_SYLVILAGUS_SP_video_IMG_0391_image010.jpg,14,SYLVILAGUS_SP
0_0_SYLVILAGUS_SP_video_IMG_0400_image001.jpg,14,SYLVILAGUS_SP
0_0_SYLVILAGUS_SP_video_IMG_0400_image002.jpg,14,SYLVILAGUS_SP
0_0_SYLVILAGUS_SP_video_IMG_0400_image003.jpg,14,SYLVILAGUS_SP
0_0_SYLVILAGUS_SP_video_IMG_0400_image004.jpg,14,SYLVILAGUS_SP
0_0_SYLVILAGUS_SP_video_IMG_0400_image005.jpg,14,SYLVILAGUS_SP
0_0_SYLVILAGUS_SP_video_IMG_0400_image006.jpg,14,SYLVILAGUS_SP
0_0_SYLVILAGUS_SP_video_IMG_0400_image007.jpg,14,SYLVILAGUS_SP
0_0_SYLVILAGUS_SP_video_IMG_0400_image008.jpg,14,SYLVILAGUS_SP
0_0_SYLVILAGUS_SP_video_IMG_0400_image009.jpg,14,SYLVILAGUS_SP
0_0_SYLVILAGUS_SP_video_IMG_0400_image010.jpg,14,SYLVILAGUS_SP
0_0_SYLVILAGUS_SP_video_IMG_0401_image001.jpg,14,SYLVILAGUS_SP
0_0_SYLVILAGUS_SP_video_IMG_0401_image002.jpg,14,SYLVILAGUS_SP
0_0_SYLVILAGUS_SP_video_IMG_0401_image003.jpg,14,SYLVILAGUS_SP
0_0_SYLVILAGUS_SP_video_IMG_0401_image004.jpg,14,SYLVILAGUS_SP
0_0_SYLVILAGUS_SP_video_IMG_0401_image005.jpg,14,SYLVILAGUS_SP
0_0_SYLVILAGUS_SP_video_IMG_0401_image006.jpg,14,SYLVILAGUS_SP
0_0_SYLVILAGUS_SP_video_IMG_0407_image005.jpg,14,SYLVILAGUS_SP
0_0_SYLVILAGUS_SP_video_IMG_0407_image006.jpg,14,SYLVILAGUS_SP
0_0_SYLVILAGUS_SP_video_IMG_0407_image007.jpg,14,SYLVILAGUS_SP
0_0_SYLVILAGUS_SP_video_IMG_0407_image008.jpg,14,SYLVILAGUS_SP
0_0_SYLVILAGUS_SP_video_IMG_0407_image009.jpg,14,SYLVILAGUS_SP
0_0_SYLVILAGUS_SP_video_IMG_0407_image010.jpg,14,SYLVILAGUS_SP
0_0_SYLVILAGUS_SP_video_IMG_0408_image001.jpg,14,SYLVILAGUS_SP
0_0_SYLVILAGUS_SP_video_IMG_0408_image002.jpg,14,SYLVILAGUS_SP
0_0_SYLVILAGUS_SP_video_IMG_0408_image003.jpg,14,SYLVILAGUS_SP
0_0_SYLVILAGUS_SP_video_IMG_0408_image004.jpg,14,SYLVILAGUS_SP
0_0_SYLVILAGUS_SP_video_IMG_0408_image005.jpg,14,SYLVILAGUS_SP
0_0_SYLVILAGUS_SP_video_IMG_0408_image006.jpg,14,SYLVILAGUS_SP
0_1_SYLVILAGUS_SP_video_IMG_0408_image006.jpg,14,SYLVILAGUS_SP
0_0_SYLVILAGUS_SP_video_IMG_0408_image007.jpg,14,SYLVILAGUS_SP
0_0_SYLVILAGUS_SP_video_IMG_0408_image008.jpg,14,SYLVILAGUS_SP
0_1_SYLVILAGUS_SP_video_IMG_0408_image008.jpg,14,SYLVILAGUS_SP
0_0_SYLVILAGUS_SP_video_IMG_0408_image009.jpg,14,SYLVILAGUS_SP
0_1_SYLVILAGUS_SP_video_IMG_0408_image009.jpg,14,SYLVILAGUS_SP
0_0_SYLVILAGUS_SP_video_IMG_0408_image010.jpg,14,SYLVILAGUS_SP
0_1_SYLVILAGUS_SP_video_IMG_0408_image010.jpg,14,SYLVILAGUS_SP
0_0_SYLVILAGUS_SP_video_IMG_0409_image001.jpg,14,SYLVILAGUS_SP
0_0_SYLVILAGUS_SP_video_IMG_0409_image002.jpg,14,SYLVILAGUS_SP
0_0_SYLVILAGUS_SP_video_IMG_0409_image003.jpg,14,SYLVILAGUS_SP
0_1_SYLVILAGUS_SP_video_IMG_0409_image003.jpg,14,SYLVILAGUS_SP
0_0_SYLVILAGUS_SP_video_IMG_0409_image004.jpg,14,SYLVILAGUS_SP
0_0_SYLVILAGUS_SP_video_IMG_0409_image005.jpg,14,SYLVILAGUS_SP
0_0_SYLVILAGUS_SP_video_IMG_0409_image006.jpg,14,SYLVILAGUS_SP
0_0_SYLVILAGUS_SP_video_IMG_0409_image007.jpg,14,SYLVILAGUS_SP
0_0_SYLVILAGUS_SP_video_IMG_0409_image008.jpg,14,SYLVILAGUS_SP
0_0_SYLVILAGUS_SP_video_IMG_0409_image009.jpg,14,SYLVILAGUS_SP
0_0_SYLVILAGUS_SP_video_IMG_0409_image010.jpg,14,SYLVILAGUS_SP
0_0_SYLVILAGUS_SP_video_IMG_0410_image004.jpg,14,SYLVILAGUS_SP
0_0_SYLVILAGUS_SP_video_IMG_0410_image006.jpg,14,SYLVILAGUS_SP
0_0_SYLVILAGUS_SP_video_IMG_0410_image010.jpg,14,SYLVILAGUS_SP
0_0_SYLVILAGUS_SP_video_IMG_0423_image001.jpg,14,SYLVILAGUS_SP
0_0_SYLVILAGUS_SP_video_IMG_0423_image002.jpg,14,SYLVILAGUS_SP
0_0_SYLVILAGUS_SP_video_IMG_0423_image003.jpg,14,SYLVILAGUS_SP
0_1_SYLVILAGUS_SP_video_IMG_0423_image003.jpg,14,SYLVILAGUS_SP
0_0_SYLVILAGUS_SP_video_IMG_0423_image004.jpg,14,SYLVILAGUS_SP
0_0_SYLVILAGUS_SP_video_IMG_0423_image005.jpg,14,SYLVILAGUS_SP
0_0_SYLVILAGUS_SP_video_IMG_0423_image006.jpg,14,SYLVILAGUS_SP
0_0_SYLVILAGUS_SP_video_IMG_0423_image007.jpg,14,SYLVILAGUS_SP
0_0_SYLVILAGUS_SP_video_IMG_0423_image008.jpg,14,SYLVILAGUS_SP
0_0_SYLVILAGUS_SP_video_IMG_0423_image010.jpg,14,SYLVILAGUS_SP
0_0_SYLVILAGUS_SP_video_IMG_0427_image001.jpg,14,SYLVILAGUS_SP
0_0_SYLVILAGUS_SP_video_IMG_0427_image002.jpg,14,SYLVILAGUS_SP
0_0_SYLVILAGUS_SP_video_IMG_0427_image003.jpg,14,SYLVILAGUS_SP
0_0_SYLVILAGUS_SP_video_IMG_0427_image004.jpg,14,SYLVILAGUS_SP
0_0_SYLVILAGUS_SP_video_IMG_0427_image005.jpg,14,SYLVILAGUS_SP
0_0_SYLVILAGUS_SP_video_IMG_0427_image006.jpg,14,SYLVILAGUS_SP
0_0_SYLVILAGUS_SP_video_IMG_0427_image007.jpg,14,SYLVILAGUS_SP
0_0_SYLVILAGUS_SP_video_IMG_0429_image001.jpg,14,SYLVILAGUS_SP
0_0_SYLVILAGUS_SP_video_IMG_0429_image002.jpg,14,SYLVILAGUS_SP
0_0_SYLVILAGUS_SP_video_IMG_0429_image003.jpg,14,SYLVILAGUS_SP
0_0_SYLVILAGUS_SP_video_IMG_0429_image004.jpg,14,SYLVILAGUS_SP
0_0_SYLVILAGUS_SP_video_IMG_0429_image005.jpg,14,SYLVILAGUS_SP
0_0_SYLVILAGUS_SP_video_IMG_0429_image006.jpg,14,SYLVILAGUS_SP
0_0_SYLVILAGUS_SP_video_IMG_0429_image007.jpg,14,SYLVILAGUS_SP
0_0_SYLVILAGUS_SP_video_IMG_0429_image008.jpg,14,SYLVILAGUS_SP
0_0_SYLVILAGUS_SP_video_IMG_0429_image009.jpg,14,SYLVILAGUS_SP
0_0_SYLVILAGUS_SP_video_IMG_0429_image010.jpg,14,SYLVILAGUS_SP
0_0_SYLVILAGUS_SP_video_IMG_0435_image001.jpg,14,SYLVILAGUS_SP
0_0_SYLVILAGUS_SP_video_IMG_0435_image002.jpg,14,SYLVILAGUS_SP
0_0_SYLVILAGUS_SP_video_IMG_0435_image003.jpg,14,SYLVILAGUS_SP
0_0_SYLVILAGUS_SP_video_IMG_0435_image004.jpg,14,SYLVILAGUS_SP
0_0_SYLVILAGUS_SP_video_IMG_0435_image005.jpg,14,SYLVILAGUS_SP
0_0_SYLVILAGUS_SP_video_IMG_0435_image006.jpg,14,SYLVILAGUS_SP
0_0_SYLVILAGUS_SP_video_IMG_0435_image007.jpg,14,SYLVILAGUS_SP
0_0_SYLVILAGUS_SP_video_IMG_0435_image008.jpg,14,SYLVILAGUS_SP
0_0_SYLVILAGUS_SP_video_IMG_0435_image009.jpg,14,SYLVILAGUS_SP
0_0_SYLVILAGUS_SP_video_IMG_0435_image010.jpg,14,SYLVILAGUS_SP
0_0_SYLVILAGUS_SP_video_IMG_0437_image001.jpg,14,SYLVILAGUS_SP
0_0_SYLVILAGUS_SP_video_IMG_0437_image002.jpg,14,SYLVILAGUS_SP
0_0_SYLVILAGUS_SP_video_IMG_0437_image003.jpg,14,SYLVILAGUS_SP
0_0_SYLVILAGUS_SP_video_IMG_0437_image004.jpg,14,SYLVILAGUS_SP
0_0_SYLVILAGUS_SP_video_IMG_0437_image005.jpg,14,SYLVILAGUS_SP
0_0_SYLVILAGUS_SP_video_IMG_0437_image006.jpg,14,SYLVILAGUS_SP
0_0_SYLVILAGUS_SP_video_IMG_0437_image007.jpg,14,SYLVILAGUS_SP
0_0_SYLVILAGUS_SP_video_IMG_0437_image008.jpg,14,SYLVILAGUS_SP
0_0_SYLVILAGUS_SP_video_IMG_0437_image009.jpg,14,SYLVILAGUS_SP
0_0_SYLVILAGUS_SP_video_IMG_0437_image010.jpg,14,SYLVILAGUS_SP
0_0_SYLVILAGUS_SP_video_IMG_0443_image001.jpg,14,SYLVILAGUS_SP
0_0_SYLVILAGUS_SP_video_IMG_0443_image002.jpg,14,SYLVILAGUS_SP
0_0_SYLVILAGUS_SP_video_IMG_0443_image003.jpg,14,SYLVILAGUS_SP
0_0_SYLVILAGUS_SP_video_IMG_0443_image004.jpg,14,SYLVILAGUS_SP
0_1_SYLVILAGUS_SP_video_IMG_0443_image004.jpg,14,SYLVILAGUS_SP
0_0_SYLVILAGUS_SP_video_IMG_0443_image005.jpg,14,SYLVILAGUS_SP
0_0_SYLVILAGUS_SP_video_IMG_0443_image006.jpg,14,SYLVILAGUS_SP
0_1_SYLVILAGUS_SP_video_IMG_0443_image006.jpg,14,SYLVILAGUS_SP
0_0_SYLVILAGUS_SP_video_IMG_0443_image007.jpg,14,SYLVILAGUS_SP
0_1_SYLVILAGUS_SP_video_IMG_0443_image007.jpg,14,SYLVILAGUS_SP
0_0_SYLVILAGUS_SP_video_IMG_0443_image009.jpg,14,SYLVILAGUS_SP
0_0_SYLVILAGUS_SP_video_IMG_0445_image001.jpg,14,SYLVILAGUS_SP
0_0_SYLVILAGUS_SP_video_IMG_0445_image002.jpg,14,SYLVILAGUS_SP
0_0_SYLVILAGUS_SP_video_IMG_0445_image003.jpg,14,SYLVILAGUS_SP
0_0_SYLVILAGUS_SP_video_IMG_0445_image004.jpg,14,SYLVILAGUS_SP
0_0_SYLVILAGUS_SP_video_IMG_0445_image005.jpg,14,SYLVILAGUS_SP
0_0_SYLVILAGUS_SP_video_IMG_0445_image006.jpg,14,SYLVILAGUS_SP
0_0_SYLVILAGUS_SP_video_IMG_0445_image007.jpg,14,SYLVILAGUS_SP
0_0_SYLVILAGUS_SP_video_IMG_0445_image008.jpg,14,SYLVILAGUS_SP
0_0_SYLVILAGUS_SP_video_IMG_0445_image009.jpg,14,SYLVILAGUS_SP
0_1_SYLVILAGUS_SP_video_IMG_0445_image009.jpg,14,SYLVILAGUS_SP
0_0_SYLVILAGUS_SP_video_IMG_0445_image010.jpg,14,SYLVILAGUS_SP
0_0_SYLVILAGUS_SP_video_IMG_0489_image001.jpg,14,SYLVILAGUS_SP
0_0_SYLVILAGUS_SP_video_IMG_0489_image002.jpg,14,SYLVILAGUS_SP
0_0_SYLVILAGUS_SP_video_IMG_0489_image003.jpg,14,SYLVILAGUS_SP
0_1_SYLVILAGUS_SP_video_IMG_0489_image003.jpg,14,SYLVILAGUS_SP
0_0_SYLVILAGUS_SP_video_IMG_0489_image004.jpg,14,SYLVILAGUS_SP
0_0_SYLVILAGUS_SP_video_IMG_0489_image005.jpg,14,SYLVILAGUS_SP
0_0_SYLVILAGUS_SP_video_IMG_0489_image006.jpg,14,SYLVILAGUS_SP
0_0_SYLVILAGUS_SP_video_IMG_0489_image007.jpg,14,SYLVILAGUS_SP
0_1_SYLVILAGUS_SP_video_IMG_0489_image007.jpg,14,SYLVILAGUS_SP
0_0_SYLVILAGUS_SP_video_IMG_0489_image008.jpg,14,SYLVILAGUS_SP
0_0_SYLVILAGUS_SP_video_IMG_0489_image009.jpg,14,SYLVILAGUS_SP
0_0_SYLVILAGUS_SP_video_IMG_0490_image001.jpg,14,SYLVILAGUS_SP
0_0_SYLVILAGUS_SP_video_IMG_0490_image003.jpg,14,SYLVILAGUS_SP
0_0_SYLVILAGUS_SP_video_IMG_0490_image004.jpg,14,SYLVILAGUS_SP
0_0_SYLVILAGUS_SP_video_IMG_0493_image001.jpg,14,SYLVILAGUS_SP
0_0_SYLVILAGUS_SP_video_IMG_0493_image002.jpg,14,SYLVILAGUS_SP
0_0_SYLVILAGUS_SP_video_IMG_0493_image003.jpg,14,SYLVILAGUS_SP
0_0_SYLVILAGUS_SP_video_IMG_0493_image004.jpg,14,SYLVILAGUS_SP
0_0_SYLVILAGUS_SP_video_IMG_0493_image005.jpg,14,SYLVILAGUS_SP
0_0_SYLVILAGUS_SP_video_IMG_0494_image001.jpg,14,SYLVILAGUS_SP
0_0_SYLVILAGUS_SP_video_IMG_0494_image002.jpg,14,SYLVILAGUS_SP
0_1_SYLVILAGUS_SP_video_IMG_0494_image002.jpg,14,SYLVILAGUS_SP
0_0_SYLVILAGUS_SP_video_IMG_0494_image003.jpg,14,SYLVILAGUS_SP
0_0_SYLVILAGUS_SP_video_IMG_0494_image004.jpg,14,SYLVILAGUS_SP
0_0_SYLVILAGUS_SP_video_IMG_0494_image005.jpg,14,SYLVILAGUS_SP
0_0_SYLVILAGUS_SP_video_IMG_0494_image006.jpg,14,SYLVILAGUS_SP
0_0_SYLVILAGUS_SP_video_IMG_0494_image008.jpg,14,SYLVILAGUS_SP
0_0_SYLVILAGUS_SP_video_IMG_0498_image001.jpg,14,SYLVILAGUS_SP
0_0_SYLVILAGUS_SP_video_IMG_0498_image002.jpg,14,SYLVILAGUS_SP
0_0_SYLVILAGUS_SP_video_IMG_0499_image001.jpg,14,SYLVILAGUS_SP
0_0_SYLVILAGUS_SP_video_IMG_0499_image002.jpg,14,SYLVILAGUS_SP
0_0_SYLVILAGUS_SP_video_IMG_0528_image001.jpg,14,SYLVILAGUS_SP
0_0_SYLVILAGUS_SP_video_IMG_0528_image002.jpg,14,SYLVILAGUS_SP
0_0_SYLVILAGUS_SP_video_IMG_0528_image003.jpg,14,SYLVILAGUS_SP
0_0_SYLVILAGUS_SP_video_IMG_0528_image004.jpg,14,SYLVILAGUS_SP
0_0_SYLVILAGUS_SP_video_IMG_0528_image005.jpg,14,SYLVILAGUS_SP
0_0_SYLVILAGUS_SP_video_IMG_0528_image006.jpg,14,SYLVILAGUS_SP
0_0_SYLVILAGUS_SP_video_IMG_0528_image007.jpg,14,SYLVILAGUS_SP
0_0_SYLVILAGUS_SP_video_IMG_0528_image008.jpg,14,SYLVILAGUS_SP
0_0_SYLVILAGUS_SP_video_IMG_0528_image009.jpg,14,SYLVILAGUS_SP
0_1_SYLVILAGUS_SP_video_IMG_0528_image009.jpg,14,SYLVILAGUS_SP
0_0_SYLVILAGUS_SP_video_IMG_0528_image010.jpg,14,SYLVILAGUS_SP
0_0_SYLVILAGUS_SP_video_IMG_0529_image001.jpg,14,SYLVILAGUS_SP
0_0_SYLVILAGUS_SP_video_IMG_0529_image002.jpg,14,SYLVILAGUS_SP
0_0_SYLVILAGUS_SP_video_IMG_0529_image003.jpg,14,SYLVILAGUS_SP
0_0_SYLVILAGUS_SP_video_IMG_0529_image004.jpg,14,SYLVILAGUS_SP
0_0_SYLVILAGUS_SP_video_IMG_0529_image005.jpg,14,SYLVILAGUS_SP
0_0_SYLVILAGUS_SP_video_IMG_0529_image006.jpg,14,SYLVILAGUS_SP
0_0_SYLVILAGUS_SP_video_IMG_0529_image007.jpg,14,SYLVILAGUS_SP
0_0_SYLVILAGUS_SP_video_IMG_0529_image008.jpg,14,SYLVILAGUS_SP
0_0_SYLVILAGUS_SP_video_IMG_0529_image009.jpg,14,SYLVILAGUS_SP
0_0_SYLVILAGUS_SP_video_IMG_0529_image010.jpg,14,SYLVILAGUS_SP
0_0_SYLVILAGUS_SP_video_MFDC3330_image001.jpg,14,SYLVILAGUS_SP
0_0_SYLVILAGUS_SP_video_MFDC3330_image002.jpg,14,SYLVILAGUS_SP
0_0_SYLVILAGUS_SP_video_MFDC3330_image003.jpg,14,SYLVILAGUS_SP
0_0_SYLVILAGUS_SP_video_MFDC3330_image004.jpg,14,SYLVILAGUS_SP
0_0_SYLVILAGUS_SP_video_MFDC3330_image005.jpg,14,SYLVILAGUS_SP
0_0_SYLVILAGUS_SP_video_MFDC3330_image006.jpg,14,SYLVILAGUS_SP
0_0_SYLVILAGUS_SP_video_MFDC3330_image007.jpg,14,SYLVILAGUS_SP
0_0_SYLVILAGUS_SP_video_MFDC3330_image008.jpg,14,SYLVILAGUS_SP
0_0_SYLVILAGUS_SP_video_MFDC3330_image009.jpg,14,SYLVILAGUS_SP
0_0_SYLVILAGUS_SP_video_MFDC3330_image010.jpg,14,SYLVILAGUS_SP
0_0_SYLVILAGUS_SP_video_MFDC3457_image001.jpg,14,SYLVILAGUS_SP
0_0_SYLVILAGUS_SP_video_MFDC3457_image002.jpg,14,SYLVILAGUS_SP
0_0_SYLVILAGUS_SP_video_MFDC3457_image003.jpg,14,SYLVILAGUS_SP
0_0_SYLVILAGUS_SP_video_MFDC3457_image004.jpg,14,SYLVILAGUS_SP
0_0_SYLVILAGUS_SP_video_MFDC3457_image005.jpg,14,SYLVILAGUS_SP
0_0_SYLVILAGUS_SP_video_MFDC3457_image006.jpg,14,SYLVILAGUS_SP
0_0_SYLVILAGUS_SP_video_MFDC3457_image007.jpg,14,SYLVILAGUS_SP
0_0_SYLVILAGUS_SP_video_MFDC3457_image008.jpg,14,SYLVILAGUS_SP
0_0_SYLVILAGUS_SP_video_MFDC3457_image009.jpg,14,SYLVILAGUS_SP
0_0_SYLVILAGUS_SP_video_MFDC3457_image010.jpg,14,SYLVILAGUS_SP
0_0_SYLVILAGUS_SP_video_MFDC3459_image001.jpg,14,SYLVILAGUS_SP
0_0_SYLVILAGUS_SP_video_MFDC3459_image002.jpg,14,SYLVILAGUS_SP
0_0_SYLVILAGUS_SP_video_MFDC3459_image003.jpg,14,SYLVILAGUS_SP
0_0_SYLVILAGUS_SP_video_MFDC3459_image004.jpg,14,SYLVILAGUS_SP
0_0_SYLVILAGUS_SP_video_MFDC3459_image005.jpg,14,SYLVILAGUS_SP
0_0_SYLVILAGUS_SP_video_MFDC3459_image006.jpg,14,SYLVILAGUS_SP
0_0_SYLVILAGUS_SP_video_MFDC3459_image007.jpg,14,SYLVILAGUS_SP
0_0_SYLVILAGUS_SP_video_MFDC3459_image008.jpg,14,SYLVILAGUS_SP
0_0_SYLVILAGUS_SP_video_MFDC3459_image009.jpg,14,SYLVILAGUS_SP
0_0_SYLVILAGUS_SP_video_MFDC3459_image010.jpg,14,SYLVILAGUS_SP
0_0_SYLVILAGUS_SP_video_MFDC3460_image001.jpg,14,SYLVILAGUS_SP
0_0_SciurusOculatus_01.JPG,12,SCIURUS_OCOLATUS
0_0_SciurusOculatus_02.JPG,12,SCIURUS_OCOLATUS
0_0_SciurusOculatus_03.JPG,12,SCIURUS_OCOLATUS
0_1_SciurusOculatus_03.JPG,12,SCIURUS_OCOLATUS
0_0_SciurusOculatus_04.JPG,12,SCIURUS_OCOLATUS
0_0_SciurusOculatus_06.JPG,12,SCIURUS_OCOLATUS
0_0_SciurusOculatus_07.JPG,12,SCIURUS_OCOLATUS
0_1_SciurusOculatus_07.JPG,12,SCIURUS_OCOLATUS
0_0_SciurusOculatus_09.JPG,12,SCIURUS_OCOLATUS
0_0_SciurusOculatus_10.JPG,12,SCIURUS_OCOLATUS
0_1_SciurusOculatus_10.JPG,12,SCIURUS_OCOLATUS
0_0_SciurusOculatus_100.JPG,12,SCIURUS_OCOLATUS
0_0_SciurusOculatus_101.JPG,12,SCIURUS_OCOLATUS
0_0_SciurusOculatus_102.JPG,12,SCIURUS_OCOLATUS
0_0_SciurusOculatus_103.JPG,12,SCIURUS_OCOLATUS
0_0_SciurusOculatus_104.JPG,12,SCIURUS_OCOLATUS
0_0_SciurusOculatus_105.JPG,12,SCIURUS_OCOLATUS
0_0_SciurusOculatus_106.JPG,12,SCIURUS_OCOLATUS
0_0_SciurusOculatus_107.JPG,12,SCIURUS_OCOLATUS
0_1_SciurusOculatus_107.JPG,12,SCIURUS_OCOLATUS
0_2_SciurusOculatus_107.JPG,12,SCIURUS_OCOLATUS
0_0_SciurusOculatus_108.JPG,12,SCIURUS_OCOLATUS
0_0_SciurusOculatus_109.JPG,12,SCIURUS_OCOLATUS
1_0_SciurusOculatus_11.JPG,12,SCIURUS_OCOLATUS
0_0_SciurusOculatus_110.JPG,12,SCIURUS_OCOLATUS
0_0_SciurusOculatus_111.JPG,12,SCIURUS_OCOLATUS
0_0_SciurusOculatus_112.JPG,12,SCIURUS_OCOLATUS
0_0_SciurusOculatus_113.JPG,12,SCIURUS_OCOLATUS
0_0_SciurusOculatus_114.JPG,12,SCIURUS_OCOLATUS
0_0_SciurusOculatus_115.JPG,12,SCIURUS_OCOLATUS
0_0_SciurusOculatus_116.JPG,12,SCIURUS_OCOLATUS
0_0_SciurusOculatus_117.JPG,12,SCIURUS_OCOLATUS
0_0_SciurusOculatus_118.JPG,12,SCIURUS_OCOLATUS
0_0_SciurusOculatus_119.JPG,12,SCIURUS_OCOLATUS
0_0_SciurusOculatus_12.JPG,12,SCIURUS_OCOLATUS
0_0_SciurusOculatus_120.JPG,12,SCIURUS_OCOLATUS
0_0_SciurusOculatus_121.JPG,12,SCIURUS_OCOLATUS
0_0_SciurusOculatus_122.JPG,12,SCIURUS_OCOLATUS
0_1_SciurusOculatus_122.JPG,12,SCIURUS_OCOLATUS
0_0_SciurusOculatus_123.JPG,12,SCIURUS_OCOLATUS
0_0_SciurusOculatus_124.JPG,12,SCIURUS_OCOLATUS
0_0_SciurusOculatus_125.JPG,12,SCIURUS_OCOLATUS
0_0_SciurusOculatus_126.JPG,12,SCIURUS_OCOLATUS
0_0_SciurusOculatus_127.JPG,12,SCIURUS_OCOLATUS
0_0_SciurusOculatus_132.JPG,12,SCIURUS_OCOLATUS
0_0_SciurusOculatus_134.JPG,12,SCIURUS_OCOLATUS
0_0_SciurusOculatus_136.JPG,12,SCIURUS_OCOLATUS
0_0_SciurusOculatus_137.JPG,12,SCIURUS_OCOLATUS
0_0_SciurusOculatus_138.JPG,12,SCIURUS_OCOLATUS
0_0_SciurusOculatus_14.JPG,12,SCIURUS_OCOLATUS
0_0_SciurusOculatus_140.JPG,12,SCIURUS_OCOLATUS
0_1_SciurusOculatus_140.JPG,12,SCIURUS_OCOLATUS
0_0_SciurusOculatus_141.JPG,12,SCIURUS_OCOLATUS
0_1_SciurusOculatus_141.JPG,12,SCIURUS_OCOLATUS
0_0_SciurusOculatus_142.JPG,12,SCIURUS_OCOLATUS
0_1_SciurusOculatus_142.JPG,12,SCIURUS_OCOLATUS
0_0_SciurusOculatus_143.JPG,12,SCIURUS_OCOLATUS
0_0_SciurusOculatus_144.JPG,12,SCIURUS_OCOLATUS
0_1_SciurusOculatus_144.JPG,12,SCIURUS_OCOLATUS
0_0_SciurusOculatus_145.JPG,12,SCIURUS_OCOLATUS
0_0_SciurusOculatus_146.JPG,12,SCIURUS_OCOLATUS
0_0_SciurusOculatus_147.JPG,12,SCIURUS_OCOLATUS
0_0_SciurusOculatus_148.JPG,12,SCIURUS_OCOLATUS
0_0_SciurusOculatus_149.JPG,12,SCIURUS_OCOLATUS
0_0_SciurusOculatus_15.JPG,12,SCIURUS_OCOLATUS
0_0_SciurusOculatus_150.JPG,12,SCIURUS_OCOLATUS
0_1_SciurusOculatus_150.JPG,12,SCIURUS_OCOLATUS
0_0_SciurusOculatus_16.JPG,12,SCIURUS_OCOLATUS
0_1_SciurusOculatus_16.JPG,12,SCIURUS_OCOLATUS
0_0_SciurusOculatus_17.JPG,12,SCIURUS_OCOLATUS
0_0_SciurusOculatus_18.JPG,12,SCIURUS_OCOLATUS
0_1_SciurusOculatus_18.JPG,12,SCIURUS_OCOLATUS
0_0_SciurusOculatus_19.JPG,12,SCIURUS_OCOLATUS
0_1_SciurusOculatus_19.JPG,12,SCIURUS_OCOLATUS
0_2_SciurusOculatus_19.JPG,12,SCIURUS_OCOLATUS
0_0_SciurusOculatus_21.JPG,12,SCIURUS_OCOLATUS
0_0_SciurusOculatus_22.JPG,12,SCIURUS_OCOLATUS
0_1_SciurusOculatus_22.JPG,12,SCIURUS_OCOLATUS
0_0_SciurusOculatus_23.JPG,12,SCIURUS_OCOLATUS
0_1_SciurusOculatus_23.JPG,12,SCIURUS_OCOLATUS
0_0_SciurusOculatus_24.JPG,12,SCIURUS_OCOLATUS
0_1_SciurusOculatus_24.JPG,12,SCIURUS_OCOLATUS
0_0_SciurusOculatus_25.JPG,12,SCIURUS_OCOLATUS
0_0_SciurusOculatus_29.JPG,12,SCIURUS_OCOLATUS
0_0_SciurusOculatus_33.JPG,12,SCIURUS_OCOLATUS
0_0_SciurusOculatus_37.JPG,12,SCIURUS_OCOLATUS
0_0_SciurusOculatus_38.JPG,12,SCIURUS_OCOLATUS
0_0_SciurusOculatus_40.JPG,12,SCIURUS_OCOLATUS
0_0_SciurusOculatus_41.JPG,12,SCIURUS_OCOLATUS
0_1_SciurusOculatus_41.JPG,12,SCIURUS_OCOLATUS
0_0_SciurusOculatus_42.JPG,12,SCIURUS_OCOLATUS
0_0_SciurusOculatus_43.JPG,12,SCIURUS_OCOLATUS
0_0_SciurusOculatus_44.JPG,12,SCIURUS_OCOLATUS
0_0_SciurusOculatus_45.JPG,12,SCIURUS_OCOLATUS
0_0_SciurusOculatus_46.JPG,12,SCIURUS_OCOLATUS
0_0_SciurusOculatus_47.JPG,12,SCIURUS_OCOLATUS
0_0_SciurusOculatus_48.JPG,12,SCIURUS_OCOLATUS
0_1_SciurusOculatus_48.JPG,12,SCIURUS_OCOLATUS
0_0_SciurusOculatus_49.JPG,12,SCIURUS_OCOLATUS
0_0_SciurusOculatus_51.JPG,12,SCIURUS_OCOLATUS
0_0_SciurusOculatus_52.JPG,12,SCIURUS_OCOLATUS
0_0_SciurusOculatus_53.JPG,12,SCIURUS_OCOLATUS
0_0_SciurusOculatus_54.JPG,12,SCIURUS_OCOLATUS
0_0_SciurusOculatus_55.JPG,12,SCIURUS_OCOLATUS
0_1_SciurusOculatus_55.JPG,12,SCIURUS_OCOLATUS
0_0_SciurusOculatus_56.JPG,12,SCIURUS_OCOLATUS
0_0_SciurusOculatus_57.JPG,12,SCIURUS_OCOLATUS
0_0_SciurusOculatus_59.JPG,12,SCIURUS_OCOLATUS
0_0_SciurusOculatus_60.JPG,12,SCIURUS_OCOLATUS
0_0_SciurusOculatus_61.JPG,12,SCIURUS_OCOLATUS
0_0_SciurusOculatus_62.JPG,12,SCIURUS_OCOLATUS
0_0_SciurusOculatus_63.JPG,12,SCIURUS_OCOLATUS
0_0_SciurusOculatus_64.JPG,12,SCIURUS_OCOLATUS
0_0_SciurusOculatus_65.JPG,12,SCIURUS_OCOLATUS
0_0_SciurusOculatus_66.JPG,12,SCIURUS_OCOLATUS
0_0_SciurusOculatus_67.JPG,12,SCIURUS_OCOLATUS
0_0_SciurusOculatus_68.JPG,12,SCIURUS_OCOLATUS
0_0_SciurusOculatus_69.JPG,12,SCIURUS_OCOLATUS
0_0_SciurusOculatus_70.JPG,12,SCIURUS_OCOLATUS
0_0_SciurusOculatus_71.JPG,12,SCIURUS_OCOLATUS
0_0_SciurusOculatus_72.JPG,12,SCIURUS_OCOLATUS
0_0_SciurusOculatus_73.JPG,12,SCIURUS_OCOLATUS
0_0_SciurusOculatus_74.JPG,12,SCIURUS_OCOLATUS
0_0_SciurusOculatus_75.JPG,12,SCIURUS_OCOLATUS
0_0_SciurusOculatus_76.JPG,12,SCIURUS_OCOLATUS
0_0_SciurusOculatus_77.JPG,12,SCIURUS_OCOLATUS
0_0_SciurusOculatus_78.JPG,12,SCIURUS_OCOLATUS
0_0_SciurusOculatus_79.JPG,12,SCIURUS_OCOLATUS
0_0_SciurusOculatus_80.JPG,12,SCIURUS_OCOLATUS
0_0_SciurusOculatus_81.JPG,12,SCIURUS_OCOLATUS
0_0_SciurusOculatus_82.JPG,12,SCIURUS_OCOLATUS
0_0_SciurusOculatus_83.JPG,12,SCIURUS_OCOLATUS
0_0_SciurusOculatus_84.JPG,12,SCIURUS_OCOLATUS
0_1_SciurusOculatus_84.JPG,12,SCIURUS_OCOLATUS
0_0_SciurusOculatus_85.JPG,12,SCIURUS_OCOLATUS
0_0_SciurusOculatus_86.JPG,12,SCIURUS_OCOLATUS
0_0_SciurusOculatus_87.JPG,12,SCIURUS_OCOLATUS
0_0_SciurusOculatus_88.JPG,12,SCIURUS_OCOLATUS
0_0_SciurusOculatus_89.JPG,12,SCIURUS_OCOLATUS
0_1_SciurusOculatus_89.JPG,12,SCIURUS_OCOLATUS
0_0_SciurusOculatus_90.JPG,12,SCIURUS_OCOLATUS
0_0_SciurusOculatus_91.JPG,12,SCIURUS_OCOLATUS
0_0_SciurusOculatus_92.JPG,12,SCIURUS_OCOLATUS
0_0_SciurusOculatus_93.JPG,12,SCIURUS_OCOLATUS
0_0_SciurusOculatus_94.JPG,12,SCIURUS_OCOLATUS
0_0_SciurusOculatus_95.JPG,12,SCIURUS_OCOLATUS
0_0_SciurusOculatus_96.JPG,12,SCIURUS_OCOLATUS
0_0_SciurusOculatus_97.JPG,12,SCIURUS_OCOLATUS
0_0_SciurusOculatus_98.JPG,12,SCIURUS_OCOLATUS
0_0_SciurusOculatus_99.JPG,12,SCIURUS_OCOLATUS
0_0_SpilogaleGracilis_02.JPG,13,SPILOGALE_GRACILIS
0_1_SpilogaleGracilis_02.JPG,13,SPILOGALE_GRACILIS
0_0_SpilogaleGracilis_03.JPG,13,SPILOGALE_GRACILIS
0_0_SpilogaleGracilis_05.JPG,13,SPILOGALE_GRACILIS
0_0_SpilogaleGracilis_09.JPG,13,SPILOGALE_GRACILIS
0_0_SpilogaleGracilis_10.JPG,13,SPILOGALE_GRACILIS
0_0_SpilogaleGracilis_103.JPG,13,SPILOGALE_GRACILIS
0_0_SpilogaleGracilis_105.JPG,13,SPILOGALE_GRACILIS
0_1_SpilogaleGracilis_105.JPG,13,SPILOGALE_GRACILIS
0_2_SpilogaleGracilis_105.JPG,13,SPILOGALE_GRACILIS
0_0_SpilogaleGracilis_106.JPG,13,SPILOGALE_GRACILIS
0_0_SpilogaleGracilis_107.JPG,13,SPILOGALE_GRACILIS
0_0_SpilogaleGracilis_109.JPG,13,SPILOGALE_GRACILIS
0_0_SpilogaleGracilis_111.JPG,13,SPILOGALE_GRACILIS
0_0_SpilogaleGracilis_112.JPG,13,SPILOGALE_GRACILIS
0_1_SpilogaleGracilis_112.JPG,13,SPILOGALE_GRACILIS
0_0_SpilogaleGracilis_113.JPG,13,SPILOGALE_GRACILIS
0_0_SpilogaleGracilis_114.JPG,13,SPILOGALE_GRACILIS
0_0_SpilogaleGracilis_116.JPG,13,SPILOGALE_GRACILIS
0_0_SpilogaleGracilis_119.JPG,13,SPILOGALE_GRACILIS
0_0_SpilogaleGracilis_12.JPG,13,SPILOGALE_GRACILIS
0_0_SpilogaleGracilis_120.JPG,13,SPILOGALE_GRACILIS
0_1_SpilogaleGracilis_120.JPG,13,SPILOGALE_GRACILIS
0_0_SpilogaleGracilis_122.JPG,13,SPILOGALE_GRACILIS
0_0_SpilogaleGracilis_123.JPG,13,SPILOGALE_GRACILIS
0_0_SpilogaleGracilis_124.JPG,13,SPILOGALE_GRACILIS
0_0_SpilogaleGracilis_125.JPG,13,SPILOGALE_GRACILIS
0_1_SpilogaleGracilis_125.JPG,13,SPILOGALE_GRACILIS
0_0_SpilogaleGracilis_126.JPG,13,SPILOGALE_GRACILIS
0_0_SpilogaleGracilis_127.JPG,13,SPILOGALE_GRACILIS
0_0_SpilogaleGracilis_128.JPG,13,SPILOGALE_GRACILIS
0_0_SpilogaleGracilis_129.JPG,13,SPILOGALE_GRACILIS
0_0_SpilogaleGracilis_13.JPG,13,SPILOGALE_GRACILIS
0_0_SpilogaleGracilis_130.JPG,13,SPILOGALE_GRACILIS
0_1_SpilogaleGracilis_130.JPG,13,SPILOGALE_GRACILIS
0_0_SpilogaleGracilis_131.JPG,13,SPILOGALE_GRACILIS
0_0_SpilogaleGracilis_132.JPG,13,SPILOGALE_GRACILIS
0_0_SpilogaleGracilis_133.JPG,13,SPILOGALE_GRACILIS
0_0_SpilogaleGracilis_135.JPG,13,SPILOGALE_GRACILIS
0_0_SpilogaleGracilis_136.JPG,13,SPILOGALE_GRACILIS
0_0_SpilogaleGracilis_137.JPG,13,SPILOGALE_GRACILIS
0_0_SpilogaleGracilis_138.JPG,13,SPILOGALE_GRACILIS
0_1_SpilogaleGracilis_138.JPG,13,SPILOGALE_GRACILIS
0_0_SpilogaleGracilis_14.JPG,13,SPILOGALE_GRACILIS
0_0_SpilogaleGracilis_141.JPG,13,SPILOGALE_GRACILIS
1_0_SpilogaleGracilis_142.JPG,13,SPILOGALE_GRACILIS
0_1_SpilogaleGracilis_142.JPG,13,SPILOGALE_GRACILIS
0_0_SpilogaleGracilis_143.JPG,13,SPILOGALE_GRACILIS
0_0_SpilogaleGracilis_15.JPG,13,SPILOGALE_GRACILIS
0_0_SpilogaleGracilis_16.JPG,13,SPILOGALE_GRACILIS
0_0_SpilogaleGracilis_17.JPG,13,SPILOGALE_GRACILIS
0_1_SpilogaleGracilis_17.JPG,13,SPILOGALE_GRACILIS
0_0_SpilogaleGracilis_18.JPG,13,SPILOGALE_GRACILIS
0_0_SpilogaleGracilis_19.JPG,13,SPILOGALE_GRACILIS
0_0_SpilogaleGracilis_20.JPG,13,SPILOGALE_GRACILIS
0_0_SpilogaleGracilis_21.JPG,13,SPILOGALE_GRACILIS
0_0_SpilogaleGracilis_22.JPG,13,SPILOGALE_GRACILIS
0_0_SpilogaleGracilis_23.JPG,13,SPILOGALE_GRACILIS
0_0_SpilogaleGracilis_24.JPG,13,SPILOGALE_GRACILIS
0_0_SpilogaleGracilis_28.JPG,13,SPILOGALE_GRACILIS
0_0_SpilogaleGracilis_30.JPG,13,SPILOGALE_GRACILIS
0_0_SpilogaleGracilis_31.JPG,13,SPILOGALE_GRACILIS
0_0_SpilogaleGracilis_33.JPG,13,SPILOGALE_GRACILIS
0_0_SpilogaleGracilis_37.JPG,13,SPILOGALE_GRACILIS
0_0_SpilogaleGracilis_38.JPG,13,SPILOGALE_GRACILIS
0_1_SpilogaleGracilis_38.JPG,13,SPILOGALE_GRACILIS
0_0_SpilogaleGracilis_39.JPG,13,SPILOGALE_GRACILIS
0_1_SpilogaleGracilis_39.JPG,13,SPILOGALE_GRACILIS
0_0_SpilogaleGracilis_40.JPG,13,SPILOGALE_GRACILIS
0_0_SpilogaleGracilis_41.JPG,13,SPILOGALE_GRACILIS
0_0_SpilogaleGracilis_42.JPG,13,SPILOGALE_GRACILIS
0_0_SpilogaleGracilis_43.JPG,13,SPILOGALE_GRACILIS
0_1_SpilogaleGracilis_43.JPG,13,SPILOGALE_GRACILIS
0_0_SpilogaleGracilis_44.JPG,13,SPILOGALE_GRACILIS
0_0_SpilogaleGracilis_45.JPG,13,SPILOGALE_GRACILIS
0_0_SpilogaleGracilis_46.JPG,13,SPILOGALE_GRACILIS
0_0_SpilogaleGracilis_47.JPG,13,SPILOGALE_GRACILIS
0_0_SpilogaleGracilis_48.JPG,13,SPILOGALE_GRACILIS
0_0_SpilogaleGracilis_49.JPG,13,SPILOGALE_GRACILIS
0_0_SpilogaleGracilis_52.JPG,13,SPILOGALE_GRACILIS
0_0_SpilogaleGracilis_54.JPG,13,SPILOGALE_GRACILIS
0_0_SpilogaleGracilis_55.JPG,13,SPILOGALE_GRACILIS
0_0_SpilogaleGracilis_56.JPG,13,SPILOGALE_GRACILIS
0_0_SpilogaleGracilis_58.JPG,13,SPILOGALE_GRACILIS
0_0_SpilogaleGracilis_59.JPG,13,SPILOGALE_GRACILIS
0_0_SpilogaleGracilis_60.JPG,13,SPILOGALE_GRACILIS
0_0_SpilogaleGracilis_61.JPG,13,SPILOGALE_GRACILIS
0_1_SpilogaleGracilis_61.JPG,13,SPILOGALE_GRACILIS
0_0_SpilogaleGracilis_62.JPG,13,SPILOGALE_GRACILIS
0_1_SpilogaleGracilis_62.JPG,13,SPILOGALE_GRACILIS
0_0_SpilogaleGracilis_63.JPG,13,SPILOGALE_GRACILIS
0_0_SpilogaleGracilis_64.JPG,13,SPILOGALE_GRACILIS
0_0_SpilogaleGracilis_65.JPG,13,SPILOGALE_GRACILIS
0_0_SpilogaleGracilis_66.JPG,13,SPILOGALE_GRACILIS
0_0_SpilogaleGracilis_67.JPG,13,SPILOGALE_GRACILIS
0_0_SpilogaleGracilis_68.JPG,13,SPILOGALE_GRACILIS
0_1_SpilogaleGracilis_68.JPG,13,SPILOGALE_GRACILIS
0_0_SpilogaleGracilis_69.JPG,13,SPILOGALE_GRACILIS
0_0_SpilogaleGracilis_70.JPG,13,SPILOGALE_GRACILIS
0_1_SpilogaleGracilis_70.JPG,13,SPILOGALE_GRACILIS
0_0_SpilogaleGracilis_72.JPG,13,SPILOGALE_GRACILIS
0_0_SpilogaleGracilis_73.JPG,13,SPILOGALE_GRACILIS
0_0_SpilogaleGracilis_74.JPG,13,SPILOGALE_GRACILIS
0_0_SpilogaleGracilis_75.JPG,13,SPILOGALE_GRACILIS
0_0_SpilogaleGracilis_80.JPG,13,SPILOGALE_GRACILIS
0_0_SpilogaleGracilis_81.JPG,13,SPILOGALE_GRACILIS
0_1_SpilogaleGracilis_81.JPG,13,SPILOGALE_GRACILIS
0_0_SpilogaleGracilis_84.JPG,13,SPILOGALE_GRACILIS
0_0_SpilogaleGracilis_85.JPG,13,SPILOGALE_GRACILIS
0_0_SpilogaleGracilis_86.JPG,13,SPILOGALE_GRACILIS
0_0_SpilogaleGracilis_87.JPG,13,SPILOGALE_GRACILIS
0_0_SpilogaleGracilis_88.JPG,13,SPILOGALE_GRACILIS
0_0_SpilogaleGracilis_89.JPG,13,SPILOGALE_GRACILIS
0_0_SpilogaleGracilis_90.JPG,13,SPILOGALE_GRACILIS
0_0_SpilogaleGracilis_92.JPG,13,SPILOGALE_GRACILIS
0_0_SpilogaleGracilis_93.JPG,13,SPILOGALE_GRACILIS
0_0_SpilogaleGracilis_94.JPG,13,SPILOGALE_GRACILIS
0_0_SpilogaleGracilis_95.JPG,13,SPILOGALE_GRACILIS
0_0_SpilogaleGracilis_96.JPG,13,SPILOGALE_GRACILIS
0_0_SpilogaleGracilis_97.JPG,13,SPILOGALE_GRACILIS
0_0_SpilogaleGracilis_98.JPG,13,SPILOGALE_GRACILIS
0_0_SpilogaleGracilis_99.JPG,13,SPILOGALE_GRACILIS
0_1_SpilogaleGracilis_99.JPG,13,SPILOGALE_GRACILIS
