path,classification,label,Photo_Time,Location
I__00043.JPG,0,AVES,2022-07-30 15:02:29,AVES
I__00044.JPG,0,AVES,2022-07-30 19:22:17,AVES
I__00045.JPG,0,AVES,2022-07-30 19:22:17,AVES
I_00003a - copia.JPG,0,AVES,2022-08-28 14:00:56,AVES
I_00003a (2).JPG,0,AVES,2022-08-28 14:00:56,AVES
I_00003a.JPG,0,AVES,2022-08-28 14:00:56,AVES
I_00003b - copia.JPG,0,AVES,2022-08-28 14:00:56,AVES
I_00003b (2).JPG,0,AVES,2022-08-28 14:00:56,AVES
I_00003b.JPG,0,AVES,2022-08-28 14:00:56,AVES
I_00003c (2).JPG,0,AVES,2022-08-28 14:00:56,AVES
I_00003c.JPG,0,AVES,2022-08-28 14:00:56,AVES
I_00004a (2).JPG,0,AVES,2022-08-29 10:15:31,AVES
I_00004a (3).JPG,0,AVES,2022-08-29 10:15:31,AVES
I_00004a (4).JPG,0,AVES,2022-05-16 10:56:18,AVES
I_00004a.JPG,0,AVES,2022-07-03 12:29:39,AVES
I_00004b (2).JPG,0,AVES,2022-05-16 10:56:18,AVES
I_00004b.JPG,0,AVES,2022-08-29 10:15:31,AVES
I_00004c.JPG,0,AVES,2022-08-29 10:15:31,AVES
I_00005a (2).JPG,0,AVES,2022-08-29 12:24:20,AVES
I_00005a (3).JPG,0,AVES,2022-08-29 12:24:20,AVES
I_00005a (4).JPG,0,AVES,2022-05-16 11:09:10,AVES
I_00005a.JPG,0,AVES,2022-07-03 13:57:09,AVES
I_00005b - copia.JPG,0,AVES,2022-05-16 11:09:10,AVES
I_00005b (2).JPG,0,AVES,2022-05-16 11:09:10,AVES
I_00005b.JPG,0,AVES,2022-08-29 12:24:20,AVES
I_00005c.JPG,0,AVES,2022-08-29 12:24:20,AVES
I_00006a - copia.JPG,0,AVES,2022-05-16 11:14:21,AVES
I_00006a (2).JPG,0,AVES,2022-08-30 09:51:42,AVES
I_00006a (3).JPG,0,AVES,2022-05-16 11:14:21,AVES
I_00006a.JPG,0,AVES,2022-07-03 14:02:16,AVES
I_00006b - copia.JPG,0,AVES,2022-05-16 11:14:21,AVES
I_00006b (2).JPG,0,AVES,2022-05-16 11:14:21,AVES
I_00006b.JPG,0,AVES,2022-07-03 14:02:16,AVES
I_00007a - copia.JPG,0,AVES,2022-05-16 15:57:31,AVES
I_00007a (2).JPG,0,AVES,2022-08-30 18:43:59,AVES
I_00007a (3).JPG,0,AVES,2022-08-30 18:43:59,AVES
I_00007a (4).JPG,0,AVES,2022-08-30 18:43:59,AVES
I_00007a (5).JPG,0,AVES,2022-05-16 15:57:31,AVES
I_00007a.JPG,0,AVES,2022-07-03 14:07:26,AVES
I_00007b - copia.JPG,0,AVES,2022-05-16 15:57:31,AVES
I_00007b (2).JPG,0,AVES,2022-08-30 18:43:59,AVES
I_00007b (3).JPG,0,AVES,2022-08-30 18:43:59,AVES
I_00007b (4).JPG,0,AVES,2022-05-16 15:57:31,AVES
I_00007b.JPG,0,AVES,2022-07-03 14:07:26,AVES
I_00007c (2).JPG,0,AVES,2022-08-30 18:43:59,AVES
I_00007c.JPG,0,AVES,2022-08-30 18:43:59,AVES
I_00008a - copia.JPG,0,AVES,2022-05-17 15:00:52,AVES
I_00008a (2).JPG,0,AVES,2022-05-17 15:00:52,AVES
I_00008a.JPG,0,AVES,2022-09-07 12:11:57,AVES
I_00008b - copia.JPG,0,AVES,2022-05-17 15:00:52,AVES
I_00008b (2).JPG,0,AVES,2022-05-17 15:00:52,AVES
I_00008b.JPG,0,AVES,2022-09-07 12:11:57,AVES
I_00009a - copia.JPG,0,AVES,2022-05-17 16:33:29,AVES
I_00009a (2).JPG,0,AVES,2022-08-31 12:08:50,AVES
I_00009a (3).JPG,0,AVES,2022-08-31 12:08:50,AVES
I_00009a (4).JPG,0,AVES,2022-08-31 12:08:50,AVES
I_00009a (5).JPG,0,AVES,2022-05-17 16:33:29,AVES
I_00009a.JPG,0,AVES,2022-09-07 15:44:28,AVES
I_00009b (2).JPG,0,AVES,2022-08-31 12:08:50,AVES
I_00009b (3).JPG,0,AVES,2022-08-31 12:08:50,AVES
I_00009b (4).JPG,0,AVES,2022-05-17 16:33:29,AVES
I_00009b.JPG,0,AVES,2022-09-07 15:44:28,AVES
I_00009c (2).JPG,0,AVES,2022-08-31 12:08:50,AVES
I_00009c.JPG,0,AVES,2022-08-31 12:08:50,AVES
I_00010a (2).JPG,0,AVES,2022-08-31 14:44:47,AVES
I_00010a (3).JPG,0,AVES,2022-08-31 14:44:47,AVES
I_00010a (4).JPG,0,AVES,2022-05-17 16:46:54,AVES
I_00010a.JPG,0,AVES,2022-09-08 15:55:37,AVES
I_00010b (2).JPG,0,AVES,2022-08-31 14:44:47,AVES
I_00010b (3).JPG,0,AVES,2022-08-31 14:44:47,AVES
I_00010b.JPG,0,AVES,2022-09-08 15:55:37,AVES
I_00010c (2).JPG,0,AVES,2022-08-31 14:44:47,AVES
I_00010c.JPG,0,AVES,2022-08-31 14:44:47,AVES
I_00011a.JPG,0,AVES,2022-07-06 16:10:03,AVES
I_00011b.JPG,0,AVES,2022-07-06 16:10:03,AVES
I_00011c.JPG,0,AVES,2022-06-23 14:04:24,AVES
I_00012a (2).JPG,0,AVES,2022-08-31 16:04:26,AVES
I_00012a (3).JPG,0,AVES,2022-06-24 07:36:13,AVES
I_00012a.JPG,0,AVES,2022-09-09 19:16:55,AVES
I_00012b (2).JPG,0,AVES,2022-06-24 07:36:13,AVES
I_00012b.JPG,0,AVES,2022-07-06 16:16:52,AVES
I_00012c.JPG,0,AVES,2022-06-24 07:36:13,AVES
I_00013a (2).JPG,0,AVES,2022-05-18 15:31:21,AVES
I_00013a (3).JPG,0,AVES,2022-06-24 10:47:23,AVES
I_00013a.JPG,0,AVES,2022-07-06 16:21:58,AVES
I_00013b (2).JPG,0,AVES,2022-05-18 15:31:21,AVES
I_00013b (3).JPG,0,AVES,2022-06-24 10:47:23,AVES
I_00013b.JPG,0,AVES,2022-07-06 16:21:58,AVES
I_00013c.JPG,0,AVES,2022-06-24 10:47:23,AVES
I_00014a.JPG,0,AVES,2022-06-24 11:03:18,AVES
I_00014b.JPG,0,AVES,2022-06-24 11:03:18,AVES
I_00014c.JPG,0,AVES,2022-06-24 11:03:18,AVES
I_00015a (2).JPG,0,AVES,2022-05-19 08:32:29,AVES
I_00015a (3).JPG,0,AVES,2022-06-24 13:10:49,AVES
I_00015a.JPG,0,AVES,2022-09-01 10:16:22,AVES
I_00015b (2).JPG,0,AVES,2022-05-19 08:32:29,AVES
I_00015b (3).JPG,0,AVES,2022-06-24 13:10:49,AVES
I_00015b.JPG,0,AVES,2022-09-01 10:16:22,AVES
I_00015c (2).JPG,0,AVES,2022-06-24 13:10:49,AVES
I_00015c.JPG,0,AVES,2022-09-01 10:16:22,AVES
I_00016a (2).JPG,0,AVES,2022-06-25 10:26:53,AVES
I_00016a.JPG,0,AVES,2022-05-19 11:36:03,AVES
I_00016b (2).JPG,0,AVES,2022-06-25 10:26:53,AVES
I_00016b.JPG,0,AVES,2022-05-19 11:36:03,AVES
I_00016c.JPG,0,AVES,2022-06-25 10:26:53,AVES
I_00017a (2).JPG,0,AVES,2022-06-26 08:24:56,AVES
I_00017a.JPG,0,AVES,2022-05-19 11:41:04,AVES
I_00017b (2).JPG,0,AVES,2022-06-26 08:24:56,AVES
I_00017b.JPG,0,AVES,2022-05-19 11:41:04,AVES
I_00017c.JPG,0,AVES,2022-06-26 08:24:56,AVES
I_00018a (2).JPG,0,AVES,2022-05-19 11:46:55,AVES
I_00018a (3).JPG,0,AVES,2022-06-26 10:07:44,AVES
I_00018a.JPG,0,AVES,2022-09-01 14:14:10,AVES
I_00018b (2).JPG,0,AVES,2022-05-19 11:46:55,AVES
I_00018b (3).JPG,0,AVES,2022-06-26 10:07:44,AVES
I_00018b.JPG,0,AVES,2022-09-01 14:14:10,AVES
I_00018c.JPG,0,AVES,2022-06-26 10:07:44,AVES
I_00019a (2).JPG,0,AVES,2022-05-19 13:37:22,AVES
I_00019a (3).JPG,0,AVES,2022-06-26 11:12:00,AVES
I_00019a.JPG,0,AVES,2022-09-01 15:36:44,AVES
I_00019b (2).JPG,0,AVES,2022-05-19 13:37:22,AVES
I_00019b (3).JPG,0,AVES,2022-06-26 11:12:00,AVES
I_00019b.JPG,0,AVES,2022-09-01 15:36:44,AVES
I_00019c (2).JPG,0,AVES,2022-06-26 11:12:00,AVES
I_00019c.JPG,0,AVES,2022-09-01 15:36:44,AVES
I_00020a (2).JPG,0,AVES,2022-05-19 17:57:36,AVES
I_00020a (3).JPG,0,AVES,2022-06-26 11:41:40,AVES
I_00020a.JPG,0,AVES,2022-05-19 17:57:36,AVES
I_00020b (2).JPG,0,AVES,2022-06-26 11:41:40,AVES
I_00020b.JPG,0,AVES,2022-05-19 17:57:36,AVES
I_00020c.JPG,0,AVES,2022-06-26 11:41:40,AVES
I_00021a (2).JPG,0,AVES,2022-06-26 11:59:43,AVES
I_00021a.JPG,0,AVES,2022-05-20 09:37:59,AVES
I_00021b (2).JPG,0,AVES,2022-06-26 11:59:43,AVES
I_00021b.JPG,0,AVES,2022-05-20 09:37:59,AVES
I_00021c.JPG,0,AVES,2022-06-26 11:59:43,AVES
I_00022a.JPG,0,AVES,2022-06-26 18:26:52,AVES
I_00022b.JPG,0,AVES,2022-06-26 18:26:52,AVES
I_00022c.JPG,0,AVES,2022-06-26 18:26:52,AVES
I_00023a.JPG,0,AVES,2022-06-27 09:07:48,AVES
I_00023b (2).JPG,0,AVES,2022-06-27 09:07:48,AVES
I_00023b.JPG,0,AVES,2022-05-20 12:28:29,AVES
I_00023c.JPG,0,AVES,2022-06-27 09:07:48,AVES
I_00024a (2).JPG,0,AVES,2022-05-20 14:00:13,AVES
I_00024a (3).JPG,0,AVES,2022-06-27 11:11:44,AVES
I_00024a.JPG,0,AVES,2022-09-02 10:39:40,AVES
I_00024b (2).JPG,0,AVES,2022-09-02 10:39:40,AVES
I_00024b (3).JPG,0,AVES,2022-05-20 14:00:13,AVES
I_00024b (4).JPG,0,AVES,2022-06-27 11:11:44,AVES
I_00024b.JPG,0,AVES,2022-07-12 01:12:37,AVES
I_00024c (2).JPG,0,AVES,2022-06-27 11:11:44,AVES
I_00024c.JPG,0,AVES,2022-09-02 10:39:40,AVES
I_00025a (2).JPG,0,AVES,2022-06-27 11:22:44,AVES
I_00025a.JPG,0,AVES,2022-09-02 13:06:19,AVES
I_00025b (2).JPG,0,AVES,2022-06-27 11:22:44,AVES
I_00025b.JPG,0,AVES,2022-09-02 13:06:19,AVES
I_00025c (2).JPG,0,AVES,2022-06-27 11:22:44,AVES
I_00025c.JPG,0,AVES,2022-09-02 13:06:19,AVES
I_00026a (2).JPG,0,AVES,2022-06-27 11:34:56,AVES
I_00026a.JPG,0,AVES,2022-09-05 10:45:06,AVES
I_00026b (2).JPG,0,AVES,2022-06-27 11:34:56,AVES
I_00026b.JPG,0,AVES,2022-09-05 10:45:06,AVES
I_00026c (2).JPG,0,AVES,2022-06-27 11:34:56,AVES
I_00026c.JPG,0,AVES,2022-09-05 10:45:06,AVES
I_00027a.JPG,0,AVES,2022-06-27 15:05:04,AVES
I_00027b.JPG,0,AVES,2022-06-27 15:05:04,AVES
I_00027c.JPG,0,AVES,2022-06-27 15:05:04,AVES
I_00028a.JPG,0,AVES,2022-06-27 19:52:42,AVES
I_00028b.JPG,0,AVES,2022-06-27 19:52:42,AVES
I_00028c.JPG,0,AVES,2022-06-27 19:52:42,AVES
I_00029a.JPG,0,AVES,2022-06-28 13:36:30,AVES
I_00029b.JPG,0,AVES,2022-06-28 13:36:30,AVES
I_00029c.JPG,0,AVES,2022-06-28 13:36:30,AVES
I_00030a.JPG,0,AVES,2022-06-28 17:26:25,AVES
I_00030b.JPG,0,AVES,2022-06-28 17:26:25,AVES
I_00031b.JPG,0,AVES,2022-06-28 19:32:35,AVES
I_00034a.JPG,0,AVES,2022-06-30 07:26:00,AVES
I_00035a.JPG,0,AVES,2022-09-13 10:00:06,AVES
I_00035b.JPG,0,AVES,2022-09-13 10:00:06,AVES
I_00035c.JPG,0,AVES,2022-09-13 10:00:06,AVES
I_00036a (2).JPG,0,AVES,2022-07-01 07:33:56,AVES
I_00036a.JPG,0,AVES,2022-05-21 12:32:07,AVES
I_00036b (2).JPG,0,AVES,2022-05-21 12:32:07,AVES
I_00036b (3).JPG,0,AVES,2022-07-01 07:33:56,AVES
I_00036b.JPG,0,AVES,2022-07-15 12:58:34,AVES
I_00036c.JPG,0,AVES,2022-07-01 07:33:56,AVES
I_00037a (2).JPG,0,AVES,2022-07-01 10:20:50,AVES
I_00037a.JPG,0,AVES,2022-07-15 13:06:21,AVES
I_00037b (2).JPG,0,AVES,2022-07-01 10:20:50,AVES
I_00037b.JPG,0,AVES,2022-07-15 13:06:21,AVES
I_00037c.JPG,0,AVES,2022-07-01 10:20:50,AVES
I_00038a (2).JPG,0,AVES,2022-05-22 10:22:00,AVES
I_00038a (3).JPG,0,AVES,2022-07-01 13:12:31,AVES
I_00038a.JPG,0,AVES,2022-07-15 13:22:36,AVES
I_00038b.JPG,0,AVES,2022-07-15 13:22:36,AVES
I_00039a (2).JPG,0,AVES,2022-05-22 10:27:25,AVES
I_00039a.JPG,0,AVES,2022-07-15 13:28:27,AVES
I_00039b.JPG,0,AVES,2022-07-15 13:28:27,AVES
I_00040a.JPG,0,AVES,2022-07-15 13:37:56,AVES
I_00040b.JPG,0,AVES,2022-07-15 13:37:56,AVES
I_00042a.JPG,0,AVES,2022-07-16 12:48:22,AVES
I_00043a.JPG,0,AVES,2022-07-06 13:27:07,AVES
I_00043b.JPG,0,AVES,2022-07-06 13:27:07,AVES
I_00044b.JPG,0,AVES,2022-05-25 08:33:43,AVES
I_00051a.JPG,0,AVES,2022-10-02 11:46:02,AVES
I_00054a.JPG,0,AVES,2022-05-27 17:14:57,AVES
I_00054b.JPG,0,AVES,2022-05-27 17:14:57,AVES
I_00055a (2).JPG,0,AVES,2022-05-27 17:22:03,AVES
I_00055a.JPG,0,AVES,2022-10-14 13:08:45,AVES
I_00055b (2).JPG,0,AVES,2022-05-27 17:22:03,AVES
I_00055b.JPG,0,AVES,2022-10-14 13:08:45,AVES
I_00055c.JPG,0,AVES,2022-10-14 13:08:45,AVES
I_00056a (2).JPG,0,AVES,2022-10-14 16:00:51,AVES
I_00056a (3).JPG,0,AVES,2022-05-27 17:28:38,AVES
I_00056a.JPG,0,AVES,2022-07-19 18:42:09,AVES
I_00056b (2).JPG,0,AVES,2022-10-14 16:00:51,AVES
I_00056b (3).JPG,0,AVES,2022-05-27 17:28:38,AVES
I_00056b.JPG,0,AVES,2022-07-19 18:42:09,AVES
I_00056c.JPG,0,AVES,2022-10-14 16:00:51,AVES
I_00057a.JPG,0,AVES,2022-07-15 08:04:40,AVES
I_00059a (2).JPG,0,AVES,2022-07-18 08:45:30,AVES
I_00059a.JPG,0,AVES,2022-10-15 13:18:55,AVES
I_00059b.JPG,0,AVES,2022-10-15 13:18:55,AVES
I_00059c (2).JPG,0,AVES,2022-07-18 08:45:30,AVES
I_00059c.JPG,0,AVES,2022-10-15 13:18:55,AVES
I_00060a.JPG,0,AVES,2022-07-18 12:38:20,AVES
I_00060b.JPG,0,AVES,2022-07-18 12:38:20,AVES
I_00060c.JPG,0,AVES,2022-07-18 12:38:20,AVES
I_00062a.JPG,0,AVES,2022-07-19 12:26:35,AVES
I_00062b.JPG,0,AVES,2022-07-19 12:26:35,AVES
I_00062c.JPG,0,AVES,2022-07-19 12:26:35,AVES
I_00072a (2).JPG,0,AVES,2022-07-24 19:36:36,AVES
I_00072a.JPG,0,AVES,2022-06-04 09:37:59,AVES
I_00072b.JPG,0,AVES,2022-07-24 19:36:36,AVES
I_00072c.JPG,0,AVES,2022-07-24 19:36:36,AVES
I_00073a (2).JPG,0,AVES,2022-07-25 10:57:59,AVES
I_00073a.JPG,0,AVES,2022-06-04 19:14:00,AVES
I_00073b (2).JPG,0,AVES,2022-07-25 10:57:59,AVES
I_00073b.JPG,0,AVES,2022-06-04 19:14:00,AVES
I_00073c.JPG,0,AVES,2022-07-25 10:57:59,AVES
I_00074a.JPG,0,AVES,2022-07-25 15:22:57,AVES
I_00074b.JPG,0,AVES,2022-07-25 15:22:57,AVES
I_00079a (2).JPG,0,AVES,2022-08-01 14:03:22,AVES
I_00079a.JPG,0,AVES,2022-12-16 11:19:43,AVES
I_00079b (2).JPG,0,AVES,2022-08-01 14:03:22,AVES
I_00079b.JPG,0,AVES,2022-12-16 11:19:43,AVES
I_00079c.JPG,0,AVES,2022-12-16 11:19:43,AVES
I_00080a.JPG,0,AVES,2022-12-16 11:27:56,AVES
I_00080b.JPG,0,AVES,2022-12-16 11:27:56,AVES
I_00080c.JPG,0,AVES,2022-12-16 11:27:56,AVES
I_00081a.JPG,0,AVES,2022-12-16 11:34:31,AVES
I_00081b.JPG,0,AVES,2022-12-16 11:34:31,AVES
I_00081c.JPG,0,AVES,2022-12-16 11:34:31,AVES
I_00082a.JPG,0,AVES,2022-12-16 11:43:28,AVES
I_00082b.JPG,0,AVES,2022-12-16 11:43:28,AVES
I_00082c.JPG,0,AVES,2022-12-16 11:43:28,AVES
I_00083a.JPG,0,AVES,2022-12-16 11:53:02,AVES
I_00089a.JPG,0,AVES,2022-12-19 11:38:42,AVES
I_00089b.JPG,0,AVES,2022-12-19 11:38:42,AVES
I_00089c.JPG,0,AVES,2022-12-19 11:38:42,AVES
I_00090a.JPG,0,AVES,2022-12-19 11:44:30,AVES
I_00090b.JPG,0,AVES,2022-12-19 11:44:30,AVES
I_00090c.JPG,0,AVES,2022-12-19 11:44:30,AVES
I_00091a.JPG,0,AVES,2022-12-19 11:50:17,AVES
I_00091b.JPG,0,AVES,2022-12-19 11:50:17,AVES
I_00093c.JPG,0,AVES,2022-12-19 13:46:59,AVES
I_00094a (2).JPG,0,AVES,2022-06-08 09:12:48,AVES
I_00094a.JPG,0,AVES,2022-12-19 13:53:30,AVES
I_00094b (2).JPG,0,AVES,2022-06-08 09:12:48,AVES
I_00094b.JPG,0,AVES,2022-12-19 13:53:30,AVES
I_00094c.JPG,0,AVES,2022-12-19 13:53:30,AVES
I_00095a (2).JPG,0,AVES,2022-06-08 13:52:48,AVES
I_00095a.JPG,0,AVES,2022-12-21 13:14:46,AVES
I_00095b.JPG,0,AVES,2022-12-21 13:14:46,AVES
I_00095c.JPG,0,AVES,2022-12-21 13:14:46,AVES
I_00096a.JPG,0,AVES,2022-12-21 14:46:59,AVES
I_00096b.JPG,0,AVES,2022-12-21 14:46:59,AVES
I_00096c.JPG,0,AVES,2022-12-21 14:46:59,AVES
I_00097a.JPG,0,AVES,2022-06-08 21:22:35,AVES
I_00097b.JPG,0,AVES,2022-06-08 21:22:35,AVES
I_00098a.JPG,0,AVES,2022-06-08 21:56:10,AVES
I_00115a.JPG,0,AVES,2022-10-27 16:19:30,AVES
I_00115b.JPG,0,AVES,2022-10-27 16:19:30,AVES
I_00115c.JPG,0,AVES,2022-10-27 16:19:30,AVES
I_00118a.JPG,0,AVES,2022-06-10 16:47:53,AVES
I_00118b.JPG,0,AVES,2022-06-10 16:47:53,AVES
I_00119b.JPG,0,AVES,2022-06-11 12:08:26,AVES
I_00120a.JPG,0,AVES,2022-06-11 12:27:18,AVES
I_00120b.JPG,0,AVES,2022-06-11 12:27:18,AVES
I_00123b.JPG,0,AVES,2022-06-12 11:42:27,AVES
I_00124a.JPG,0,AVES,2022-06-12 16:15:42,AVES
I_00124b (2).JPG,0,AVES,2022-06-12 16:15:42,AVES
I_00124b.JPG,0,AVES,2022-10-29 12:32:56,AVES
I_00124c.JPG,0,AVES,2022-10-29 12:32:56,AVES
I_00131a.JPG,0,AVES,2022-10-30 11:43:49,AVES
I_00131b.JPG,0,AVES,2022-10-30 11:43:49,AVES
I_00131c.JPG,0,AVES,2022-10-30 11:43:49,AVES
I_00139a.JPG,0,AVES,2022-11-02 12:22:14,AVES
I_00139b.JPG,0,AVES,2022-11-02 12:22:14,AVES
I_00139c.JPG,0,AVES,2022-11-02 12:22:14,AVES
I_00140a.JPG,0,AVES,2022-11-03 12:58:16,AVES
I_00140b.JPG,0,AVES,2022-11-03 12:58:16,AVES
I_00140c.JPG,0,AVES,2022-11-03 12:58:16,AVES
I_00146a.JPG,0,AVES,2022-11-05 08:54:47,AVES
I_00146b.JPG,0,AVES,2022-11-05 08:54:47,AVES
I_00146c.JPG,0,AVES,2022-11-05 08:54:47,AVES
I_00152a.JPG,0,AVES,2022-11-09 11:34:41,AVES
I_00013a.JPG,1,BASSSEISCUS_ASTUTUS,2022-09-01 01:44:14,BASSSEISCUS_ASTUTUS
I_00059a.JPG,1,BASSSEISCUS_ASTUTUS,2022-12-02 03:22:13,BASSSEISCUS_ASTUTUS
I_00132a - copia.JPG,3,DIDELPHIS_VIRGINIATA,2022-10-31 00:18:41,DIDELPHIS_VIRGINIATA
I_00132a.JPG,3,DIDELPHIS_VIRGINIATA,2022-10-31 00:18:41,DIDELPHIS_VIRGINIATA
I_00132b.JPG,3,DIDELPHIS_VIRGINIATA,2022-10-31 00:18:41,DIDELPHIS_VIRGINIATA
I_00133a.JPG,3,DIDELPHIS_VIRGINIATA,2022-10-31 05:02:51,DIDELPHIS_VIRGINIATA
I_00135a.JPG,3,DIDELPHIS_VIRGINIATA,2022-11-01 01:15:06,DIDELPHIS_VIRGINIATA
I_00136a.JPG,3,DIDELPHIS_VIRGINIATA,2022-11-01 05:28:50,DIDELPHIS_VIRGINIATA
I_00042a.JPG,4,GANADO,2022-05-24 09:46:15,GANADO
I_00042b.JPG,4,GANADO,2022-05-24 09:46:15,GANADO
I_00048a.JPG,4,GANADO,2022-05-26 08:03:38,GANADO
I_00048b.JPG,4,GANADO,2022-05-26 08:03:38,GANADO
I_00049a.JPG,4,GANADO,2022-05-26 08:10:08,GANADO
I_00049b.JPG,4,GANADO,2022-05-26 08:10:08,GANADO
I_00050a.JPG,4,GANADO,2022-05-26 08:15:08,GANADO
I_00050b.JPG,4,GANADO,2022-05-26 08:15:08,GANADO
I_00051a.JPG,4,GANADO,2022-05-26 08:21:44,GANADO
I_00051b.JPG,4,GANADO,2022-05-26 08:21:44,GANADO
I_00052a.JPG,4,GANADO,2022-05-26 09:55:29,GANADO
I_00052b.JPG,4,GANADO,2022-05-26 09:55:29,GANADO
I_00053a.JPG,4,GANADO,2022-05-26 10:00:45,GANADO
I_00035a.JPG,5,LEOPARDU_wiedii,2022-07-01 05:17:19,LEOPARDU_wiedii
I_00035b.JPG,5,LEOPARDU_wiedii,2022-07-01 05:17:19,LEOPARDU_wiedii
I_00082a.JPG,5,LEOPARDU_wiedii,2022-08-05 05:10:02,LEOPARDU_wiedii
I_00006b.JPG,6,LYNX_RUFUS,2022-08-30 09:51:42,LYNX_RUFUS
I_00006c.JPG,6,LYNX_RUFUS,2022-08-30 09:51:42,LYNX_RUFUS
I_00036a.JPG,6,LYNX_RUFUS,2022-09-14 17:57:30,LYNX_RUFUS
I_00045a.JPG,7,MEPITIS_MACROURA,2022-05-26 02:49:20,MEPITIS_MACROURA
I_00011a.JPG,8,NASUA_NARICA,2022-06-23 14:04:24,NASUA_NARICA
I_00011b.JPG,8,NASUA_NARICA,2022-06-23 14:04:24,NASUA_NARICA
I_00011c.JPG,8,NASUA_NARICA,2022-06-23 14:04:24,NASUA_NARICA
I_00054a.JPG,8,NASUA_NARICA,2022-07-14 10:08:22,NASUA_NARICA
I__00057.JPG,9,ODOCOILEUS_VIRGINIANUS,2022-07-20 03:56:44,ODOCOILEUS_VIRGINIANUS
I__00058.JPG,9,ODOCOILEUS_VIRGINIANUS,2022-07-20 03:56:44,ODOCOILEUS_VIRGINIANUS
I__00064.JPG,9,ODOCOILEUS_VIRGINIANUS,2022-07-21 09:43:25,ODOCOILEUS_VIRGINIANUS
I__00065.JPG,9,ODOCOILEUS_VIRGINIANUS,2022-07-21 09:43:25,ODOCOILEUS_VIRGINIANUS
I_00001a (2).JPG,9,ODOCOILEUS_VIRGINIANUS,2022-05-14 19:04:42,ODOCOILEUS_VIRGINIANUS
I_00001a.JPG,9,ODOCOILEUS_VIRGINIANUS,2022-05-15 01:02:55,ODOCOILEUS_VIRGINIANUS
I_00001b (2).JPG,9,ODOCOILEUS_VIRGINIANUS,2022-05-14 19:04:42,ODOCOILEUS_VIRGINIANUS
I_00001b.JPG,9,ODOCOILEUS_VIRGINIANUS,2022-05-15 01:02:55,ODOCOILEUS_VIRGINIANUS
I_00002a.JPG,9,ODOCOILEUS_VIRGINIANUS,2022-05-15 04:34:22,ODOCOILEUS_VIRGINIANUS
I_00002b.JPG,9,ODOCOILEUS_VIRGINIANUS,2022-05-15 04:34:22,ODOCOILEUS_VIRGINIANUS
I_00003a.JPG,9,ODOCOILEUS_VIRGINIANUS,2022-05-15 06:33:50,ODOCOILEUS_VIRGINIANUS
I_00003b.JPG,9,ODOCOILEUS_VIRGINIANUS,2022-05-15 06:33:50,ODOCOILEUS_VIRGINIANUS
I_00004a (2).JPG,9,ODOCOILEUS_VIRGINIANUS,2022-05-15 06:37:52,ODOCOILEUS_VIRGINIANUS
I_00004a.JPG,9,ODOCOILEUS_VIRGINIANUS,2022-11-13 11:28:27,ODOCOILEUS_VIRGINIANUS
I_00004b (2).JPG,9,ODOCOILEUS_VIRGINIANUS,2022-05-15 06:37:52,ODOCOILEUS_VIRGINIANUS
I_00004b.JPG,9,ODOCOILEUS_VIRGINIANUS,2022-11-13 11:28:27,ODOCOILEUS_VIRGINIANUS
I_00004c.JPG,9,ODOCOILEUS_VIRGINIANUS,2022-11-13 11:28:27,ODOCOILEUS_VIRGINIANUS
I_00005a.JPG,9,ODOCOILEUS_VIRGINIANUS,2022-05-15 06:47:55,ODOCOILEUS_VIRGINIANUS
I_00005b.JPG,9,ODOCOILEUS_VIRGINIANUS,2022-05-15 06:47:55,ODOCOILEUS_VIRGINIANUS
I_00006a.JPG,9,ODOCOILEUS_VIRGINIANUS,2022-05-15 06:54:17,ODOCOILEUS_VIRGINIANUS
I_00006b.JPG,9,ODOCOILEUS_VIRGINIANUS,2022-05-15 06:54:17,ODOCOILEUS_VIRGINIANUS
I_00007a.JPG,9,ODOCOILEUS_VIRGINIANUS,2022-05-15 06:58:45,ODOCOILEUS_VIRGINIANUS
I_00007b.JPG,9,ODOCOILEUS_VIRGINIANUS,2022-05-15 06:58:45,ODOCOILEUS_VIRGINIANUS
I_00008a (2).JPG,9,ODOCOILEUS_VIRGINIANUS,2022-05-15 07:06:55,ODOCOILEUS_VIRGINIANUS
I_00008a.JPG,9,ODOCOILEUS_VIRGINIANUS,2022-08-31 09:55:26,ODOCOILEUS_VIRGINIANUS
I_00008b.JPG,9,ODOCOILEUS_VIRGINIANUS,2022-05-15 07:06:55,ODOCOILEUS_VIRGINIANUS
I_00009a.JPG,9,ODOCOILEUS_VIRGINIANUS,2022-05-15 07:32:57,ODOCOILEUS_VIRGINIANUS
I_00009b.JPG,9,ODOCOILEUS_VIRGINIANUS,2022-05-15 07:32:57,ODOCOILEUS_VIRGINIANUS
I_00010a.JPG,9,ODOCOILEUS_VIRGINIANUS,2022-05-15 07:41:18,ODOCOILEUS_VIRGINIANUS
I_00010b.JPG,9,ODOCOILEUS_VIRGINIANUS,2022-05-15 07:41:18,ODOCOILEUS_VIRGINIANUS
I_00011a.JPG,9,ODOCOILEUS_VIRGINIANUS,2022-05-15 07:48:01,ODOCOILEUS_VIRGINIANUS
I_00011b.JPG,9,ODOCOILEUS_VIRGINIANUS,2022-05-15 07:48:01,ODOCOILEUS_VIRGINIANUS
I_00012a (2).JPG,9,ODOCOILEUS_VIRGINIANUS,2022-05-15 11:36:01,ODOCOILEUS_VIRGINIANUS
I_00012a.JPG,9,ODOCOILEUS_VIRGINIANUS,2022-10-14 16:18:19,ODOCOILEUS_VIRGINIANUS
I_00012b (2).JPG,9,ODOCOILEUS_VIRGINIANUS,2022-05-15 11:36:01,ODOCOILEUS_VIRGINIANUS
I_00012b.JPG,9,ODOCOILEUS_VIRGINIANUS,2022-10-14 16:18:19,ODOCOILEUS_VIRGINIANUS
I_00013a (2).JPG,9,ODOCOILEUS_VIRGINIANUS,2022-05-15 19:19:20,ODOCOILEUS_VIRGINIANUS
I_00013a.JPG,9,ODOCOILEUS_VIRGINIANUS,2022-09-10 15:02:08,ODOCOILEUS_VIRGINIANUS
I_00013b (2).JPG,9,ODOCOILEUS_VIRGINIANUS,2022-05-15 19:19:20,ODOCOILEUS_VIRGINIANUS
I_00013b.JPG,9,ODOCOILEUS_VIRGINIANUS,2022-09-10 15:02:08,ODOCOILEUS_VIRGINIANUS
I_00014a (2).JPG,9,ODOCOILEUS_VIRGINIANUS,2022-05-16 03:25:28,ODOCOILEUS_VIRGINIANUS
I_00014a.JPG,9,ODOCOILEUS_VIRGINIANUS,2022-09-11 15:17:42,ODOCOILEUS_VIRGINIANUS
I_00014b (2).JPG,9,ODOCOILEUS_VIRGINIANUS,2022-05-16 03:25:28,ODOCOILEUS_VIRGINIANUS
I_00014b.JPG,9,ODOCOILEUS_VIRGINIANUS,2022-09-11 15:17:42,ODOCOILEUS_VIRGINIANUS
I_00015a.JPG,9,ODOCOILEUS_VIRGINIANUS,2022-05-16 06:18:30,ODOCOILEUS_VIRGINIANUS
I_00015b.JPG,9,ODOCOILEUS_VIRGINIANUS,2022-05-16 06:18:30,ODOCOILEUS_VIRGINIANUS
I_00016a.JPG,9,ODOCOILEUS_VIRGINIANUS,2022-05-16 06:31:03,ODOCOILEUS_VIRGINIANUS
I_00016b.JPG,9,ODOCOILEUS_VIRGINIANUS,2022-05-16 06:31:03,ODOCOILEUS_VIRGINIANUS
I_00017a.JPG,9,ODOCOILEUS_VIRGINIANUS,2022-05-16 06:36:35,ODOCOILEUS_VIRGINIANUS
I_00017b.JPG,9,ODOCOILEUS_VIRGINIANUS,2022-05-16 06:36:35,ODOCOILEUS_VIRGINIANUS
I_00018a.JPG,9,ODOCOILEUS_VIRGINIANUS,2022-05-16 06:42:14,ODOCOILEUS_VIRGINIANUS
I_00018b.JPG,9,ODOCOILEUS_VIRGINIANUS,2022-05-16 06:42:14,ODOCOILEUS_VIRGINIANUS
I_00019a (2).JPG,9,ODOCOILEUS_VIRGINIANUS,2022-05-16 06:45:39,ODOCOILEUS_VIRGINIANUS
I_00019a.JPG,9,ODOCOILEUS_VIRGINIANUS,2022-07-10 14:05:07,ODOCOILEUS_VIRGINIANUS
I_00019b.JPG,9,ODOCOILEUS_VIRGINIANUS,2022-05-16 06:45:39,ODOCOILEUS_VIRGINIANUS
I_00020a (2).JPG,9,ODOCOILEUS_VIRGINIANUS,2022-11-14 10:48:08,ODOCOILEUS_VIRGINIANUS
I_00020a (3).JPG,9,ODOCOILEUS_VIRGINIANUS,2022-05-16 06:54:01,ODOCOILEUS_VIRGINIANUS
I_00020a.JPG,9,ODOCOILEUS_VIRGINIANUS,2022-09-02 02:01:13,ODOCOILEUS_VIRGINIANUS
I_00020b (2).JPG,9,ODOCOILEUS_VIRGINIANUS,2022-05-16 06:54:01,ODOCOILEUS_VIRGINIANUS
I_00020b.JPG,9,ODOCOILEUS_VIRGINIANUS,2022-09-02 02:01:13,ODOCOILEUS_VIRGINIANUS
I_00021a (2).JPG,9,ODOCOILEUS_VIRGINIANUS,2022-05-16 06:58:02,ODOCOILEUS_VIRGINIANUS
I_00021a.JPG,9,ODOCOILEUS_VIRGINIANUS,2022-09-14 21:34:20,ODOCOILEUS_VIRGINIANUS
I_00021b (2).JPG,9,ODOCOILEUS_VIRGINIANUS,2022-05-16 06:58:02,ODOCOILEUS_VIRGINIANUS
I_00021b.JPG,9,ODOCOILEUS_VIRGINIANUS,2022-09-14 21:34:20,ODOCOILEUS_VIRGINIANUS
I_00022a (2).JPG,9,ODOCOILEUS_VIRGINIANUS,2022-05-16 07:01:21,ODOCOILEUS_VIRGINIANUS
I_00022a (3).JPG,9,ODOCOILEUS_VIRGINIANUS,2022-05-20 10:22:21,ODOCOILEUS_VIRGINIANUS
I_00022a.JPG,9,ODOCOILEUS_VIRGINIANUS,2022-09-15 01:32:51,ODOCOILEUS_VIRGINIANUS
I_00022b.JPG,9,ODOCOILEUS_VIRGINIANUS,2022-05-16 07:01:21,ODOCOILEUS_VIRGINIANUS
I_00023a.JPG,9,ODOCOILEUS_VIRGINIANUS,2022-05-16 07:09:28,ODOCOILEUS_VIRGINIANUS
I_00023b.JPG,9,ODOCOILEUS_VIRGINIANUS,2022-05-16 07:09:28,ODOCOILEUS_VIRGINIANUS
I_00024a (2).JPG,9,ODOCOILEUS_VIRGINIANUS,2022-11-16 08:34:43,ODOCOILEUS_VIRGINIANUS
I_00024a (3).JPG,9,ODOCOILEUS_VIRGINIANUS,2022-11-14 14:57:13,ODOCOILEUS_VIRGINIANUS
I_00024a (4).JPG,9,ODOCOILEUS_VIRGINIANUS,2022-05-16 07:16:03,ODOCOILEUS_VIRGINIANUS
I_00024a.JPG,9,ODOCOILEUS_VIRGINIANUS,2022-09-15 13:10:01,ODOCOILEUS_VIRGINIANUS
I_00024b (2).JPG,9,ODOCOILEUS_VIRGINIANUS,2022-05-16 07:16:03,ODOCOILEUS_VIRGINIANUS
I_00024b.JPG,9,ODOCOILEUS_VIRGINIANUS,2022-11-14 14:57:13,ODOCOILEUS_VIRGINIANUS
I_00024c.JPG,9,ODOCOILEUS_VIRGINIANUS,2022-11-14 14:57:13,ODOCOILEUS_VIRGINIANUS
I_00025a.JPG,9,ODOCOILEUS_VIRGINIANUS,2022-05-16 07:30:31,ODOCOILEUS_VIRGINIANUS
I_00025b.JPG,9,ODOCOILEUS_VIRGINIANUS,2022-05-16 07:30:31,ODOCOILEUS_VIRGINIANUS
I_00026a.JPG,9,ODOCOILEUS_VIRGINIANUS,2022-05-16 13:24:05,ODOCOILEUS_VIRGINIANUS
I_00026b.JPG,9,ODOCOILEUS_VIRGINIANUS,2022-05-16 13:24:05,ODOCOILEUS_VIRGINIANUS
I_00027a (2).JPG,9,ODOCOILEUS_VIRGINIANUS,2022-05-16 13:27:25,ODOCOILEUS_VIRGINIANUS
I_00027a.JPG,9,ODOCOILEUS_VIRGINIANUS,2022-09-07 12:35:24,ODOCOILEUS_VIRGINIANUS
I_00027b (2).JPG,9,ODOCOILEUS_VIRGINIANUS,2022-05-16 13:27:25,ODOCOILEUS_VIRGINIANUS
I_00027b.JPG,9,ODOCOILEUS_VIRGINIANUS,2022-09-07 12:35:24,ODOCOILEUS_VIRGINIANUS
I_00027c.JPG,9,ODOCOILEUS_VIRGINIANUS,2022-09-07 12:35:24,ODOCOILEUS_VIRGINIANUS
I_00028a (2).JPG,9,ODOCOILEUS_VIRGINIANUS,2022-05-16 20:17:52,ODOCOILEUS_VIRGINIANUS
I_00028a.JPG,9,ODOCOILEUS_VIRGINIANUS,2022-09-10 10:59:34,ODOCOILEUS_VIRGINIANUS
I_00028b (2).JPG,9,ODOCOILEUS_VIRGINIANUS,2022-05-16 20:17:52,ODOCOILEUS_VIRGINIANUS
I_00028b.JPG,9,ODOCOILEUS_VIRGINIANUS,2022-09-10 10:59:34,ODOCOILEUS_VIRGINIANUS
I_00028c.JPG,9,ODOCOILEUS_VIRGINIANUS,2022-09-10 10:59:34,ODOCOILEUS_VIRGINIANUS
I_00029a (2).JPG,9,ODOCOILEUS_VIRGINIANUS,2022-05-16 20:36:29,ODOCOILEUS_VIRGINIANUS
I_00029a.JPG,9,ODOCOILEUS_VIRGINIANUS,2022-07-13 08:24:30,ODOCOILEUS_VIRGINIANUS
I_00029b (2).JPG,9,ODOCOILEUS_VIRGINIANUS,2022-05-16 20:36:29,ODOCOILEUS_VIRGINIANUS
I_00029b.JPG,9,ODOCOILEUS_VIRGINIANUS,2022-07-13 08:24:30,ODOCOILEUS_VIRGINIANUS
I_00030a.JPG,9,ODOCOILEUS_VIRGINIANUS,2022-05-17 04:24:20,ODOCOILEUS_VIRGINIANUS
I_00030b.JPG,9,ODOCOILEUS_VIRGINIANUS,2022-05-17 04:24:20,ODOCOILEUS_VIRGINIANUS
I_00031a (2).JPG,9,ODOCOILEUS_VIRGINIANUS,2022-05-17 04:43:26,ODOCOILEUS_VIRGINIANUS
I_00031a.JPG,9,ODOCOILEUS_VIRGINIANUS,2022-07-14 08:33:16,ODOCOILEUS_VIRGINIANUS
I_00031b (2).JPG,9,ODOCOILEUS_VIRGINIANUS,2022-05-17 04:43:26,ODOCOILEUS_VIRGINIANUS
I_00031b.JPG,9,ODOCOILEUS_VIRGINIANUS,2022-07-14 08:33:16,ODOCOILEUS_VIRGINIANUS
I_00032a.JPG,9,ODOCOILEUS_VIRGINIANUS,2022-05-17 05:15:19,ODOCOILEUS_VIRGINIANUS
I_00032b.JPG,9,ODOCOILEUS_VIRGINIANUS,2022-05-17 05:15:19,ODOCOILEUS_VIRGINIANUS
I_00033a.JPG,9,ODOCOILEUS_VIRGINIANUS,2022-05-17 05:19:29,ODOCOILEUS_VIRGINIANUS
I_00033b.JPG,9,ODOCOILEUS_VIRGINIANUS,2022-05-17 05:19:29,ODOCOILEUS_VIRGINIANUS
I_00034a.JPG,9,ODOCOILEUS_VIRGINIANUS,2022-05-17 06:33:08,ODOCOILEUS_VIRGINIANUS
I_00034b.JPG,9,ODOCOILEUS_VIRGINIANUS,2022-05-17 06:33:08,ODOCOILEUS_VIRGINIANUS
I_00035a.JPG,9,ODOCOILEUS_VIRGINIANUS,2022-05-17 06:39:26,ODOCOILEUS_VIRGINIANUS
I_00035b.JPG,9,ODOCOILEUS_VIRGINIANUS,2022-05-17 06:39:26,ODOCOILEUS_VIRGINIANUS
I_00036a.JPG,9,ODOCOILEUS_VIRGINIANUS,2022-05-17 06:50:45,ODOCOILEUS_VIRGINIANUS
I_00036b.JPG,9,ODOCOILEUS_VIRGINIANUS,2022-05-17 06:50:45,ODOCOILEUS_VIRGINIANUS
I_00037a (2).JPG,9,ODOCOILEUS_VIRGINIANUS,2022-05-22 09:38:40,ODOCOILEUS_VIRGINIANUS
I_00037a.JPG,9,ODOCOILEUS_VIRGINIANUS,2022-05-17 06:57:15,ODOCOILEUS_VIRGINIANUS
I_00037b (2).JPG,9,ODOCOILEUS_VIRGINIANUS,2022-05-22 09:38:40,ODOCOILEUS_VIRGINIANUS
I_00037b.JPG,9,ODOCOILEUS_VIRGINIANUS,2022-05-17 06:57:15,ODOCOILEUS_VIRGINIANUS
I_00038a.JPG,9,ODOCOILEUS_VIRGINIANUS,2022-05-17 07:01:44,ODOCOILEUS_VIRGINIANUS
I_00038b.JPG,9,ODOCOILEUS_VIRGINIANUS,2022-05-17 07:01:44,ODOCOILEUS_VIRGINIANUS
I_00039a.JPG,9,ODOCOILEUS_VIRGINIANUS,2022-05-17 07:12:20,ODOCOILEUS_VIRGINIANUS
I_00039b.JPG,9,ODOCOILEUS_VIRGINIANUS,2022-05-17 07:12:20,ODOCOILEUS_VIRGINIANUS
I_00040a (2).JPG,9,ODOCOILEUS_VIRGINIANUS,2022-05-17 07:40:53,ODOCOILEUS_VIRGINIANUS
I_00040a.JPG,9,ODOCOILEUS_VIRGINIANUS,2022-11-16 09:44:17,ODOCOILEUS_VIRGINIANUS
I_00040b (2).JPG,9,ODOCOILEUS_VIRGINIANUS,2022-05-17 07:40:53,ODOCOILEUS_VIRGINIANUS
I_00040b.JPG,9,ODOCOILEUS_VIRGINIANUS,2022-11-16 09:44:17,ODOCOILEUS_VIRGINIANUS
I_00040c.JPG,9,ODOCOILEUS_VIRGINIANUS,2022-11-16 09:44:17,ODOCOILEUS_VIRGINIANUS
I_00041a (2).JPG,9,ODOCOILEUS_VIRGINIANUS,2022-05-17 07:48:23,ODOCOILEUS_VIRGINIANUS
I_00041a.JPG,9,ODOCOILEUS_VIRGINIANUS,2022-11-17 13:22:01,ODOCOILEUS_VIRGINIANUS
I_00041b (2).JPG,9,ODOCOILEUS_VIRGINIANUS,2022-05-17 07:48:23,ODOCOILEUS_VIRGINIANUS
I_00041b.JPG,9,ODOCOILEUS_VIRGINIANUS,2022-11-17 13:22:01,ODOCOILEUS_VIRGINIANUS
I_00041c.JPG,9,ODOCOILEUS_VIRGINIANUS,2022-11-17 13:22:01,ODOCOILEUS_VIRGINIANUS
I_00042a.JPG,9,ODOCOILEUS_VIRGINIANUS,2022-05-17 07:55:34,ODOCOILEUS_VIRGINIANUS
I_00042b.JPG,9,ODOCOILEUS_VIRGINIANUS,2022-05-17 07:55:34,ODOCOILEUS_VIRGINIANUS
I_00043a.JPG,9,ODOCOILEUS_VIRGINIANUS,2022-05-17 08:18:44,ODOCOILEUS_VIRGINIANUS
I_00043b.JPG,9,ODOCOILEUS_VIRGINIANUS,2022-05-17 08:18:44,ODOCOILEUS_VIRGINIANUS
I_00044a.JPG,9,ODOCOILEUS_VIRGINIANUS,2022-05-17 08:22:25,ODOCOILEUS_VIRGINIANUS
I_00044b.JPG,9,ODOCOILEUS_VIRGINIANUS,2022-05-17 08:22:25,ODOCOILEUS_VIRGINIANUS
I_00045a.JPG,9,ODOCOILEUS_VIRGINIANUS,2022-05-17 08:28:05,ODOCOILEUS_VIRGINIANUS
I_00045b.JPG,9,ODOCOILEUS_VIRGINIANUS,2022-05-17 08:28:05,ODOCOILEUS_VIRGINIANUS
I_00046a.JPG,9,ODOCOILEUS_VIRGINIANUS,2022-05-17 08:41:42,ODOCOILEUS_VIRGINIANUS
I_00046b.JPG,9,ODOCOILEUS_VIRGINIANUS,2022-05-17 08:41:42,ODOCOILEUS_VIRGINIANUS
I_00047a.JPG,9,ODOCOILEUS_VIRGINIANUS,2022-05-17 11:27:17,ODOCOILEUS_VIRGINIANUS
I_00047b.JPG,9,ODOCOILEUS_VIRGINIANUS,2022-05-17 11:27:17,ODOCOILEUS_VIRGINIANUS
I_00048a.JPG,9,ODOCOILEUS_VIRGINIANUS,2022-05-17 14:40:51,ODOCOILEUS_VIRGINIANUS
I_00048b.JPG,9,ODOCOILEUS_VIRGINIANUS,2022-05-17 14:40:51,ODOCOILEUS_VIRGINIANUS
I_00049a.JPG,9,ODOCOILEUS_VIRGINIANUS,2022-05-17 22:06:24,ODOCOILEUS_VIRGINIANUS
I_00049b.JPG,9,ODOCOILEUS_VIRGINIANUS,2022-05-17 22:06:24,ODOCOILEUS_VIRGINIANUS
I_00050a (2).JPG,9,ODOCOILEUS_VIRGINIANUS,2022-05-18 06:05:35,ODOCOILEUS_VIRGINIANUS
I_00050a.JPG,9,ODOCOILEUS_VIRGINIANUS,2022-11-25 11:52:42,ODOCOILEUS_VIRGINIANUS
I_00050b (2).JPG,9,ODOCOILEUS_VIRGINIANUS,2022-05-18 06:05:35,ODOCOILEUS_VIRGINIANUS
I_00050b.JPG,9,ODOCOILEUS_VIRGINIANUS,2022-11-25 11:52:42,ODOCOILEUS_VIRGINIANUS
I_00050c.JPG,9,ODOCOILEUS_VIRGINIANUS,2022-11-25 11:52:42,ODOCOILEUS_VIRGINIANUS
I_00051a (2).JPG,9,ODOCOILEUS_VIRGINIANUS,2022-05-18 06:09:02,ODOCOILEUS_VIRGINIANUS
I_00051a.JPG,9,ODOCOILEUS_VIRGINIANUS,2022-11-26 17:55:32,ODOCOILEUS_VIRGINIANUS
I_00051b (2).JPG,9,ODOCOILEUS_VIRGINIANUS,2022-05-18 06:09:02,ODOCOILEUS_VIRGINIANUS
I_00051b.JPG,9,ODOCOILEUS_VIRGINIANUS,2022-11-26 17:55:32,ODOCOILEUS_VIRGINIANUS
I_00052a (2).JPG,9,ODOCOILEUS_VIRGINIANUS,2022-05-18 06:16:32,ODOCOILEUS_VIRGINIANUS
I_00052a.JPG,9,ODOCOILEUS_VIRGINIANUS,2022-11-28 11:10:11,ODOCOILEUS_VIRGINIANUS
I_00052b - copia.JPG,9,ODOCOILEUS_VIRGINIANUS,2022-11-28 11:10:11,ODOCOILEUS_VIRGINIANUS
I_00052b (2).JPG,9,ODOCOILEUS_VIRGINIANUS,2022-05-18 06:16:32,ODOCOILEUS_VIRGINIANUS
I_00052b.JPG,9,ODOCOILEUS_VIRGINIANUS,2022-11-28 11:10:11,ODOCOILEUS_VIRGINIANUS
I_00052c - copia.JPG,9,ODOCOILEUS_VIRGINIANUS,2022-11-28 11:10:11,ODOCOILEUS_VIRGINIANUS
I_00052c.JPG,9,ODOCOILEUS_VIRGINIANUS,2022-11-28 11:10:11,ODOCOILEUS_VIRGINIANUS
I_00053a (2).JPG,9,ODOCOILEUS_VIRGINIANUS,2022-05-18 06:29:21,ODOCOILEUS_VIRGINIANUS
I_00053a.JPG,9,ODOCOILEUS_VIRGINIANUS,2022-11-28 12:24:31,ODOCOILEUS_VIRGINIANUS
I_00053b (2).JPG,9,ODOCOILEUS_VIRGINIANUS,2022-05-18 06:29:21,ODOCOILEUS_VIRGINIANUS
I_00053b.JPG,9,ODOCOILEUS_VIRGINIANUS,2022-11-28 12:24:31,ODOCOILEUS_VIRGINIANUS
I_00053c.JPG,9,ODOCOILEUS_VIRGINIANUS,2022-11-28 12:24:31,ODOCOILEUS_VIRGINIANUS
I_00054a (2).JPG,9,ODOCOILEUS_VIRGINIANUS,2022-05-18 06:32:21,ODOCOILEUS_VIRGINIANUS
I_00054a.JPG,9,ODOCOILEUS_VIRGINIANUS,2022-11-28 14:42:37,ODOCOILEUS_VIRGINIANUS
I_00054b (2).JPG,9,ODOCOILEUS_VIRGINIANUS,2022-05-18 06:32:21,ODOCOILEUS_VIRGINIANUS
I_00054b.JPG,9,ODOCOILEUS_VIRGINIANUS,2022-11-28 14:42:37,ODOCOILEUS_VIRGINIANUS
I_00054c.JPG,9,ODOCOILEUS_VIRGINIANUS,2022-11-28 14:42:37,ODOCOILEUS_VIRGINIANUS
I_00055a (2).JPG,9,ODOCOILEUS_VIRGINIANUS,2022-05-18 06:37:09,ODOCOILEUS_VIRGINIANUS
I_00055a.JPG,9,ODOCOILEUS_VIRGINIANUS,2022-11-28 17:46:01,ODOCOILEUS_VIRGINIANUS
I_00055b.JPG,9,ODOCOILEUS_VIRGINIANUS,2022-05-18 06:37:09,ODOCOILEUS_VIRGINIANUS
I_00056a (2).JPG,9,ODOCOILEUS_VIRGINIANUS,2022-05-18 06:41:04,ODOCOILEUS_VIRGINIANUS
I_00056a.JPG,9,ODOCOILEUS_VIRGINIANUS,2022-07-07 07:34:50,ODOCOILEUS_VIRGINIANUS
I_00056b (2).JPG,9,ODOCOILEUS_VIRGINIANUS,2022-05-18 06:41:04,ODOCOILEUS_VIRGINIANUS
I_00056b.JPG,9,ODOCOILEUS_VIRGINIANUS,2022-07-07 07:34:50,ODOCOILEUS_VIRGINIANUS
I_00057a (2).JPG,9,ODOCOILEUS_VIRGINIANUS,2022-05-18 06:45:18,ODOCOILEUS_VIRGINIANUS
I_00057a.JPG,9,ODOCOILEUS_VIRGINIANUS,2022-11-29 11:42:42,ODOCOILEUS_VIRGINIANUS
I_00057b (2).JPG,9,ODOCOILEUS_VIRGINIANUS,2022-05-18 06:45:18,ODOCOILEUS_VIRGINIANUS
I_00057b.JPG,9,ODOCOILEUS_VIRGINIANUS,2022-11-29 11:42:42,ODOCOILEUS_VIRGINIANUS
I_00057c.JPG,9,ODOCOILEUS_VIRGINIANUS,2022-11-29 11:42:42,ODOCOILEUS_VIRGINIANUS
I_00058a (2).JPG,9,ODOCOILEUS_VIRGINIANUS,2022-05-30 12:11:46,ODOCOILEUS_VIRGINIANUS
I_00058a.JPG,9,ODOCOILEUS_VIRGINIANUS,2022-05-18 06:52:27,ODOCOILEUS_VIRGINIANUS
I_00058b.JPG,9,ODOCOILEUS_VIRGINIANUS,2022-05-18 06:52:27,ODOCOILEUS_VIRGINIANUS
I_00059a (2).JPG,9,ODOCOILEUS_VIRGINIANUS,2022-05-18 06:55:46,ODOCOILEUS_VIRGINIANUS
I_00059a.JPG,9,ODOCOILEUS_VIRGINIANUS,2022-12-03 12:41:46,ODOCOILEUS_VIRGINIANUS
I_00059b (2).JPG,9,ODOCOILEUS_VIRGINIANUS,2022-05-18 06:55:46,ODOCOILEUS_VIRGINIANUS
I_00059b.JPG,9,ODOCOILEUS_VIRGINIANUS,2022-12-03 12:41:46,ODOCOILEUS_VIRGINIANUS
I_00059c.JPG,9,ODOCOILEUS_VIRGINIANUS,2022-12-03 12:41:46,ODOCOILEUS_VIRGINIANUS
I_00060a.JPG,9,ODOCOILEUS_VIRGINIANUS,2022-05-18 06:59:09,ODOCOILEUS_VIRGINIANUS
I_00060b.JPG,9,ODOCOILEUS_VIRGINIANUS,2022-05-18 06:59:09,ODOCOILEUS_VIRGINIANUS
I_00061a.JPG,9,ODOCOILEUS_VIRGINIANUS,2022-05-18 07:02:28,ODOCOILEUS_VIRGINIANUS
I_00061b.JPG,9,ODOCOILEUS_VIRGINIANUS,2022-05-18 07:02:28,ODOCOILEUS_VIRGINIANUS
I_00062a.JPG,9,ODOCOILEUS_VIRGINIANUS,2022-05-18 07:05:59,ODOCOILEUS_VIRGINIANUS
I_00062b.JPG,9,ODOCOILEUS_VIRGINIANUS,2022-05-18 07:05:59,ODOCOILEUS_VIRGINIANUS
I_00063a (2).JPG,9,ODOCOILEUS_VIRGINIANUS,2022-05-18 07:09:47,ODOCOILEUS_VIRGINIANUS
I_00063a.JPG,9,ODOCOILEUS_VIRGINIANUS,2022-12-07 13:52:08,ODOCOILEUS_VIRGINIANUS
I_00063b (2).JPG,9,ODOCOILEUS_VIRGINIANUS,2022-05-18 07:09:47,ODOCOILEUS_VIRGINIANUS
I_00063b.JPG,9,ODOCOILEUS_VIRGINIANUS,2022-12-07 13:52:08,ODOCOILEUS_VIRGINIANUS
I_00063c.JPG,9,ODOCOILEUS_VIRGINIANUS,2022-12-07 13:52:08,ODOCOILEUS_VIRGINIANUS
I_00064a (2).JPG,9,ODOCOILEUS_VIRGINIANUS,2022-05-18 07:13:11,ODOCOILEUS_VIRGINIANUS
I_00064a.JPG,9,ODOCOILEUS_VIRGINIANUS,2022-12-07 17:18:27,ODOCOILEUS_VIRGINIANUS
I_00064b (2).JPG,9,ODOCOILEUS_VIRGINIANUS,2022-05-18 07:13:11,ODOCOILEUS_VIRGINIANUS
I_00064b.JPG,9,ODOCOILEUS_VIRGINIANUS,2022-12-07 17:18:27,ODOCOILEUS_VIRGINIANUS
I_00064c.JPG,9,ODOCOILEUS_VIRGINIANUS,2022-12-07 17:18:27,ODOCOILEUS_VIRGINIANUS
I_00065a (2).JPG,9,ODOCOILEUS_VIRGINIANUS,2022-05-18 07:19:09,ODOCOILEUS_VIRGINIANUS
I_00065a.JPG,9,ODOCOILEUS_VIRGINIANUS,2022-12-08 10:18:10,ODOCOILEUS_VIRGINIANUS
I_00065b (2).JPG,9,ODOCOILEUS_VIRGINIANUS,2022-05-18 07:19:09,ODOCOILEUS_VIRGINIANUS
I_00065b.JPG,9,ODOCOILEUS_VIRGINIANUS,2022-12-08 10:18:10,ODOCOILEUS_VIRGINIANUS
I_00065c.JPG,9,ODOCOILEUS_VIRGINIANUS,2022-12-08 10:18:10,ODOCOILEUS_VIRGINIANUS
I_00066a (2).JPG,9,ODOCOILEUS_VIRGINIANUS,2022-05-18 07:29:35,ODOCOILEUS_VIRGINIANUS
I_00066a.JPG,9,ODOCOILEUS_VIRGINIANUS,2022-12-08 13:31:22,ODOCOILEUS_VIRGINIANUS
I_00066b (2).JPG,9,ODOCOILEUS_VIRGINIANUS,2022-05-18 07:29:35,ODOCOILEUS_VIRGINIANUS
I_00066b.JPG,9,ODOCOILEUS_VIRGINIANUS,2022-12-08 13:31:22,ODOCOILEUS_VIRGINIANUS
I_00066c.JPG,9,ODOCOILEUS_VIRGINIANUS,2022-12-08 13:31:22,ODOCOILEUS_VIRGINIANUS
I_00067a (2).JPG,9,ODOCOILEUS_VIRGINIANUS,2022-06-01 08:04:01,ODOCOILEUS_VIRGINIANUS
I_00067a.JPG,9,ODOCOILEUS_VIRGINIANUS,2022-05-18 07:41:48,ODOCOILEUS_VIRGINIANUS
I_00067b (2).JPG,9,ODOCOILEUS_VIRGINIANUS,2022-06-01 08:04:01,ODOCOILEUS_VIRGINIANUS
I_00067b.JPG,9,ODOCOILEUS_VIRGINIANUS,2022-05-18 07:41:48,ODOCOILEUS_VIRGINIANUS
I_00068a.JPG,9,ODOCOILEUS_VIRGINIANUS,2022-05-18 07:50:10,ODOCOILEUS_VIRGINIANUS
I_00068b.JPG,9,ODOCOILEUS_VIRGINIANUS,2022-05-18 07:50:10,ODOCOILEUS_VIRGINIANUS
I_00069a.JPG,9,ODOCOILEUS_VIRGINIANUS,2022-05-18 12:01:27,ODOCOILEUS_VIRGINIANUS
I_00069b.JPG,9,ODOCOILEUS_VIRGINIANUS,2022-05-18 12:01:27,ODOCOILEUS_VIRGINIANUS
I_00070a.JPG,9,ODOCOILEUS_VIRGINIANUS,2022-05-18 12:12:25,ODOCOILEUS_VIRGINIANUS
I_00070b.JPG,9,ODOCOILEUS_VIRGINIANUS,2022-05-18 12:12:25,ODOCOILEUS_VIRGINIANUS
I_00071a (2).JPG,9,ODOCOILEUS_VIRGINIANUS,2022-06-03 08:58:31,ODOCOILEUS_VIRGINIANUS
I_00071a.JPG,9,ODOCOILEUS_VIRGINIANUS,2022-05-18 12:30:36,ODOCOILEUS_VIRGINIANUS
I_00071b (2).JPG,9,ODOCOILEUS_VIRGINIANUS,2022-05-18 12:30:36,ODOCOILEUS_VIRGINIANUS
I_00071b (3).JPG,9,ODOCOILEUS_VIRGINIANUS,2022-06-03 08:58:31,ODOCOILEUS_VIRGINIANUS
I_00071b.JPG,9,ODOCOILEUS_VIRGINIANUS,2022-12-10 11:33:24,ODOCOILEUS_VIRGINIANUS
I_00071c.JPG,9,ODOCOILEUS_VIRGINIANUS,2022-12-10 11:33:24,ODOCOILEUS_VIRGINIANUS
I_00072a (2).JPG,9,ODOCOILEUS_VIRGINIANUS,2022-05-18 12:39:33,ODOCOILEUS_VIRGINIANUS
I_00072a.JPG,9,ODOCOILEUS_VIRGINIANUS,2022-12-12 09:40:24,ODOCOILEUS_VIRGINIANUS
I_00072b (2).JPG,9,ODOCOILEUS_VIRGINIANUS,2022-05-18 12:39:33,ODOCOILEUS_VIRGINIANUS
I_00072b.JPG,9,ODOCOILEUS_VIRGINIANUS,2022-12-12 09:40:24,ODOCOILEUS_VIRGINIANUS
I_00072c.JPG,9,ODOCOILEUS_VIRGINIANUS,2022-12-12 09:40:24,ODOCOILEUS_VIRGINIANUS
I_00073a (2).JPG,9,ODOCOILEUS_VIRGINIANUS,2022-05-18 17:34:38,ODOCOILEUS_VIRGINIANUS
I_00073a.JPG,9,ODOCOILEUS_VIRGINIANUS,2022-12-12 09:47:42,ODOCOILEUS_VIRGINIANUS
I_00073b (2).JPG,9,ODOCOILEUS_VIRGINIANUS,2022-05-18 17:34:38,ODOCOILEUS_VIRGINIANUS
I_00073b.JPG,9,ODOCOILEUS_VIRGINIANUS,2022-12-12 09:47:42,ODOCOILEUS_VIRGINIANUS
I_00073c.JPG,9,ODOCOILEUS_VIRGINIANUS,2022-12-12 09:47:42,ODOCOILEUS_VIRGINIANUS
I_00074a (2).JPG,9,ODOCOILEUS_VIRGINIANUS,2022-05-18 17:44:05,ODOCOILEUS_VIRGINIANUS
I_00074a (3).JPG,9,ODOCOILEUS_VIRGINIANUS,2022-06-05 16:00:34,ODOCOILEUS_VIRGINIANUS
I_00074a.JPG,9,ODOCOILEUS_VIRGINIANUS,2022-12-12 14:44:39,ODOCOILEUS_VIRGINIANUS
I_00074b (2).JPG,9,ODOCOILEUS_VIRGINIANUS,2022-05-18 17:44:05,ODOCOILEUS_VIRGINIANUS
I_00074b.JPG,9,ODOCOILEUS_VIRGINIANUS,2022-12-12 14:44:39,ODOCOILEUS_VIRGINIANUS
I_00074c.JPG,9,ODOCOILEUS_VIRGINIANUS,2022-12-12 14:44:39,ODOCOILEUS_VIRGINIANUS
I_00075a.JPG,9,ODOCOILEUS_VIRGINIANUS,2022-05-18 18:04:23,ODOCOILEUS_VIRGINIANUS
I_00075b.JPG,9,ODOCOILEUS_VIRGINIANUS,2022-05-18 18:04:23,ODOCOILEUS_VIRGINIANUS
I_00076a.JPG,9,ODOCOILEUS_VIRGINIANUS,2022-05-18 18:09:22,ODOCOILEUS_VIRGINIANUS
I_00076b.JPG,9,ODOCOILEUS_VIRGINIANUS,2022-05-18 18:09:22,ODOCOILEUS_VIRGINIANUS
I_00077a.JPG,9,ODOCOILEUS_VIRGINIANUS,2022-05-18 18:12:28,ODOCOILEUS_VIRGINIANUS
I_00077b (2).JPG,9,ODOCOILEUS_VIRGINIANUS,2022-05-18 18:12:28,ODOCOILEUS_VIRGINIANUS
I_00077b.JPG,9,ODOCOILEUS_VIRGINIANUS,2022-09-09 14:00:37,ODOCOILEUS_VIRGINIANUS
I_00078a (2).JPG,9,ODOCOILEUS_VIRGINIANUS,2022-06-06 17:41:58,ODOCOILEUS_VIRGINIANUS
I_00078a.JPG,9,ODOCOILEUS_VIRGINIANUS,2022-05-18 18:15:40,ODOCOILEUS_VIRGINIANUS
I_00078b (2).JPG,9,ODOCOILEUS_VIRGINIANUS,2022-06-06 17:41:58,ODOCOILEUS_VIRGINIANUS
I_00078b.JPG,9,ODOCOILEUS_VIRGINIANUS,2022-05-18 18:15:40,ODOCOILEUS_VIRGINIANUS
I_00079a.JPG,9,ODOCOILEUS_VIRGINIANUS,2022-05-18 18:19:09,ODOCOILEUS_VIRGINIANUS
I_00079b.JPG,9,ODOCOILEUS_VIRGINIANUS,2022-05-18 18:19:09,ODOCOILEUS_VIRGINIANUS
I_00080a.JPG,9,ODOCOILEUS_VIRGINIANUS,2022-05-18 19:27:01,ODOCOILEUS_VIRGINIANUS
I_00080b (2).JPG,9,ODOCOILEUS_VIRGINIANUS,2022-05-18 19:27:01,ODOCOILEUS_VIRGINIANUS
I_00080b.JPG,9,ODOCOILEUS_VIRGINIANUS,2022-09-10 18:10:32,ODOCOILEUS_VIRGINIANUS
I_00081a.JPG,9,ODOCOILEUS_VIRGINIANUS,2022-05-19 02:29:06,ODOCOILEUS_VIRGINIANUS
I_00081b.JPG,9,ODOCOILEUS_VIRGINIANUS,2022-05-19 02:29:06,ODOCOILEUS_VIRGINIANUS
I_00082a.JPG,9,ODOCOILEUS_VIRGINIANUS,2022-05-19 05:33:28,ODOCOILEUS_VIRGINIANUS
I_00082b.JPG,9,ODOCOILEUS_VIRGINIANUS,2022-05-19 05:33:28,ODOCOILEUS_VIRGINIANUS
I_00083a.JPG,9,ODOCOILEUS_VIRGINIANUS,2022-05-19 06:12:24,ODOCOILEUS_VIRGINIANUS
I_00083b.JPG,9,ODOCOILEUS_VIRGINIANUS,2022-05-19 06:12:24,ODOCOILEUS_VIRGINIANUS
I_00084a (2).JPG,9,ODOCOILEUS_VIRGINIANUS,2022-05-19 06:35:28,ODOCOILEUS_VIRGINIANUS
I_00084a.JPG,9,ODOCOILEUS_VIRGINIANUS,2022-09-17 09:40:11,ODOCOILEUS_VIRGINIANUS
I_00084b (2).JPG,9,ODOCOILEUS_VIRGINIANUS,2022-05-19 06:35:28,ODOCOILEUS_VIRGINIANUS
I_00084b.JPG,9,ODOCOILEUS_VIRGINIANUS,2022-09-17 09:40:11,ODOCOILEUS_VIRGINIANUS
I_00085a (2).JPG,9,ODOCOILEUS_VIRGINIANUS,2022-06-07 15:31:24,ODOCOILEUS_VIRGINIANUS
I_00085a.JPG,9,ODOCOILEUS_VIRGINIANUS,2022-05-19 06:46:47,ODOCOILEUS_VIRGINIANUS
I_00085b (2).JPG,9,ODOCOILEUS_VIRGINIANUS,2022-06-07 15:31:24,ODOCOILEUS_VIRGINIANUS
I_00085b.JPG,9,ODOCOILEUS_VIRGINIANUS,2022-05-19 06:46:47,ODOCOILEUS_VIRGINIANUS
I_00086a (2).JPG,9,ODOCOILEUS_VIRGINIANUS,2022-05-19 06:54:25,ODOCOILEUS_VIRGINIANUS
I_00086a.JPG,9,ODOCOILEUS_VIRGINIANUS,2022-12-18 08:01:58,ODOCOILEUS_VIRGINIANUS
I_00086b (2).JPG,9,ODOCOILEUS_VIRGINIANUS,2022-05-19 06:54:25,ODOCOILEUS_VIRGINIANUS
I_00086b.JPG,9,ODOCOILEUS_VIRGINIANUS,2022-12-18 08:01:58,ODOCOILEUS_VIRGINIANUS
I_00086c.JPG,9,ODOCOILEUS_VIRGINIANUS,2022-12-18 08:01:58,ODOCOILEUS_VIRGINIANUS
I_00087a.JPG,9,ODOCOILEUS_VIRGINIANUS,2022-12-18 12:49:00,ODOCOILEUS_VIRGINIANUS
I_00087b.JPG,9,ODOCOILEUS_VIRGINIANUS,2022-12-18 12:49:00,ODOCOILEUS_VIRGINIANUS
I_00087c.JPG,9,ODOCOILEUS_VIRGINIANUS,2022-12-18 12:49:00,ODOCOILEUS_VIRGINIANUS
I_00088a.JPG,9,ODOCOILEUS_VIRGINIANUS,2022-12-19 09:02:06,ODOCOILEUS_VIRGINIANUS
I_00088b.JPG,9,ODOCOILEUS_VIRGINIANUS,2022-12-19 09:02:06,ODOCOILEUS_VIRGINIANUS
I_00088c.JPG,9,ODOCOILEUS_VIRGINIANUS,2022-12-19 09:02:06,ODOCOILEUS_VIRGINIANUS
I_00092a.JPG,9,ODOCOILEUS_VIRGINIANUS,2022-12-19 13:12:31,ODOCOILEUS_VIRGINIANUS
I_00092b.JPG,9,ODOCOILEUS_VIRGINIANUS,2022-12-19 13:12:31,ODOCOILEUS_VIRGINIANUS
I_00092c.JPG,9,ODOCOILEUS_VIRGINIANUS,2022-12-19 13:12:31,ODOCOILEUS_VIRGINIANUS
I_00093a.JPG,9,ODOCOILEUS_VIRGINIANUS,2022-09-19 18:28:44,ODOCOILEUS_VIRGINIANUS
I_00093b.JPG,9,ODOCOILEUS_VIRGINIANUS,2022-09-19 18:28:44,ODOCOILEUS_VIRGINIANUS
I_00115a.JPG,9,ODOCOILEUS_VIRGINIANUS,2022-06-09 11:31:07,ODOCOILEUS_VIRGINIANUS
I_00115b.JPG,9,ODOCOILEUS_VIRGINIANUS,2022-06-09 11:31:07,ODOCOILEUS_VIRGINIANUS
I_00119a.JPG,9,ODOCOILEUS_VIRGINIANUS,2022-10-28 11:43:04,ODOCOILEUS_VIRGINIANUS
I_00119b.JPG,9,ODOCOILEUS_VIRGINIANUS,2022-10-28 11:43:04,ODOCOILEUS_VIRGINIANUS
I_00137a.JPG,9,ODOCOILEUS_VIRGINIANUS,2022-11-01 16:01:47,ODOCOILEUS_VIRGINIANUS
I_00137b.JPG,9,ODOCOILEUS_VIRGINIANUS,2022-11-01 16:01:47,ODOCOILEUS_VIRGINIANUS
I_00137c.JPG,9,ODOCOILEUS_VIRGINIANUS,2022-11-01 16:01:47,ODOCOILEUS_VIRGINIANUS
I_00140a.JPG,9,ODOCOILEUS_VIRGINIANUS,2022-06-13 18:50:29,ODOCOILEUS_VIRGINIANUS
I_00141a.JPG,9,ODOCOILEUS_VIRGINIANUS,2022-11-03 13:03:34,ODOCOILEUS_VIRGINIANUS
I_00141b.JPG,9,ODOCOILEUS_VIRGINIANUS,2022-11-03 13:03:34,ODOCOILEUS_VIRGINIANUS
I_00141c.JPG,9,ODOCOILEUS_VIRGINIANUS,2022-11-03 13:03:34,ODOCOILEUS_VIRGINIANUS
I_00142a.JPG,9,ODOCOILEUS_VIRGINIANUS,2022-05-24 06:42:32,ODOCOILEUS_VIRGINIANUS
I_00142b.JPG,9,ODOCOILEUS_VIRGINIANUS,2022-05-24 06:42:32,ODOCOILEUS_VIRGINIANUS
I_00143a.JPG,9,ODOCOILEUS_VIRGINIANUS,2022-05-25 06:22:34,ODOCOILEUS_VIRGINIANUS
I_00143b.JPG,9,ODOCOILEUS_VIRGINIANUS,2022-05-25 06:22:34,ODOCOILEUS_VIRGINIANUS
I_00144a.JPG,9,ODOCOILEUS_VIRGINIANUS,2022-05-25 07:24:09,ODOCOILEUS_VIRGINIANUS
I_00144b.JPG,9,ODOCOILEUS_VIRGINIANUS,2022-05-25 07:24:09,ODOCOILEUS_VIRGINIANUS
I_00147a.JPG,9,ODOCOILEUS_VIRGINIANUS,2022-11-07 08:55:00,ODOCOILEUS_VIRGINIANUS
I_00147b.JPG,9,ODOCOILEUS_VIRGINIANUS,2022-11-07 08:55:00,ODOCOILEUS_VIRGINIANUS
I_00150c.JPG,9,ODOCOILEUS_VIRGINIANUS,2022-11-07 14:18:55,ODOCOILEUS_VIRGINIANUS
I_00151a.JPG,9,ODOCOILEUS_VIRGINIANUS,2022-11-07 14:24:16,ODOCOILEUS_VIRGINIANUS
I_00151b.JPG,9,ODOCOILEUS_VIRGINIANUS,2022-11-07 14:24:16,ODOCOILEUS_VIRGINIANUS
I_00151c.JPG,9,ODOCOILEUS_VIRGINIANUS,2022-11-07 14:24:16,ODOCOILEUS_VIRGINIANUS
I_00153a.JPG,9,ODOCOILEUS_VIRGINIANUS,2022-11-09 14:31:00,ODOCOILEUS_VIRGINIANUS
I_00153b.JPG,9,ODOCOILEUS_VIRGINIANUS,2022-11-09 14:31:00,ODOCOILEUS_VIRGINIANUS
I_00153c.JPG,9,ODOCOILEUS_VIRGINIANUS,2022-11-09 14:31:00,ODOCOILEUS_VIRGINIANUS
I_00156a.JPG,9,ODOCOILEUS_VIRGINIANUS,2022-11-10 11:04:26,ODOCOILEUS_VIRGINIANUS
I_00156b.JPG,9,ODOCOILEUS_VIRGINIANUS,2022-11-10 11:04:26,ODOCOILEUS_VIRGINIANUS
I_00156c.JPG,9,ODOCOILEUS_VIRGINIANUS,2022-11-10 11:04:26,ODOCOILEUS_VIRGINIANUS
I_00157a.JPG,9,ODOCOILEUS_VIRGINIANUS,2022-11-10 15:41:53,ODOCOILEUS_VIRGINIANUS
I_00157b.JPG,9,ODOCOILEUS_VIRGINIANUS,2022-11-10 15:41:53,ODOCOILEUS_VIRGINIANUS
I_00157c.JPG,9,ODOCOILEUS_VIRGINIANUS,2022-11-10 15:41:53,ODOCOILEUS_VIRGINIANUS
I_00158a.JPG,9,ODOCOILEUS_VIRGINIANUS,2022-12-17 06:16:58,ODOCOILEUS_VIRGINIANUS
I_00161a.JPG,9,ODOCOILEUS_VIRGINIANUS,2022-11-11 10:17:47,ODOCOILEUS_VIRGINIANUS
I_00163a (2).JPG,9,ODOCOILEUS_VIRGINIANUS,2022-11-11 10:28:52,ODOCOILEUS_VIRGINIANUS
I_00163a.JPG,9,ODOCOILEUS_VIRGINIANUS,2022-08-01 20:43:14,ODOCOILEUS_VIRGINIANUS
I_00163b.JPG,9,ODOCOILEUS_VIRGINIANUS,2022-11-11 10:28:52,ODOCOILEUS_VIRGINIANUS
I_00164a.JPG,9,ODOCOILEUS_VIRGINIANUS,2022-11-11 10:36:45,ODOCOILEUS_VIRGINIANUS
I_00164b.JPG,9,ODOCOILEUS_VIRGINIANUS,2022-11-11 10:36:45,ODOCOILEUS_VIRGINIANUS
I_00164c.JPG,9,ODOCOILEUS_VIRGINIANUS,2022-11-11 10:36:45,ODOCOILEUS_VIRGINIANUS
I_00166a.JPG,9,ODOCOILEUS_VIRGINIANUS,2022-11-11 10:51:17,ODOCOILEUS_VIRGINIANUS
I_00166c.JPG,9,ODOCOILEUS_VIRGINIANUS,2022-11-11 10:51:17,ODOCOILEUS_VIRGINIANUS
I_00167a.JPG,9,ODOCOILEUS_VIRGINIANUS,2022-11-11 11:01:23,ODOCOILEUS_VIRGINIANUS
I_00167b.JPG,9,ODOCOILEUS_VIRGINIANUS,2022-11-11 11:01:23,ODOCOILEUS_VIRGINIANUS
I_00167c.JPG,9,ODOCOILEUS_VIRGINIANUS,2022-11-11 11:01:23,ODOCOILEUS_VIRGINIANUS
I_00229a.JPG,9,ODOCOILEUS_VIRGINIANUS,2022-07-16 06:46:20,ODOCOILEUS_VIRGINIANUS
I_00229b.JPG,9,ODOCOILEUS_VIRGINIANUS,2022-07-16 06:46:20,ODOCOILEUS_VIRGINIANUS
I_00240a.JPG,9,ODOCOILEUS_VIRGINIANUS,2022-07-19 05:04:45,ODOCOILEUS_VIRGINIANUS
I_00264b.JPG,9,ODOCOILEUS_VIRGINIANUS,2022-07-23 07:13:44,ODOCOILEUS_VIRGINIANUS
I__00144.JPG,12,SCIURUS_OCOLATUS,2022-11-05 07:10:16,SCIURUS_OCOLATUS
I__00145.JPG,12,SCIURUS_OCOLATUS,2022-11-05 07:10:16,SCIURUS_OCOLATUS
I__00154.JPG,12,SCIURUS_OCOLATUS,2022-11-10 06:22:34,SCIURUS_OCOLATUS
I__001544.JPG,12,SCIURUS_OCOLATUS,2022-11-10 06:22:34,SCIURUS_OCOLATUS
I__00155.JPG,12,SCIURUS_OCOLATUS,2022-11-10 06:22:34,SCIURUS_OCOLATUS
I__00160.JPG,12,SCIURUS_OCOLATUS,2022-11-11 06:47:08,SCIURUS_OCOLATUS
I_00068a.JPG,13,SPILOGALE_GRACILIS,2022-07-22 04:43:04,SPILOGALE_GRACILIS
I_00080a.JPG,13,SPILOGALE_GRACILIS,2022-08-01 21:32:46,SPILOGALE_GRACILIS
I__00010.JPG,14,SYLVILAGUS_SP,2022-05-24 08:07:52,SYLVILAGUS_SP
I_00034a.JPG,14,SYLVILAGUS_SP,2022-09-12 19:13:42,SYLVILAGUS_SP
I_00034b.JPG,14,SYLVILAGUS_SP,2022-09-12 19:13:42,SYLVILAGUS_SP
I_00034c.JPG,14,SYLVILAGUS_SP,2022-09-12 19:13:42,SYLVILAGUS_SP
I_00037a.JPG,14,SYLVILAGUS_SP,2022-09-17 18:53:24,SYLVILAGUS_SP
I_00037b.JPG,14,SYLVILAGUS_SP,2022-09-17 18:53:24,SYLVILAGUS_SP
I_00037c.JPG,14,SYLVILAGUS_SP,2022-09-17 18:53:24,SYLVILAGUS_SP
I_00038a.JPG,14,SYLVILAGUS_SP,2022-09-19 18:29:55,SYLVILAGUS_SP
I_00038b.JPG,14,SYLVILAGUS_SP,2022-09-19 18:29:55,SYLVILAGUS_SP
I_00038c.JPG,14,SYLVILAGUS_SP,2022-09-19 18:29:55,SYLVILAGUS_SP
I_00041c.JPG,14,SYLVILAGUS_SP,2022-09-20 16:25:57,SYLVILAGUS_SP
I_00042a.JPG,14,SYLVILAGUS_SP,2022-09-20 16:36:38,SYLVILAGUS_SP
I_00042b.JPG,14,SYLVILAGUS_SP,2022-09-20 16:36:38,SYLVILAGUS_SP
I_00042c.JPG,14,SYLVILAGUS_SP,2022-09-20 16:36:38,SYLVILAGUS_SP
I_00043a.JPG,14,SYLVILAGUS_SP,2022-09-21 17:03:39,SYLVILAGUS_SP
I_00043b.JPG,14,SYLVILAGUS_SP,2022-09-21 17:03:39,SYLVILAGUS_SP
I_00043c.JPG,14,SYLVILAGUS_SP,2022-09-21 17:03:39,SYLVILAGUS_SP
I_00044a.JPG,14,SYLVILAGUS_SP,2022-09-21 17:12:04,SYLVILAGUS_SP
I_00045a.JPG,14,SYLVILAGUS_SP,2022-09-22 09:17:26,SYLVILAGUS_SP
I_00045b.JPG,14,SYLVILAGUS_SP,2022-09-22 09:17:26,SYLVILAGUS_SP
I_00045c.JPG,14,SYLVILAGUS_SP,2022-09-22 09:17:26,SYLVILAGUS_SP
I_00052a.JPG,14,SYLVILAGUS_SP,2022-10-04 09:20:01,SYLVILAGUS_SP
I_00052b.JPG,14,SYLVILAGUS_SP,2022-10-04 09:20:01,SYLVILAGUS_SP
I_00052c.JPG,14,SYLVILAGUS_SP,2022-10-04 09:20:01,SYLVILAGUS_SP
I_00053a.JPG,14,SYLVILAGUS_SP,2022-10-04 09:27:14,SYLVILAGUS_SP
I_00053b.JPG,14,SYLVILAGUS_SP,2022-10-04 09:27:14,SYLVILAGUS_SP
I_00053c.JPG,14,SYLVILAGUS_SP,2022-10-04 09:27:14,SYLVILAGUS_SP
I_00068a.JPG,14,SYLVILAGUS_SP,2022-06-01 08:33:38,SYLVILAGUS_SP
I_00068b.JPG,14,SYLVILAGUS_SP,2022-06-01 08:33:38,SYLVILAGUS_SP
I_00138a.JPG,14,SYLVILAGUS_SP,2022-11-02 06:54:12,SYLVILAGUS_SP
I_00138b.JPG,14,SYLVILAGUS_SP,2022-11-02 06:54:12,SYLVILAGUS_SP
BassariscusAstutus_01.JPG,1,BASSSEISCUS_ASTUTUS,2024-11-20 00:28:00,BASSSEISCUS_ASTUTUS
BassariscusAstutus_02.JPG,1,BASSSEISCUS_ASTUTUS,2024-11-22 19:04:00,BASSSEISCUS_ASTUTUS
BassariscusAstutus_03.JPG,1,BASSSEISCUS_ASTUTUS,2024-11-23 01:09:00,BASSSEISCUS_ASTUTUS
BassariscusAstutus_04.JPG,1,BASSSEISCUS_ASTUTUS,2024-11-22 23:59:00,BASSSEISCUS_ASTUTUS
BassariscusAstutus_05.JPG,1,BASSSEISCUS_ASTUTUS,2024-11-22 19:03:00,BASSSEISCUS_ASTUTUS
BassariscusAstutus_06.JPG,1,BASSSEISCUS_ASTUTUS,2024-11-15 22:01:00,BASSSEISCUS_ASTUTUS
BassariscusAstutus_07.JPG,1,BASSSEISCUS_ASTUTUS,2024-11-15 01:14:00,BASSSEISCUS_ASTUTUS
BassariscusAstutus_08.JPG,1,BASSSEISCUS_ASTUTUS,2024-11-14 22:54:00,BASSSEISCUS_ASTUTUS
BassariscusAstutus_09.JPG,1,BASSSEISCUS_ASTUTUS,2024-08-09 01:24:00,BASSSEISCUS_ASTUTUS
BassariscusAstutus_10.JPG,1,BASSSEISCUS_ASTUTUS,2023-05-07 08:55:00,BASSSEISCUS_ASTUTUS
BassariscusAstutus_107.JPG,1,BASSSEISCUS_ASTUTUS,2023-09-14 02:30:00,BASSSEISCUS_ASTUTUS
BassariscusAstutus_108.JPG,1,BASSSEISCUS_ASTUTUS,2023-09-14 01:18:00,BASSSEISCUS_ASTUTUS
BassariscusAstutus_109.JPG,1,BASSSEISCUS_ASTUTUS,2023-08-31 08:25:00,BASSSEISCUS_ASTUTUS
BassariscusAstutus_11.JPG,1,BASSSEISCUS_ASTUTUS,2024-09-07 23:46:28,BASSSEISCUS_ASTUTUS
BassariscusAstutus_110.JPG,1,BASSSEISCUS_ASTUTUS,2023-08-28 22:35:16,BASSSEISCUS_ASTUTUS
BassariscusAstutus_117.JPG,1,BASSSEISCUS_ASTUTUS,2023-07-30 06:16:24,BASSSEISCUS_ASTUTUS
BassariscusAstutus_129.JPG,1,BASSSEISCUS_ASTUTUS,2023-03-26 21:32:00,BASSSEISCUS_ASTUTUS
BassariscusAstutus_13.JPG,1,BASSSEISCUS_ASTUTUS,2024-08-03,BASSSEISCUS_ASTUTUS
BassariscusAstutus_130.JPG,1,BASSSEISCUS_ASTUTUS,2023-03-19 01:35:00,BASSSEISCUS_ASTUTUS
BassariscusAstutus_131.JPG,1,BASSSEISCUS_ASTUTUS,2023-03-18 23:01:00,BASSSEISCUS_ASTUTUS
BassariscusAstutus_132.JPG,1,BASSSEISCUS_ASTUTUS,2023-03-18 22:52:00,BASSSEISCUS_ASTUTUS
BassariscusAstutus_133.JPG,1,BASSSEISCUS_ASTUTUS,2023-03-16 05:47:00,BASSSEISCUS_ASTUTUS
BassariscusAstutus_134.JPG,1,BASSSEISCUS_ASTUTUS,2023-03-14 20:34:00,BASSSEISCUS_ASTUTUS
BassariscusAstutus_135.JPG,1,BASSSEISCUS_ASTUTUS,2023-03-14 20:33:00,BASSSEISCUS_ASTUTUS
BassariscusAstutus_139.JPG,1,BASSSEISCUS_ASTUTUS,2023-03-16 21:24:15,BASSSEISCUS_ASTUTUS
BassariscusAstutus_140.JPG,1,BASSSEISCUS_ASTUTUS,2023-03-13 20:43:00,BASSSEISCUS_ASTUTUS
BassariscusAstutus_149.JPG,1,BASSSEISCUS_ASTUTUS,2020-10-05 06:34:00,BASSSEISCUS_ASTUTUS
BassariscusAstutus_15.JPG,1,BASSSEISCUS_ASTUTUS,2023-05-06 08:10:11,BASSSEISCUS_ASTUTUS
BassariscusAstutus_150.JPG,1,BASSSEISCUS_ASTUTUS,2020-03-02 02:56:00,BASSSEISCUS_ASTUTUS
BassariscusAstutus_16.JPG,1,BASSSEISCUS_ASTUTUS,2024-04-07 16:59:00,BASSSEISCUS_ASTUTUS
BassariscusAstutus_20.JPG,1,BASSSEISCUS_ASTUTUS,2024-03-16,BASSSEISCUS_ASTUTUS
BassariscusAstutus_21.JPG,1,BASSSEISCUS_ASTUTUS,2024-03-12 21:45:00,BASSSEISCUS_ASTUTUS
BassariscusAstutus_22.JPG,1,BASSSEISCUS_ASTUTUS,2024-02-20 21:11:00,BASSSEISCUS_ASTUTUS
BassariscusAstutus_23.JPG,1,BASSSEISCUS_ASTUTUS,2024-02-21 01:21:00,BASSSEISCUS_ASTUTUS
BassariscusAstutus_24.JPG,1,BASSSEISCUS_ASTUTUS,2024-01-31 23:00:00,BASSSEISCUS_ASTUTUS
BassariscusAstutus_26.JPG,1,BASSSEISCUS_ASTUTUS,2024-02-01 03:49:00,BASSSEISCUS_ASTUTUS
BassariscusAstutus_30.JPG,1,BASSSEISCUS_ASTUTUS,2024-01-21 16:04:30,BASSSEISCUS_ASTUTUS
BassariscusAstutus_33.JPG,1,BASSSEISCUS_ASTUTUS,2024-01-09 07:32:31,BASSSEISCUS_ASTUTUS
BassariscusAstutus_34.JPG,1,BASSSEISCUS_ASTUTUS,2023-12-19,BASSSEISCUS_ASTUTUS
BassariscusAstutus_35.JPG,1,BASSSEISCUS_ASTUTUS,2023-12-16,BASSSEISCUS_ASTUTUS
BassariscusAstutus_36.JPG,1,BASSSEISCUS_ASTUTUS,2022-11-14 02:50:00,BASSSEISCUS_ASTUTUS
BassariscusAstutus_37.JPG,1,BASSSEISCUS_ASTUTUS,2023-11-03 01:47:00,BASSSEISCUS_ASTUTUS
BassariscusAstutus_38.JPG,1,BASSSEISCUS_ASTUTUS,2023-10-24 00:46:00,BASSSEISCUS_ASTUTUS
BassariscusAstutus_39.JPG,1,BASSSEISCUS_ASTUTUS,2023-09-21,BASSSEISCUS_ASTUTUS
BassariscusAstutus_40.JPG,1,BASSSEISCUS_ASTUTUS,2023-09-20,BASSSEISCUS_ASTUTUS
BassariscusAstutus_41.JPG,1,BASSSEISCUS_ASTUTUS,2023-09-18,BASSSEISCUS_ASTUTUS
BassariscusAstutus_42.JPG,1,BASSSEISCUS_ASTUTUS,2023-09-16,BASSSEISCUS_ASTUTUS
BassariscusAstutus_60.JPG,1,BASSSEISCUS_ASTUTUS,2023-09-12,BASSSEISCUS_ASTUTUS
BassariscusAstutus_61.JPG,1,BASSSEISCUS_ASTUTUS,2023-09-10,BASSSEISCUS_ASTUTUS
BassariscusAstutus_62.JPG,1,BASSSEISCUS_ASTUTUS,2023-09-04,BASSSEISCUS_ASTUTUS
BassariscusAstutus_63.JPG,1,BASSSEISCUS_ASTUTUS,2023-09-01,BASSSEISCUS_ASTUTUS
BassariscusAstutus_64.JPG,1,BASSSEISCUS_ASTUTUS,2023-08-26,BASSSEISCUS_ASTUTUS
BassariscusAstutus_66.JPG,1,BASSSEISCUS_ASTUTUS,2023-08-09 21:01:00,BASSSEISCUS_ASTUTUS
BassariscusAstutus_67.JPG,1,BASSSEISCUS_ASTUTUS,2023-08-13 00:53:00,BASSSEISCUS_ASTUTUS
BassariscusAstutus_77.JPG,1,BASSSEISCUS_ASTUTUS,2023-11-26 23:42:33,BASSSEISCUS_ASTUTUS
BassariscusAstutus_79.JPG,1,BASSSEISCUS_ASTUTUS,2023-11-01,BASSSEISCUS_ASTUTUS
BassariscusAstutus_80.JPG,1,BASSSEISCUS_ASTUTUS,2023-10-30 21:21:00,BASSSEISCUS_ASTUTUS
BassariscusAstutus_81.JPG,1,BASSSEISCUS_ASTUTUS,2023-10-29,BASSSEISCUS_ASTUTUS
BassariscusAstutus_82.JPG,1,BASSSEISCUS_ASTUTUS,2023-10-24,BASSSEISCUS_ASTUTUS
BassariscusAstutus_83.JPG,1,BASSSEISCUS_ASTUTUS,2023-10-20,BASSSEISCUS_ASTUTUS
BassariscusAstutus_84.JPG,1,BASSSEISCUS_ASTUTUS,2023-10-14,BASSSEISCUS_ASTUTUS
BassariscusAstutus_86.JPG,1,BASSSEISCUS_ASTUTUS,2023-10-17,BASSSEISCUS_ASTUTUS
BassariscusAstutus_87.JPG,1,BASSSEISCUS_ASTUTUS,2023-10-06,BASSSEISCUS_ASTUTUS
BassariscusAstutus_88.JPG,1,BASSSEISCUS_ASTUTUS,2023-09-29,BASSSEISCUS_ASTUTUS
BassariscusAstutus_89.JPG,1,BASSSEISCUS_ASTUTUS,2023-09-04,BASSSEISCUS_ASTUTUS
BassariscusAstutus_90.JPG,1,BASSSEISCUS_ASTUTUS,2023-10-02,BASSSEISCUS_ASTUTUS
BassariscusAstutus_91.JPG,1,BASSSEISCUS_ASTUTUS,2023-09-28 08:01:00,BASSSEISCUS_ASTUTUS
DidelphisVirginiana_01.JPG,3,DIDELPHIS_VIRGINIATA,2024-08-28 11:15:34,DIDELPHIS_VIRGINIATA
DidelphisVirginiana_03.JPG,3,DIDELPHIS_VIRGINIATA,2024-02-16 13:11:00,DIDELPHIS_VIRGINIATA
DidelphisVirginiana_04.JPG,3,DIDELPHIS_VIRGINIATA,2020-10-24 16:16:49,DIDELPHIS_VIRGINIATA
DidelphisVirginiana_05.JPG,3,DIDELPHIS_VIRGINIATA,2023-08-03 09:10:00,DIDELPHIS_VIRGINIATA
DidelphisVirginiana_06.JPG,3,DIDELPHIS_VIRGINIATA,2024-01-21 16:04:06,DIDELPHIS_VIRGINIATA
DidelphisVirginiana_07.JPG,3,DIDELPHIS_VIRGINIATA,2024-01-11 17:26:29,DIDELPHIS_VIRGINIATA
DidelphisVirginiana_08.JPG,3,DIDELPHIS_VIRGINIATA,2024-01-11 17:26:39,DIDELPHIS_VIRGINIATA
DidelphisVirginiana_09.JPG,3,DIDELPHIS_VIRGINIATA,2024-01-01 13:42:51,DIDELPHIS_VIRGINIATA
DidelphisVirginiana_10.JPG,3,DIDELPHIS_VIRGINIATA,2023-12-16,DIDELPHIS_VIRGINIATA
DidelphisVirginiana_100.JPG,3,DIDELPHIS_VIRGINIATA,2021-08-18 18:09:00,DIDELPHIS_VIRGINIATA
DidelphisVirginiana_102.JPG,3,DIDELPHIS_VIRGINIATA,2010-07-06 16:50:00,DIDELPHIS_VIRGINIATA
DidelphisVirginiana_103.JPG,3,DIDELPHIS_VIRGINIATA,2016-06-27 14:12:00,DIDELPHIS_VIRGINIATA
DidelphisVirginiana_104.JPG,3,DIDELPHIS_VIRGINIATA,2021-06-26 17:04:34,DIDELPHIS_VIRGINIATA
DidelphisVirginiana_105.JPG,3,DIDELPHIS_VIRGINIATA,2021-06-18 14:10:00,DIDELPHIS_VIRGINIATA
DidelphisVirginiana_106.JPG,3,DIDELPHIS_VIRGINIATA,2021-06-18 15:19:50,DIDELPHIS_VIRGINIATA
DidelphisVirginiana_108.JPG,3,DIDELPHIS_VIRGINIATA,2021-06-10 21:23:00,DIDELPHIS_VIRGINIATA
DidelphisVirginiana_109.JPG,3,DIDELPHIS_VIRGINIATA,2021-05-24 05:00:00,DIDELPHIS_VIRGINIATA
DidelphisVirginiana_11.JPG,3,DIDELPHIS_VIRGINIATA,2023-09-30,DIDELPHIS_VIRGINIATA
DidelphisVirginiana_110.JPG,3,DIDELPHIS_VIRGINIATA,2021-05-21 10:22:48,DIDELPHIS_VIRGINIATA
DidelphisVirginiana_111.JPG,3,DIDELPHIS_VIRGINIATA,2021-05-16 12:00:35,DIDELPHIS_VIRGINIATA
DidelphisVirginiana_112.JPG,3,DIDELPHIS_VIRGINIATA,2020-06-14 05:33:00,DIDELPHIS_VIRGINIATA
DidelphisVirginiana_114.JPG,3,DIDELPHIS_VIRGINIATA,2021-05-06 22:30:00,DIDELPHIS_VIRGINIATA
DidelphisVirginiana_115.JPG,3,DIDELPHIS_VIRGINIATA,2021-05-06 12:04:01,DIDELPHIS_VIRGINIATA
DidelphisVirginiana_116.JPG,3,DIDELPHIS_VIRGINIATA,2020-07-04 22:05:00,DIDELPHIS_VIRGINIATA
DidelphisVirginiana_117.JPG,3,DIDELPHIS_VIRGINIATA,2020-04-19 16:43:00,DIDELPHIS_VIRGINIATA
DidelphisVirginiana_119.JPG,3,DIDELPHIS_VIRGINIATA,2018-06-18 23:31:00,DIDELPHIS_VIRGINIATA
DidelphisVirginiana_12.JPG,3,DIDELPHIS_VIRGINIATA,2023-11-10 03:54:00,DIDELPHIS_VIRGINIATA
DidelphisVirginiana_120.JPG,3,DIDELPHIS_VIRGINIATA,2021-04-27 07:52:00,DIDELPHIS_VIRGINIATA
DidelphisVirginiana_121.JPG,3,DIDELPHIS_VIRGINIATA,2021-03-30 10:51:08,DIDELPHIS_VIRGINIATA
DidelphisVirginiana_122.JPG,3,DIDELPHIS_VIRGINIATA,2021-03-30 10:48:28,DIDELPHIS_VIRGINIATA
DidelphisVirginiana_123.JPG,3,DIDELPHIS_VIRGINIATA,2021-03-21 18:25:31,DIDELPHIS_VIRGINIATA
DidelphisVirginiana_124.JPG,3,DIDELPHIS_VIRGINIATA,2021-03-05 20:37:00,DIDELPHIS_VIRGINIATA
DidelphisVirginiana_125.JPG,3,DIDELPHIS_VIRGINIATA,2017-07-25 01:09:00,DIDELPHIS_VIRGINIATA
DidelphisVirginiana_126.JPG,3,DIDELPHIS_VIRGINIATA,2017-07-23 21:40:00,DIDELPHIS_VIRGINIATA
DidelphisVirginiana_127.JPG,3,DIDELPHIS_VIRGINIATA,2017-07-22 22:15:00,DIDELPHIS_VIRGINIATA
DidelphisVirginiana_128.JPG,3,DIDELPHIS_VIRGINIATA,2017-07-22 23:55:00,DIDELPHIS_VIRGINIATA
DidelphisVirginiana_129.JPG,3,DIDELPHIS_VIRGINIATA,2017-07-11 01:47:00,DIDELPHIS_VIRGINIATA
DidelphisVirginiana_13.JPG,3,DIDELPHIS_VIRGINIATA,2023-11-16 00:48:00,DIDELPHIS_VIRGINIATA
DidelphisVirginiana_130.JPG,3,DIDELPHIS_VIRGINIATA,2017-07-01 04:14:00,DIDELPHIS_VIRGINIATA
DidelphisVirginiana_131.JPG,3,DIDELPHIS_VIRGINIATA,2017-07-01 01:30:00,DIDELPHIS_VIRGINIATA
DidelphisVirginiana_132.JPG,3,DIDELPHIS_VIRGINIATA,2017-06-30 05:41:00,DIDELPHIS_VIRGINIATA
DidelphisVirginiana_133.JPG,3,DIDELPHIS_VIRGINIATA,2017-06-28 05:36:00,DIDELPHIS_VIRGINIATA
DidelphisVirginiana_134.JPG,3,DIDELPHIS_VIRGINIATA,2017-06-26 06:02:00,DIDELPHIS_VIRGINIATA
DidelphisVirginiana_135.JPG,3,DIDELPHIS_VIRGINIATA,2017-06-25 00:05:00,DIDELPHIS_VIRGINIATA
DidelphisVirginiana_136.JPG,3,DIDELPHIS_VIRGINIATA,2017-06-22 21:45:00,DIDELPHIS_VIRGINIATA
DidelphisVirginiana_137.JPG,3,DIDELPHIS_VIRGINIATA,2017-05-11 21:17:00,DIDELPHIS_VIRGINIATA
DidelphisVirginiana_138.JPG,3,DIDELPHIS_VIRGINIATA,2017-05-05 01:44:00,DIDELPHIS_VIRGINIATA
DidelphisVirginiana_139.JPG,3,DIDELPHIS_VIRGINIATA,2017-07-21 22:58:00,DIDELPHIS_VIRGINIATA
DidelphisVirginiana_14.JPG,3,DIDELPHIS_VIRGINIATA,2023-09-29,DIDELPHIS_VIRGINIATA
DidelphisVirginiana_140.JPG,3,DIDELPHIS_VIRGINIATA,2020-12-08 11:19:00,DIDELPHIS_VIRGINIATA
DidelphisVirginiana_141.JPG,3,DIDELPHIS_VIRGINIATA,2021-02-22 20:50:00,DIDELPHIS_VIRGINIATA
DidelphisVirginiana_142.JPG,3,DIDELPHIS_VIRGINIATA,2021-02-19 19:34:00,DIDELPHIS_VIRGINIATA
DidelphisVirginiana_143.JPG,3,DIDELPHIS_VIRGINIATA,2021-02-01 14:18:00,DIDELPHIS_VIRGINIATA
DidelphisVirginiana_144.JPG,3,DIDELPHIS_VIRGINIATA,2021-01-27 07:38:00,DIDELPHIS_VIRGINIATA
DidelphisVirginiana_145.JPG,3,DIDELPHIS_VIRGINIATA,2020-11-05 21:09:00,DIDELPHIS_VIRGINIATA
DidelphisVirginiana_146.JPG,3,DIDELPHIS_VIRGINIATA,2020-10-28 04:33:00,DIDELPHIS_VIRGINIATA
DidelphisVirginiana_147.JPG,3,DIDELPHIS_VIRGINIATA,2020-11-25 22:43:00,DIDELPHIS_VIRGINIATA
DidelphisVirginiana_148.JPG,3,DIDELPHIS_VIRGINIATA,2020-10-15 10:10:35,DIDELPHIS_VIRGINIATA
DidelphisVirginiana_149.JPG,3,DIDELPHIS_VIRGINIATA,2013-06-08 23:41:00,DIDELPHIS_VIRGINIATA
DidelphisVirginiana_15.JPG,3,DIDELPHIS_VIRGINIATA,2023-09-28,DIDELPHIS_VIRGINIATA
DidelphisVirginiana_150.JPG,3,DIDELPHIS_VIRGINIATA,2013-11-24 10:56:00,DIDELPHIS_VIRGINIATA
DidelphisVirginiana_16.JPG,3,DIDELPHIS_VIRGINIATA,2023-10-29 03:03:00,DIDELPHIS_VIRGINIATA
DidelphisVirginiana_17.JPG,3,DIDELPHIS_VIRGINIATA,2023-10-26 05:45:00,DIDELPHIS_VIRGINIATA
DidelphisVirginiana_18.JPG,3,DIDELPHIS_VIRGINIATA,2023-09-06 20:41:00,DIDELPHIS_VIRGINIATA
DidelphisVirginiana_19.JPG,3,DIDELPHIS_VIRGINIATA,2020-01-15 21:34:00,DIDELPHIS_VIRGINIATA
DidelphisVirginiana_20.JPG,3,DIDELPHIS_VIRGINIATA,2020-01-13 04:47:00,DIDELPHIS_VIRGINIATA
DidelphisVirginiana_21.JPG,3,DIDELPHIS_VIRGINIATA,2020-01-12 05:58:00,DIDELPHIS_VIRGINIATA
DidelphisVirginiana_22.JPG,3,DIDELPHIS_VIRGINIATA,2020-01-11 20:10:00,DIDELPHIS_VIRGINIATA
DidelphisVirginiana_23.JPG,3,DIDELPHIS_VIRGINIATA,2020-01-09 04:28:00,DIDELPHIS_VIRGINIATA
DidelphisVirginiana_24.JPG,3,DIDELPHIS_VIRGINIATA,2020-01-07 01:43:00,DIDELPHIS_VIRGINIATA
DidelphisVirginiana_25.JPG,3,DIDELPHIS_VIRGINIATA,2020-01-03 21:56:00,DIDELPHIS_VIRGINIATA
DidelphisVirginiana_26.JPG,3,DIDELPHIS_VIRGINIATA,2020-01-03 16:29:00,DIDELPHIS_VIRGINIATA
DidelphisVirginiana_27.JPG,3,DIDELPHIS_VIRGINIATA,2020-01-02 20:39:00,DIDELPHIS_VIRGINIATA
DidelphisVirginiana_28.JPG,3,DIDELPHIS_VIRGINIATA,2023-11-25 13:28:21,DIDELPHIS_VIRGINIATA
DidelphisVirginiana_29.JPG,3,DIDELPHIS_VIRGINIATA,2020-10-11 20:55:44,DIDELPHIS_VIRGINIATA
DidelphisVirginiana_30.JPG,3,DIDELPHIS_VIRGINIATA,2023-11-01,DIDELPHIS_VIRGINIATA
DidelphisVirginiana_31.JPG,3,DIDELPHIS_VIRGINIATA,2023-10-08,DIDELPHIS_VIRGINIATA
DidelphisVirginiana_32.JPG,3,DIDELPHIS_VIRGINIATA,2023-09-30,DIDELPHIS_VIRGINIATA
DidelphisVirginiana_33.JPG,3,DIDELPHIS_VIRGINIATA,2023-09-29,DIDELPHIS_VIRGINIATA
DidelphisVirginiana_34.JPG,3,DIDELPHIS_VIRGINIATA,2023-09-30 03:00:00,DIDELPHIS_VIRGINIATA
DidelphisVirginiana_35.JPG,3,DIDELPHIS_VIRGINIATA,2023-09-24,DIDELPHIS_VIRGINIATA
DidelphisVirginiana_36.JPG,3,DIDELPHIS_VIRGINIATA,2023-09-14 01:25:00,DIDELPHIS_VIRGINIATA
DidelphisVirginiana_38.JPG,3,DIDELPHIS_VIRGINIATA,2023-07-20 12:47:00,DIDELPHIS_VIRGINIATA
DidelphisVirginiana_41.JPG,3,DIDELPHIS_VIRGINIATA,2023-06-22,DIDELPHIS_VIRGINIATA
DidelphisVirginiana_42.JPG,3,DIDELPHIS_VIRGINIATA,2023-06-17 15:39:59,DIDELPHIS_VIRGINIATA
DidelphisVirginiana_43.JPG,3,DIDELPHIS_VIRGINIATA,2023-06-16 11:11:00,DIDELPHIS_VIRGINIATA
DidelphisVirginiana_44.JPG,3,DIDELPHIS_VIRGINIATA,2023-05-21 12:38:49,DIDELPHIS_VIRGINIATA
DidelphisVirginiana_45.JPG,3,DIDELPHIS_VIRGINIATA,2023-06-09 18:50:45,DIDELPHIS_VIRGINIATA
DidelphisVirginiana_46.JPG,3,DIDELPHIS_VIRGINIATA,2023-06-08 11:37:41,DIDELPHIS_VIRGINIATA
DidelphisVirginiana_47.JPG,3,DIDELPHIS_VIRGINIATA,2023-02-26 09:14:17,DIDELPHIS_VIRGINIATA
DidelphisVirginiana_48.JPG,3,DIDELPHIS_VIRGINIATA,2023-06-01 14:40:00,DIDELPHIS_VIRGINIATA
DidelphisVirginiana_51.JPG,3,DIDELPHIS_VIRGINIATA,2023-04-28 08:39:08,DIDELPHIS_VIRGINIATA
DidelphisVirginiana_52.JPG,3,DIDELPHIS_VIRGINIATA,2023-04-20 17:29:00,DIDELPHIS_VIRGINIATA
DidelphisVirginiana_53.JPG,3,DIDELPHIS_VIRGINIATA,2021-03-14 17:13:16,DIDELPHIS_VIRGINIATA
DidelphisVirginiana_54.JPG,3,DIDELPHIS_VIRGINIATA,2021-06-07 15:49:24,DIDELPHIS_VIRGINIATA
DidelphisVirginiana_55.JPG,3,DIDELPHIS_VIRGINIATA,2023-01-21 22:00:00,DIDELPHIS_VIRGINIATA
DidelphisVirginiana_56.JPG,3,DIDELPHIS_VIRGINIATA,2023-03-03 11:23:00,DIDELPHIS_VIRGINIATA
DidelphisVirginiana_57.JPG,3,DIDELPHIS_VIRGINIATA,2023-02-15 21:04:41,DIDELPHIS_VIRGINIATA
DidelphisVirginiana_58.JPG,3,DIDELPHIS_VIRGINIATA,2023-02-14 20:12:00,DIDELPHIS_VIRGINIATA
DidelphisVirginiana_59.JPG,3,DIDELPHIS_VIRGINIATA,2023-02-03 16:00:00,DIDELPHIS_VIRGINIATA
DidelphisVirginiana_60.JPG,3,DIDELPHIS_VIRGINIATA,2019-02-14 04:30:00,DIDELPHIS_VIRGINIATA
DidelphisVirginiana_61.JPG,3,DIDELPHIS_VIRGINIATA,2019-01-27 22:27:00,DIDELPHIS_VIRGINIATA
DidelphisVirginiana_62.JPG,3,DIDELPHIS_VIRGINIATA,2019-01-12 22:52:00,DIDELPHIS_VIRGINIATA
DidelphisVirginiana_63.JPG,3,DIDELPHIS_VIRGINIATA,2022-12-10 21:02:00,DIDELPHIS_VIRGINIATA
DidelphisVirginiana_64.JPG,3,DIDELPHIS_VIRGINIATA,2022-12-06 00:09:00,DIDELPHIS_VIRGINIATA
DidelphisVirginiana_65.JPG,3,DIDELPHIS_VIRGINIATA,2022-12-06 00:19:00,DIDELPHIS_VIRGINIATA
DidelphisVirginiana_66.JPG,3,DIDELPHIS_VIRGINIATA,2022-11-25 02:09:00,DIDELPHIS_VIRGINIATA
DidelphisVirginiana_67.JPG,3,DIDELPHIS_VIRGINIATA,2022-11-20 18:18:00,DIDELPHIS_VIRGINIATA
DidelphisVirginiana_68.JPG,3,DIDELPHIS_VIRGINIATA,2022-11-27 04:27:00,DIDELPHIS_VIRGINIATA
DidelphisVirginiana_69.JPG,3,DIDELPHIS_VIRGINIATA,2022-11-23 19:08:00,DIDELPHIS_VIRGINIATA
DidelphisVirginiana_70.JPG,3,DIDELPHIS_VIRGINIATA,2022-11-24 02:26:00,DIDELPHIS_VIRGINIATA
DidelphisVirginiana_71.JPG,3,DIDELPHIS_VIRGINIATA,2022-12-20 10:31:38,DIDELPHIS_VIRGINIATA
DidelphisVirginiana_72.JPG,3,DIDELPHIS_VIRGINIATA,2022-12-05 20:27:42,DIDELPHIS_VIRGINIATA
DidelphisVirginiana_73.JPG,3,DIDELPHIS_VIRGINIATA,2022-10-31 00:18:00,DIDELPHIS_VIRGINIATA
DidelphisVirginiana_74.JPG,3,DIDELPHIS_VIRGINIATA,2022-11-20 16:15:55,DIDELPHIS_VIRGINIATA
DidelphisVirginiana_75.JPG,3,DIDELPHIS_VIRGINIATA,2022-11-07 08:49:34,DIDELPHIS_VIRGINIATA
DidelphisVirginiana_77.JPG,3,DIDELPHIS_VIRGINIATA,2022-10-04 18:06:06,DIDELPHIS_VIRGINIATA
DidelphisVirginiana_78.JPG,3,DIDELPHIS_VIRGINIATA,2022-09-15 09:01:00,DIDELPHIS_VIRGINIATA
DidelphisVirginiana_79.JPG,3,DIDELPHIS_VIRGINIATA,2022-09-17 10:33:00,DIDELPHIS_VIRGINIATA
DidelphisVirginiana_81.JPG,3,DIDELPHIS_VIRGINIATA,2022-09-06 09:14:12,DIDELPHIS_VIRGINIATA
DidelphisVirginiana_83.JPG,3,DIDELPHIS_VIRGINIATA,2022-06-18 03:21:00,DIDELPHIS_VIRGINIATA
DidelphisVirginiana_84.JPG,3,DIDELPHIS_VIRGINIATA,2022-07-09 18:37:42,DIDELPHIS_VIRGINIATA
DidelphisVirginiana_85.JPG,3,DIDELPHIS_VIRGINIATA,2022-04-05 08:09:04,DIDELPHIS_VIRGINIATA
DidelphisVirginiana_86.JPG,3,DIDELPHIS_VIRGINIATA,2022-04-12 17:21:07,DIDELPHIS_VIRGINIATA
DidelphisVirginiana_87.JPG,3,DIDELPHIS_VIRGINIATA,2022-02-09 18:03:17,DIDELPHIS_VIRGINIATA
DidelphisVirginiana_89.JPG,3,DIDELPHIS_VIRGINIATA,2020-08-24 22:36:49,DIDELPHIS_VIRGINIATA
DidelphisVirginiana_90.JPG,3,DIDELPHIS_VIRGINIATA,2022-02-13 09:08:00,DIDELPHIS_VIRGINIATA
DidelphisVirginiana_91.JPG,3,DIDELPHIS_VIRGINIATA,2022-02-18 15:55:48,DIDELPHIS_VIRGINIATA
DidelphisVirginiana_92.JPG,3,DIDELPHIS_VIRGINIATA,2022-02-14 21:47:58,DIDELPHIS_VIRGINIATA
DidelphisVirginiana_95.JPG,3,DIDELPHIS_VIRGINIATA,2021-11-05 11:23:59,DIDELPHIS_VIRGINIATA
DidelphisVirginiana_97.JPG,3,DIDELPHIS_VIRGINIATA,2021-08-24 19:25:15,DIDELPHIS_VIRGINIATA
DidelphisVirginiana_98.JPG,3,DIDELPHIS_VIRGINIATA,2021-08-24 17:48:48,DIDELPHIS_VIRGINIATA
DidelphisVirginiana_99.JPG,3,DIDELPHIS_VIRGINIATA,2021-08-24 17:50:47,DIDELPHIS_VIRGINIATA
LeopardusWiedii_01.JPG,5,LEOPARDU_wiedii,2023-10-27 05:04:00,LEOPARDU_wiedii
LeopardusWiedii_02.JPG,5,LEOPARDU_wiedii,2020-01-30 15:29:00,LEOPARDU_wiedii
LeopardusWiedii_03.JPG,5,LEOPARDU_wiedii,2020-01-11 21:46:00,LEOPARDU_wiedii
LeopardusWiedii_04.JPG,5,LEOPARDU_wiedii,2020-01-03 03:41:00,LEOPARDU_wiedii
LeopardusWiedii_05.JPG,5,LEOPARDU_wiedii,2019-09-19 23:40:00,LEOPARDU_wiedii
LeopardusWiedii_06.JPG,5,LEOPARDU_wiedii,2020-08-13 22:30:00,LEOPARDU_wiedii
LeopardusWiedii_07.JPG,5,LEOPARDU_wiedii,2020-02-12 05:31:00,LEOPARDU_wiedii
LeopardusWiedii_08.JPG,5,LEOPARDU_wiedii,2020-02-07 02:38:00,LEOPARDU_wiedii
LeopardusWiedii_09.JPG,5,LEOPARDU_wiedii,2020-02-01 05:46:00,LEOPARDU_wiedii
LeopardusWiedii_10.JPG,5,LEOPARDU_wiedii,2020-01-28 01:20:00,LEOPARDU_wiedii
LeopardusWiedii_11.JPG,5,LEOPARDU_wiedii,2020-01-26 05:57:00,LEOPARDU_wiedii
LeopardusWiedii_12.JPG,5,LEOPARDU_wiedii,2019-05-16 14:23:00,LEOPARDU_wiedii
LeopardusWiedii_13.JPG,5,LEOPARDU_wiedii,2019-12-27 00:59:00,LEOPARDU_wiedii
LeopardusWiedii_14.JPG,5,LEOPARDU_wiedii,2020-06-17 18:40:00,LEOPARDU_wiedii
LeopardusWiedii_15.JPG,5,LEOPARDU_wiedii,2020-01-01 01:38:00,LEOPARDU_wiedii
LeopardusWiedii_16.JPG,5,LEOPARDU_wiedii,2019-04-09 05:04:00,LEOPARDU_wiedii
LeopardusWiedii_17.JPG,5,LEOPARDU_wiedii,2019-02-25 04:41:00,LEOPARDU_wiedii
LeopardusWiedii_18.JPG,5,LEOPARDU_wiedii,2019-01-31 22:35:00,LEOPARDU_wiedii
LeopardusWiedii_19.JPG,5,LEOPARDU_wiedii,2019-03-01 01:36:00,LEOPARDU_wiedii
LeopardusWiedii_20.JPG,5,LEOPARDU_wiedii,2019-09-20 04:23:00,LEOPARDU_wiedii
LeopardusWiedii_21.JPG,5,LEOPARDU_wiedii,2020-02-05 23:22:00,LEOPARDU_wiedii
LeopardusWiedii_22.JPG,5,LEOPARDU_wiedii,2019-01-20 00:23:00,LEOPARDU_wiedii
LeopardusWiedii_23.JPG,5,LEOPARDU_wiedii,2019-01-15 20:08:00,LEOPARDU_wiedii
LeopardusWiedii_24.JPG,5,LEOPARDU_wiedii,2019-01-05 23:50:00,LEOPARDU_wiedii
LeopardusWiedii_25.JPG,5,LEOPARDU_wiedii,2020-06-02 09:57:00,LEOPARDU_wiedii
LeopardusWiedii_26.JPG,5,LEOPARDU_wiedii,2020-04-26 02:19:00,LEOPARDU_wiedii
LeopardusWiedii_27.JPG,5,LEOPARDU_wiedii,2018-08-15 04:00:00,LEOPARDU_wiedii
LeopardusWiedii_28.JPG,5,LEOPARDU_wiedii,2018-09-03 17:28:00,LEOPARDU_wiedii
LeopardusWiedii_29.JPG,5,LEOPARDU_wiedii,2016-02-15 15:50:00,LEOPARDU_wiedii
LynxRufus_06.JPG,6,LYNX_RUFUS,2023-09-22 00:28:00,LYNX_RUFUS
LynxRufus_07.JPG,6,LYNX_RUFUS,2023-09-21 00:28:00,LYNX_RUFUS
LynxRufus_10.JPG,6,LYNX_RUFUS,2023-08-31 00:56:39,LYNX_RUFUS
LynxRufus_100.JPG,6,LYNX_RUFUS,2019-06-26 11:30:00,LYNX_RUFUS
LynxRufus_104.JPG,6,LYNX_RUFUS,2019-04-12 09:31:00,LYNX_RUFUS
LynxRufus_105.JPG,6,LYNX_RUFUS,2018-04-13 22:55:00,LYNX_RUFUS
LynxRufus_106.JPG,6,LYNX_RUFUS,2016-12-18 15:29:00,LYNX_RUFUS
LynxRufus_107.JPG,6,LYNX_RUFUS,2015-09-19 11:35:00,LYNX_RUFUS
LynxRufus_108.JPG,6,LYNX_RUFUS,2015-09-10 16:16:00,LYNX_RUFUS
LynxRufus_109.JPG,6,LYNX_RUFUS,2012-12-21,LYNX_RUFUS
LynxRufus_11.JPG,6,LYNX_RUFUS,2017-05-05 02:03:00,LYNX_RUFUS
LynxRufus_12.JPG,6,LYNX_RUFUS,2017-03-13 06:13:00,LYNX_RUFUS
LynxRufus_13.JPG,6,LYNX_RUFUS,2016-12-31 23:51:00,LYNX_RUFUS
LynxRufus_14.JPG,6,LYNX_RUFUS,2017-03-14 05:25:00,LYNX_RUFUS
LynxRufus_15.JPG,6,LYNX_RUFUS,2016-11-14 13:02:00,LYNX_RUFUS
LynxRufus_16.JPG,6,LYNX_RUFUS,2016-11-24 12:53:00,LYNX_RUFUS
LynxRufus_17.JPG,6,LYNX_RUFUS,2017-08-02 16:18:00,LYNX_RUFUS
LynxRufus_18.JPG,6,LYNX_RUFUS,2015-04-01 07:04:00,LYNX_RUFUS
LynxRufus_19.JPG,6,LYNX_RUFUS,2015-04-01 08:22:00,LYNX_RUFUS
LynxRufus_20.JPG,6,LYNX_RUFUS,2023-05-13 14:24:34,LYNX_RUFUS
LynxRufus_23.JPG,6,LYNX_RUFUS,2023-03-11 12:19:00,LYNX_RUFUS
LynxRufus_30.JPG,6,LYNX_RUFUS,2022-11-20 09:54:00,LYNX_RUFUS
LynxRufus_31.JPG,6,LYNX_RUFUS,2022-08-30 08:51:00,LYNX_RUFUS
LynxRufus_32.JPG,6,LYNX_RUFUS,2015-04-25 18:35:00,LYNX_RUFUS
LynxRufus_33.JPG,6,LYNX_RUFUS,2022-08-25,LYNX_RUFUS
LynxRufus_36.JPG,6,LYNX_RUFUS,2022-03-26 06:03:00,LYNX_RUFUS
LynxRufus_37.JPG,6,LYNX_RUFUS,2022-03-31 02:26:00,LYNX_RUFUS
LynxRufus_38.JPG,6,LYNX_RUFUS,2022-03-25 04:38:00,LYNX_RUFUS
LynxRufus_39.JPG,6,LYNX_RUFUS,2022-02-21 05:32:00,LYNX_RUFUS
LynxRufus_42.JPG,6,LYNX_RUFUS,2018-05-18 09:31:00,LYNX_RUFUS
LynxRufus_45.JPG,6,LYNX_RUFUS,2021-11-19 04:11:00,LYNX_RUFUS
LynxRufus_47.JPG,6,LYNX_RUFUS,2021-10-23 00:08:00,LYNX_RUFUS
LynxRufus_49.JPG,6,LYNX_RUFUS,2021-03-29 08:57:47,LYNX_RUFUS
LynxRufus_50.JPG,6,LYNX_RUFUS,2021-10-16 17:53:53,LYNX_RUFUS
LynxRufus_53.JPG,6,LYNX_RUFUS,2021-06-12 12:10:00,LYNX_RUFUS
LynxRufus_56.JPG,6,LYNX_RUFUS,2021-04-08 10:24:00,LYNX_RUFUS
LynxRufus_58.JPG,6,LYNX_RUFUS,2021-04-08 11:23:00,LYNX_RUFUS
LynxRufus_59.JPG,6,LYNX_RUFUS,2021-03-01 04:00:00,LYNX_RUFUS
LynxRufus_60.JPG,6,LYNX_RUFUS,2021-01-08 22:29:00,LYNX_RUFUS
LynxRufus_61.JPG,6,LYNX_RUFUS,2021-03-23 04:44:00,LYNX_RUFUS
LynxRufus_63.JPG,6,LYNX_RUFUS,2017-08-02 17:18:00,LYNX_RUFUS
LynxRufus_64.JPG,6,LYNX_RUFUS,2021-01-13 03:40:00,LYNX_RUFUS
LynxRufus_69.JPG,6,LYNX_RUFUS,2020-11-23 08:28:00,LYNX_RUFUS
LynxRufus_70.JPG,6,LYNX_RUFUS,2020-11-29 03:06:00,LYNX_RUFUS
LynxRufus_77.JPG,6,LYNX_RUFUS,2020-09-21 11:22:00,LYNX_RUFUS
LynxRufus_80.JPG,6,LYNX_RUFUS,2020-08-27 22:59:00,LYNX_RUFUS
LynxRufus_81.JPG,6,LYNX_RUFUS,2020-07-25 02:48:00,LYNX_RUFUS
LynxRufus_82.JPG,6,LYNX_RUFUS,2020-09-09 21:58:00,LYNX_RUFUS
LynxRufus_84.JPG,6,LYNX_RUFUS,2012-08-08 08:21:00,LYNX_RUFUS
LynxRufus_93.JPG,6,LYNX_RUFUS,2018-03-06 23:46:00,LYNX_RUFUS
LynxRufus_96.JPG,6,LYNX_RUFUS,2020-01-14 17:44:00,LYNX_RUFUS
LynxRufus_97.JPG,6,LYNX_RUFUS,2017-03-07 06:15:00,LYNX_RUFUS
LynxRufus_98.JPG,6,LYNX_RUFUS,2017-03-14 03:44:00,LYNX_RUFUS
LynxRufus_99.JPG,6,LYNX_RUFUS,2016-12-20 15:57:00,LYNX_RUFUS
MephitisMacroura_01.JPG,7,MEPITIS_MACROURA,2024-11-03 06:40:00,MEPITIS_MACROURA
MephitisMacroura_02.JPG,7,MEPITIS_MACROURA,2023-09-29 07:27:00,MEPITIS_MACROURA
MephitisMacroura_03.JPG,7,MEPITIS_MACROURA,2023-11-20 03:19:00,MEPITIS_MACROURA
MephitisMacroura_04.JPG,7,MEPITIS_MACROURA,2023-10-18 05:16:00,MEPITIS_MACROURA
MephitisMacroura_07.JPG,7,MEPITIS_MACROURA,2023-08-22 03:01:00,MEPITIS_MACROURA
MephitisMacroura_08.JPG,7,MEPITIS_MACROURA,2023-07-25 01:46:00,MEPITIS_MACROURA
MephitisMacroura_09.JPG,7,MEPITIS_MACROURA,2023-09-02 05:15:00,MEPITIS_MACROURA
MephitisMacroura_10.JPG,7,MEPITIS_MACROURA,2023-09-29 00:28:00,MEPITIS_MACROURA
MephitisMacroura_100.JPG,7,MEPITIS_MACROURA,2021-02-25 11:21:00,MEPITIS_MACROURA
MephitisMacroura_101.JPG,7,MEPITIS_MACROURA,2021-02-25 06:03:00,MEPITIS_MACROURA
MephitisMacroura_102.JPG,7,MEPITIS_MACROURA,2021-01-21 05:42:00,MEPITIS_MACROURA
MephitisMacroura_103.JPG,7,MEPITIS_MACROURA,2021-02-24 09:17:00,MEPITIS_MACROURA
MephitisMacroura_104.JPG,7,MEPITIS_MACROURA,2021-02-13 04:58:00,MEPITIS_MACROURA
MephitisMacroura_105.JPG,7,MEPITIS_MACROURA,2021-01-28 23:27:00,MEPITIS_MACROURA
MephitisMacroura_106.JPG,7,MEPITIS_MACROURA,2020-12-31 10:48:00,MEPITIS_MACROURA
MephitisMacroura_107.JPG,7,MEPITIS_MACROURA,2021-01-23 06:52:00,MEPITIS_MACROURA
MephitisMacroura_108.JPG,7,MEPITIS_MACROURA,2021-02-20 00:19:00,MEPITIS_MACROURA
MephitisMacroura_109.JPG,7,MEPITIS_MACROURA,2021-02-14 21:19:00,MEPITIS_MACROURA
MephitisMacroura_11.JPG,7,MEPITIS_MACROURA,2023-09-28 00:28:00,MEPITIS_MACROURA
MephitisMacroura_110.JPG,7,MEPITIS_MACROURA,2021-02-13 21:21:00,MEPITIS_MACROURA
MephitisMacroura_111.JPG,7,MEPITIS_MACROURA,2021-02-13 05:30:00,MEPITIS_MACROURA
MephitisMacroura_112.JPG,7,MEPITIS_MACROURA,2021-02-10 22:03:00,MEPITIS_MACROURA
MephitisMacroura_113.JPG,7,MEPITIS_MACROURA,2021-02-09 00:01:00,MEPITIS_MACROURA
MephitisMacroura_114.JPG,7,MEPITIS_MACROURA,2021-02-07 21:20:00,MEPITIS_MACROURA
MephitisMacroura_115.JPG,7,MEPITIS_MACROURA,2021-02-07 03:37:00,MEPITIS_MACROURA
MephitisMacroura_116.JPG,7,MEPITIS_MACROURA,2021-02-07 03:37:00,MEPITIS_MACROURA
MephitisMacroura_117.JPG,7,MEPITIS_MACROURA,2021-02-07 02:31:00,MEPITIS_MACROURA
MephitisMacroura_118.JPG,7,MEPITIS_MACROURA,2021-02-06 04:03:00,MEPITIS_MACROURA
MephitisMacroura_119.JPG,7,MEPITIS_MACROURA,2021-02-01 21:13:00,MEPITIS_MACROURA
MephitisMacroura_12.JPG,7,MEPITIS_MACROURA,2023-09-26 00:28:00,MEPITIS_MACROURA
MephitisMacroura_120.JPG,7,MEPITIS_MACROURA,2021-01-29 03:37:00,MEPITIS_MACROURA
MephitisMacroura_121.JPG,7,MEPITIS_MACROURA,2021-01-27 11:55:00,MEPITIS_MACROURA
MephitisMacroura_123.JPG,7,MEPITIS_MACROURA,2020-10-19 06:09:00,MEPITIS_MACROURA
MephitisMacroura_124.JPG,7,MEPITIS_MACROURA,2020-10-17 04:20:00,MEPITIS_MACROURA
MephitisMacroura_125.JPG,7,MEPITIS_MACROURA,2020-10-16 04:22:00,MEPITIS_MACROURA
MephitisMacroura_126.JPG,7,MEPITIS_MACROURA,2020-10-14 05:04:00,MEPITIS_MACROURA
MephitisMacroura_127.JPG,7,MEPITIS_MACROURA,2020-10-06 21:27:00,MEPITIS_MACROURA
MephitisMacroura_128.JPG,7,MEPITIS_MACROURA,2020-10-04 22:00:00,MEPITIS_MACROURA
MephitisMacroura_129.JPG,7,MEPITIS_MACROURA,2020-09-28 21:14:00,MEPITIS_MACROURA
MephitisMacroura_13.JPG,7,MEPITIS_MACROURA,2023-09-24 00:28:00,MEPITIS_MACROURA
MephitisMacroura_130.JPG,7,MEPITIS_MACROURA,2020-11-10 21:35:00,MEPITIS_MACROURA
MephitisMacroura_131.JPG,7,MEPITIS_MACROURA,2020-10-31 20:46:00,MEPITIS_MACROURA
MephitisMacroura_132.JPG,7,MEPITIS_MACROURA,2020-10-22 03:47:00,MEPITIS_MACROURA
MephitisMacroura_133.JPG,7,MEPITIS_MACROURA,2020-12-26 20:15:00,MEPITIS_MACROURA
MephitisMacroura_134.JPG,7,MEPITIS_MACROURA,2020-11-26 00:01:00,MEPITIS_MACROURA
MephitisMacroura_135.JPG,7,MEPITIS_MACROURA,2020-11-25 20:51:00,MEPITIS_MACROURA
MephitisMacroura_137.JPG,7,MEPITIS_MACROURA,2020-10-27 20:14:00,MEPITIS_MACROURA
MephitisMacroura_138.JPG,7,MEPITIS_MACROURA,2020-10-26 19:53:00,MEPITIS_MACROURA
MephitisMacroura_14.JPG,7,MEPITIS_MACROURA,2023-09-13 01:16:00,MEPITIS_MACROURA
MephitisMacroura_141.JPG,7,MEPITIS_MACROURA,2020-02-11 11:48:00,MEPITIS_MACROURA
MephitisMacroura_143.JPG,7,MEPITIS_MACROURA,2020-10-11 21:49:00,MEPITIS_MACROURA
MephitisMacroura_144.JPG,7,MEPITIS_MACROURA,2020-10-11 02:13:00,MEPITIS_MACROURA
MephitisMacroura_145.JPG,7,MEPITIS_MACROURA,2020-10-10 06:11:00,MEPITIS_MACROURA
MephitisMacroura_146.JPG,7,MEPITIS_MACROURA,2020-10-08 23:29:00,MEPITIS_MACROURA
MephitisMacroura_147.JPG,7,MEPITIS_MACROURA,2020-10-07 20:42:00,MEPITIS_MACROURA
MephitisMacroura_148.JPG,7,MEPITIS_MACROURA,2020-10-06 05:16:00,MEPITIS_MACROURA
MephitisMacroura_149.JPG,7,MEPITIS_MACROURA,2020-10-06 01:55:00,MEPITIS_MACROURA
MephitisMacroura_15.JPG,7,MEPITIS_MACROURA,2023-11-17 20:15:00,MEPITIS_MACROURA
MephitisMacroura_150.JPG,7,MEPITIS_MACROURA,2020-10-06 00:55:00,MEPITIS_MACROURA
MephitisMacroura_16.JPG,7,MEPITIS_MACROURA,2023-11-16 05:31:00,MEPITIS_MACROURA
MephitisMacroura_17.JPG,7,MEPITIS_MACROURA,2020-01-01 04:47:00,MEPITIS_MACROURA
MephitisMacroura_18.JPG,7,MEPITIS_MACROURA,2023-10-01 21:18:30,MEPITIS_MACROURA
MephitisMacroura_19.JPG,7,MEPITIS_MACROURA,2023-04-05 12:37:52,MEPITIS_MACROURA
MephitisMacroura_20.JPG,7,MEPITIS_MACROURA,2019-02-28 04:18:00,MEPITIS_MACROURA
MephitisMacroura_21.JPG,7,MEPITIS_MACROURA,2020-12-22 05:44:00,MEPITIS_MACROURA
MephitisMacroura_22.JPG,7,MEPITIS_MACROURA,2020-12-22 04:54:00,MEPITIS_MACROURA
MephitisMacroura_23.JPG,7,MEPITIS_MACROURA,2020-12-17 23:56:00,MEPITIS_MACROURA
MephitisMacroura_24.JPG,7,MEPITIS_MACROURA,2020-08-10 23:42:00,MEPITIS_MACROURA
MephitisMacroura_25.JPG,7,MEPITIS_MACROURA,2020-08-15 21:19:00,MEPITIS_MACROURA
MephitisMacroura_26.JPG,7,MEPITIS_MACROURA,2020-07-23 03:07:00,MEPITIS_MACROURA
MephitisMacroura_27.JPG,7,MEPITIS_MACROURA,2020-12-10 01:21:00,MEPITIS_MACROURA
MephitisMacroura_28.JPG,7,MEPITIS_MACROURA,2020-12-10 21:05:00,MEPITIS_MACROURA
MephitisMacroura_29.JPG,7,MEPITIS_MACROURA,2020-11-04 18:54:00,MEPITIS_MACROURA
MephitisMacroura_30.JPG,7,MEPITIS_MACROURA,2020-10-24 13:38:00,MEPITIS_MACROURA
MephitisMacroura_31.JPG,7,MEPITIS_MACROURA,2020-10-25 16:16:00,MEPITIS_MACROURA
MephitisMacroura_32.JPG,7,MEPITIS_MACROURA,2020-10-20 16:14:00,MEPITIS_MACROURA
MephitisMacroura_33.JPG,7,MEPITIS_MACROURA,2020-07-23 23:57:00,MEPITIS_MACROURA
MephitisMacroura_34.JPG,7,MEPITIS_MACROURA,2020-12-23 00:38:00,MEPITIS_MACROURA
MephitisMacroura_35.JPG,7,MEPITIS_MACROURA,2020-07-25 01:10:00,MEPITIS_MACROURA
MephitisMacroura_36.JPG,7,MEPITIS_MACROURA,2020-02-20 19:59:00,MEPITIS_MACROURA
MephitisMacroura_37.JPG,7,MEPITIS_MACROURA,2020-08-16 00:26:00,MEPITIS_MACROURA
MephitisMacroura_38.JPG,7,MEPITIS_MACROURA,2020-08-12 03:37:00,MEPITIS_MACROURA
MephitisMacroura_39.JPG,7,MEPITIS_MACROURA,2020-03-13 01:03:00,MEPITIS_MACROURA
MephitisMacroura_40.JPG,7,MEPITIS_MACROURA,2019-02-12 23:45:00,MEPITIS_MACROURA
MephitisMacroura_42.JPG,7,MEPITIS_MACROURA,2022-12-10 00:51:00,MEPITIS_MACROURA
MephitisMacroura_43.JPG,7,MEPITIS_MACROURA,2022-12-09 20:11:00,MEPITIS_MACROURA
MephitisMacroura_44.JPG,7,MEPITIS_MACROURA,2022-12-09 20:11:00,MEPITIS_MACROURA
MephitisMacroura_45.JPG,7,MEPITIS_MACROURA,2022-12-05 19:19:00,MEPITIS_MACROURA
MephitisMacroura_46.JPG,7,MEPITIS_MACROURA,2022-11-25 04:21:00,MEPITIS_MACROURA
MephitisMacroura_51.JPG,7,MEPITIS_MACROURA,2017-04-25 18:00:00,MEPITIS_MACROURA
MephitisMacroura_52.JPG,7,MEPITIS_MACROURA,2016-01-21 18:00:00,MEPITIS_MACROURA
MephitisMacroura_53.JPG,7,MEPITIS_MACROURA,2016-01-21 18:00:00,MEPITIS_MACROURA
MephitisMacroura_54.JPG,7,MEPITIS_MACROURA,2022-03-30 01:52:00,MEPITIS_MACROURA
MephitisMacroura_55.JPG,7,MEPITIS_MACROURA,2022-03-23 21:05:00,MEPITIS_MACROURA
MephitisMacroura_56.JPG,7,MEPITIS_MACROURA,2022-03-22 23:20:00,MEPITIS_MACROURA
MephitisMacroura_57.JPG,7,MEPITIS_MACROURA,2022-02-04 02:15:00,MEPITIS_MACROURA
MephitisMacroura_58.JPG,7,MEPITIS_MACROURA,2021-09-21 15:41:00,MEPITIS_MACROURA
MephitisMacroura_59.JPG,7,MEPITIS_MACROURA,2021-12-01 23:57:58,MEPITIS_MACROURA
MephitisMacroura_60.JPG,7,MEPITIS_MACROURA,2021-10-08 01:12:00,MEPITIS_MACROURA
MephitisMacroura_61.JPG,7,MEPITIS_MACROURA,2021-11-08 07:40:53,MEPITIS_MACROURA
MephitisMacroura_62.JPG,7,MEPITIS_MACROURA,2021-08-04 10:51:37,MEPITIS_MACROURA
MephitisMacroura_63.JPG,7,MEPITIS_MACROURA,2020-05-18 10:35:00,MEPITIS_MACROURA
MephitisMacroura_64.JPG,7,MEPITIS_MACROURA,2020-04-21 01:55:00,MEPITIS_MACROURA
MephitisMacroura_65.JPG,7,MEPITIS_MACROURA,2021-05-05 18:00:00,MEPITIS_MACROURA
MephitisMacroura_66.JPG,7,MEPITIS_MACROURA,2020-04-18 03:11:00,MEPITIS_MACROURA
MephitisMacroura_67.JPG,7,MEPITIS_MACROURA,2020-05-05 04:20:00,MEPITIS_MACROURA
MephitisMacroura_68.JPG,7,MEPITIS_MACROURA,2020-04-22 06:57:00,MEPITIS_MACROURA
MephitisMacroura_69.JPG,7,MEPITIS_MACROURA,2020-04-21 11:03:00,MEPITIS_MACROURA
MephitisMacroura_70.JPG,7,MEPITIS_MACROURA,2021-03-24 04:06:00,MEPITIS_MACROURA
MephitisMacroura_71.JPG,7,MEPITIS_MACROURA,2021-03-15 05:03:00,MEPITIS_MACROURA
MephitisMacroura_72.JPG,7,MEPITIS_MACROURA,2021-04-11 06:08:00,MEPITIS_MACROURA
MephitisMacroura_73.JPG,7,MEPITIS_MACROURA,2021-04-07 05:26:00,MEPITIS_MACROURA
MephitisMacroura_74.JPG,7,MEPITIS_MACROURA,2021-04-04 23:08:00,MEPITIS_MACROURA
MephitisMacroura_75.JPG,7,MEPITIS_MACROURA,2021-04-04 03:27:00,MEPITIS_MACROURA
MephitisMacroura_76.JPG,7,MEPITIS_MACROURA,2021-04-01 00:31:00,MEPITIS_MACROURA
MephitisMacroura_77.JPG,7,MEPITIS_MACROURA,2021-03-28 12:08:00,MEPITIS_MACROURA
MephitisMacroura_78.JPG,7,MEPITIS_MACROURA,2021-03-09 18:37:00,MEPITIS_MACROURA
MephitisMacroura_79.JPG,7,MEPITIS_MACROURA,2017-08-25 22:36:00,MEPITIS_MACROURA
MephitisMacroura_80.JPG,7,MEPITIS_MACROURA,2017-08-25 04:55:00,MEPITIS_MACROURA
MephitisMacroura_81.JPG,7,MEPITIS_MACROURA,2017-08-25 03:24:00,MEPITIS_MACROURA
MephitisMacroura_82.JPG,7,MEPITIS_MACROURA,2017-08-22 23:32:00,MEPITIS_MACROURA
MephitisMacroura_83.JPG,7,MEPITIS_MACROURA,2017-07-22 21:29:00,MEPITIS_MACROURA
MephitisMacroura_84.JPG,7,MEPITIS_MACROURA,2017-08-07 13:22:00,MEPITIS_MACROURA
MephitisMacroura_85.JPG,7,MEPITIS_MACROURA,2017-07-19 23:02:00,MEPITIS_MACROURA
MephitisMacroura_86.JPG,7,MEPITIS_MACROURA,2017-07-18 23:57:00,MEPITIS_MACROURA
MephitisMacroura_87.JPG,7,MEPITIS_MACROURA,2017-07-12 22:44:00,MEPITIS_MACROURA
MephitisMacroura_88.JPG,7,MEPITIS_MACROURA,2017-07-12 23:24:00,MEPITIS_MACROURA
MephitisMacroura_89.JPG,7,MEPITIS_MACROURA,2017-06-22 21:56:00,MEPITIS_MACROURA
MephitisMacroura_90.JPG,7,MEPITIS_MACROURA,2017-06-09 05:05:00,MEPITIS_MACROURA
MephitisMacroura_91.JPG,7,MEPITIS_MACROURA,2017-06-06 04:55:00,MEPITIS_MACROURA
MephitisMacroura_92.JPG,7,MEPITIS_MACROURA,2017-06-05 21:22:00,MEPITIS_MACROURA
MephitisMacroura_93.JPG,7,MEPITIS_MACROURA,2017-06-03 22:25:00,MEPITIS_MACROURA
MephitisMacroura_95.JPG,7,MEPITIS_MACROURA,2017-05-23 19:59:00,MEPITIS_MACROURA
MephitisMacroura_96.JPG,7,MEPITIS_MACROURA,2017-05-22 20:02:00,MEPITIS_MACROURA
MephitisMacroura_97.JPG,7,MEPITIS_MACROURA,2017-05-18 04:57:00,MEPITIS_MACROURA
MephitisMacroura_98.JPG,7,MEPITIS_MACROURA,2017-05-17 03:31:00,MEPITIS_MACROURA
MephitisMacroura_99.JPG,7,MEPITIS_MACROURA,2017-07-20 23:05:00,MEPITIS_MACROURA
NasuaNarica_01.JPG,8,NASUA_NARICA,2024-08-28 12:37:23,NASUA_NARICA
NasuaNarica_03.JPG,8,NASUA_NARICA,2023-09-01 12:15:00,NASUA_NARICA
NasuaNarica_04.JPG,8,NASUA_NARICA,2020-01-10 09:45:00,NASUA_NARICA
NasuaNarica_05.JPG,8,NASUA_NARICA,2019-03-10 09:14:00,NASUA_NARICA
NasuaNarica_06.JPG,8,NASUA_NARICA,2019-03-04 14:00:00,NASUA_NARICA
NasuaNarica_07.JPG,8,NASUA_NARICA,2019-01-18 11:07:00,NASUA_NARICA
NasuaNarica_08.JPG,8,NASUA_NARICA,2020-06-28 16:05:00,NASUA_NARICA
NasuaNarica_09.JPG,8,NASUA_NARICA,2020-10-10 16:18:00,NASUA_NARICA
NasuaNarica_10.JPG,8,NASUA_NARICA,2020-04-02 11:14:00,NASUA_NARICA
NasuaNarica_11.JPG,8,NASUA_NARICA,2019-01-11 14:45:00,NASUA_NARICA
NasuaNarica_12.JPG,8,NASUA_NARICA,2019-08-01 12:00:00,NASUA_NARICA
NasuaNarica_13.JPG,8,NASUA_NARICA,2020-07-14 12:30:00,NASUA_NARICA
NasuaNarica_14.JPG,8,NASUA_NARICA,2020-07-11 11:35:00,NASUA_NARICA
NasuaNarica_15.JPG,8,NASUA_NARICA,2020-07-10 07:45:00,NASUA_NARICA
NasuaNarica_16.JPG,8,NASUA_NARICA,2020-03-08 08:16:00,NASUA_NARICA
NasuaNarica_17.JPG,8,NASUA_NARICA,2019-12-27 16:11:00,NASUA_NARICA
NasuaNarica_18.JPG,8,NASUA_NARICA,2019-08-29 16:46:00,NASUA_NARICA
NasuaNarica_19.JPG,8,NASUA_NARICA,2019-07-19 16:03:00,NASUA_NARICA
NasuaNarica_20.JPG,8,NASUA_NARICA,2019-06-13 02:23:00,NASUA_NARICA
NasuaNarica_21.JPG,8,NASUA_NARICA,2019-05-31 05:46:00,NASUA_NARICA
NasuaNarica_22.JPG,8,NASUA_NARICA,2019-03-01 10:44:00,NASUA_NARICA
NasuaNarica_23.JPG,8,NASUA_NARICA,2019-02-10 13:36:00,NASUA_NARICA
NasuaNarica_24.JPG,8,NASUA_NARICA,2019-01-16 16:00:00,NASUA_NARICA
NasuaNarica_25.JPG,8,NASUA_NARICA,2020-10-16 13:17:00,NASUA_NARICA
NasuaNarica_26.JPG,8,NASUA_NARICA,2019-02-27 11:39:00,NASUA_NARICA
NasuaNarica_27.JPG,8,NASUA_NARICA,2020-10-26 11:48:00,NASUA_NARICA
NasuaNarica_28.JPG,8,NASUA_NARICA,2020-08-06 18:27:00,NASUA_NARICA
NasuaNarica_29.JPG,8,NASUA_NARICA,2019-06-17 03:53:00,NASUA_NARICA
NasuaNarica_30.JPG,8,NASUA_NARICA,2022-12-08 09:08:00,NASUA_NARICA
NasuaNarica_31.JPG,8,NASUA_NARICA,2021-01-01 15:59:00,NASUA_NARICA
NasuaNarica_32.JPG,8,NASUA_NARICA,2020-04-21 06:26:00,NASUA_NARICA
NasuaNarica_33.JPG,8,NASUA_NARICA,2020-04-21 06:18:00,NASUA_NARICA
NasuaNarica_34.JPG,8,NASUA_NARICA,2021-01-29 11:09:00,NASUA_NARICA
NasuaNarica_35.JPG,8,NASUA_NARICA,2017-07-18 22:36:00,NASUA_NARICA
NasuaNarica_36.JPG,8,NASUA_NARICA,2020-10-01 13:09:00,NASUA_NARICA
NasuaNarica_37.JPG,8,NASUA_NARICA,2016-09-22 19:48:00,NASUA_NARICA
NasuaNarica_38.JPG,8,NASUA_NARICA,2018-03-29 11:28:28,NASUA_NARICA
NasuaNarica_39.JPG,8,NASUA_NARICA,2018-03-05 01:37:00,NASUA_NARICA
NasuaNarica_40.JPG,8,NASUA_NARICA,2018-03-05 01:37:00,NASUA_NARICA
NasuaNarica_41.JPG,8,NASUA_NARICA,2017-08-20 19:13:00,NASUA_NARICA
NasuaNarica_42.JPG,8,NASUA_NARICA,2016-09-22 19:48:00,NASUA_NARICA
NasuaNarica_43.JPG,8,NASUA_NARICA,2015-09-12 10:50:00,NASUA_NARICA
OdocoileusVirginianus_02.JPG,9,ODOCOILEUS_VIRGINIANUS,2024-10-13 17:28:00,ODOCOILEUS_VIRGINIANUS
OdocoileusVirginianus_03.JPG,9,ODOCOILEUS_VIRGINIANUS,2023-10-01 15:33:00,ODOCOILEUS_VIRGINIANUS
OdocoileusVirginianus_05.JPG,9,ODOCOILEUS_VIRGINIANUS,2024-02-03 14:00:00,ODOCOILEUS_VIRGINIANUS
OdocoileusVirginianus_07.JPG,9,ODOCOILEUS_VIRGINIANUS,2023-10-01 15:33:00,ODOCOILEUS_VIRGINIANUS
OdocoileusVirginianus_100.JPG,9,ODOCOILEUS_VIRGINIANUS,2020-09-13 15:57:00,ODOCOILEUS_VIRGINIANUS
OdocoileusVirginianus_101.JPG,9,ODOCOILEUS_VIRGINIANUS,2020-08-06 10:48:00,ODOCOILEUS_VIRGINIANUS
OdocoileusVirginianus_102.JPG,9,ODOCOILEUS_VIRGINIANUS,2020-07-20 23:32:00,ODOCOILEUS_VIRGINIANUS
OdocoileusVirginianus_103.JPG,9,ODOCOILEUS_VIRGINIANUS,2020-07-12 16:18:00,ODOCOILEUS_VIRGINIANUS
OdocoileusVirginianus_104.JPG,9,ODOCOILEUS_VIRGINIANUS,2020-07-03 03:59:00,ODOCOILEUS_VIRGINIANUS
OdocoileusVirginianus_105.JPG,9,ODOCOILEUS_VIRGINIANUS,2020-03-28 00:27:00,ODOCOILEUS_VIRGINIANUS
OdocoileusVirginianus_106.JPG,9,ODOCOILEUS_VIRGINIANUS,2020-03-27 11:23:00,ODOCOILEUS_VIRGINIANUS
OdocoileusVirginianus_107.JPG,9,ODOCOILEUS_VIRGINIANUS,2020-01-22 17:23:00,ODOCOILEUS_VIRGINIANUS
OdocoileusVirginianus_108.JPG,9,ODOCOILEUS_VIRGINIANUS,2020-01-08 00:10:00,ODOCOILEUS_VIRGINIANUS
OdocoileusVirginianus_109.JPG,9,ODOCOILEUS_VIRGINIANUS,2019-12-27 00:26:00,ODOCOILEUS_VIRGINIANUS
OdocoileusVirginianus_11.JPG,9,ODOCOILEUS_VIRGINIANUS,2023-08-23 16:07:00,ODOCOILEUS_VIRGINIANUS
OdocoileusVirginianus_110.JPG,9,ODOCOILEUS_VIRGINIANUS,2019-12-18 13:55:00,ODOCOILEUS_VIRGINIANUS
OdocoileusVirginianus_111.JPG,9,ODOCOILEUS_VIRGINIANUS,2019-10-29 09:29:00,ODOCOILEUS_VIRGINIANUS
OdocoileusVirginianus_112.JPG,9,ODOCOILEUS_VIRGINIANUS,2019-08-24 01:45:00,ODOCOILEUS_VIRGINIANUS
OdocoileusVirginianus_113.JPG,9,ODOCOILEUS_VIRGINIANUS,2019-08-17 15:17:00,ODOCOILEUS_VIRGINIANUS
OdocoileusVirginianus_114.JPG,9,ODOCOILEUS_VIRGINIANUS,2019-08-16 02:04:00,ODOCOILEUS_VIRGINIANUS
OdocoileusVirginianus_115.JPG,9,ODOCOILEUS_VIRGINIANUS,2019-07-07 17:37:00,ODOCOILEUS_VIRGINIANUS
OdocoileusVirginianus_116.JPG,9,ODOCOILEUS_VIRGINIANUS,2019-06-11 08:10:00,ODOCOILEUS_VIRGINIANUS
OdocoileusVirginianus_117.JPG,9,ODOCOILEUS_VIRGINIANUS,2019-06-06 03:32:00,ODOCOILEUS_VIRGINIANUS
OdocoileusVirginianus_118.JPG,9,ODOCOILEUS_VIRGINIANUS,2019-05-12 06:10:00,ODOCOILEUS_VIRGINIANUS
OdocoileusVirginianus_119.JPG,9,ODOCOILEUS_VIRGINIANUS,2019-05-10 06:18:00,ODOCOILEUS_VIRGINIANUS
OdocoileusVirginianus_12.JPG,9,ODOCOILEUS_VIRGINIANUS,2023-09-23 00:28:00,ODOCOILEUS_VIRGINIANUS
OdocoileusVirginianus_120.JPG,9,ODOCOILEUS_VIRGINIANUS,2019-04-13 06:59:00,ODOCOILEUS_VIRGINIANUS
OdocoileusVirginianus_121.JPG,9,ODOCOILEUS_VIRGINIANUS,2019-03-15 13:20:00,ODOCOILEUS_VIRGINIANUS
OdocoileusVirginianus_122.JPG,9,ODOCOILEUS_VIRGINIANUS,2019-03-06 11:35:00,ODOCOILEUS_VIRGINIANUS
OdocoileusVirginianus_123.JPG,9,ODOCOILEUS_VIRGINIANUS,2019-02-21 16:52:00,ODOCOILEUS_VIRGINIANUS
OdocoileusVirginianus_124.JPG,9,ODOCOILEUS_VIRGINIANUS,2019-01-29 06:44:00,ODOCOILEUS_VIRGINIANUS
OdocoileusVirginianus_125.JPG,9,ODOCOILEUS_VIRGINIANUS,2019-01-23 12:35:00,ODOCOILEUS_VIRGINIANUS
OdocoileusVirginianus_126.JPG,9,ODOCOILEUS_VIRGINIANUS,2019-02-06 03:19:00,ODOCOILEUS_VIRGINIANUS
OdocoileusVirginianus_127.JPG,9,ODOCOILEUS_VIRGINIANUS,2019-01-19 09:26:00,ODOCOILEUS_VIRGINIANUS
OdocoileusVirginianus_128.JPG,9,ODOCOILEUS_VIRGINIANUS,2019-01-17 07:25:00,ODOCOILEUS_VIRGINIANUS
OdocoileusVirginianus_129.JPG,9,ODOCOILEUS_VIRGINIANUS,2019-01-14 15:45:00,ODOCOILEUS_VIRGINIANUS
OdocoileusVirginianus_130.JPG,9,ODOCOILEUS_VIRGINIANUS,2019-01-03 00:18:00,ODOCOILEUS_VIRGINIANUS
OdocoileusVirginianus_131.JPG,9,ODOCOILEUS_VIRGINIANUS,2020-04-02 08:31:00,ODOCOILEUS_VIRGINIANUS
OdocoileusVirginianus_132.JPG,9,ODOCOILEUS_VIRGINIANUS,2020-03-24 10:31:00,ODOCOILEUS_VIRGINIANUS
OdocoileusVirginianus_133.JPG,9,ODOCOILEUS_VIRGINIANUS,2020-03-06 15:19:00,ODOCOILEUS_VIRGINIANUS
OdocoileusVirginianus_134.JPG,9,ODOCOILEUS_VIRGINIANUS,2020-01-23 17:05:00,ODOCOILEUS_VIRGINIANUS
OdocoileusVirginianus_135.JPG,9,ODOCOILEUS_VIRGINIANUS,2020-01-23 22:28:00,ODOCOILEUS_VIRGINIANUS
OdocoileusVirginianus_136.JPG,9,ODOCOILEUS_VIRGINIANUS,2020-01-12 18:19:00,ODOCOILEUS_VIRGINIANUS
OdocoileusVirginianus_137.JPG,9,ODOCOILEUS_VIRGINIANUS,2020-01-06 09:54:00,ODOCOILEUS_VIRGINIANUS
OdocoileusVirginianus_138.JPG,9,ODOCOILEUS_VIRGINIANUS,2019-12-29 09:18:00,ODOCOILEUS_VIRGINIANUS
OdocoileusVirginianus_139.JPG,9,ODOCOILEUS_VIRGINIANUS,2019-06-22 15:27:00,ODOCOILEUS_VIRGINIANUS
OdocoileusVirginianus_140.JPG,9,ODOCOILEUS_VIRGINIANUS,2019-10-10 17:13:00,ODOCOILEUS_VIRGINIANUS
OdocoileusVirginianus_141.JPG,9,ODOCOILEUS_VIRGINIANUS,2019-02-28 05:41:00,ODOCOILEUS_VIRGINIANUS
OdocoileusVirginianus_142.JPG,9,ODOCOILEUS_VIRGINIANUS,2020-12-13 10:28:00,ODOCOILEUS_VIRGINIANUS
OdocoileusVirginianus_143.JPG,9,ODOCOILEUS_VIRGINIANUS,2020-10-27 11:18:00,ODOCOILEUS_VIRGINIANUS
OdocoileusVirginianus_144.JPG,9,ODOCOILEUS_VIRGINIANUS,2020-10-22 17:24:00,ODOCOILEUS_VIRGINIANUS
OdocoileusVirginianus_145.JPG,9,ODOCOILEUS_VIRGINIANUS,2020-07-19 12:58:00,ODOCOILEUS_VIRGINIANUS
OdocoileusVirginianus_146.JPG,9,ODOCOILEUS_VIRGINIANUS,2020-07-14 19:18:00,ODOCOILEUS_VIRGINIANUS
OdocoileusVirginianus_147.JPG,9,ODOCOILEUS_VIRGINIANUS,2020-07-06 19:01:00,ODOCOILEUS_VIRGINIANUS
OdocoileusVirginianus_148.JPG,9,ODOCOILEUS_VIRGINIANUS,2020-06-28 19:06:00,ODOCOILEUS_VIRGINIANUS
OdocoileusVirginianus_149.JPG,9,ODOCOILEUS_VIRGINIANUS,2020-06-21 20:26:00,ODOCOILEUS_VIRGINIANUS
OdocoileusVirginianus_150.JPG,9,ODOCOILEUS_VIRGINIANUS,2020-04-10 07:02:00,ODOCOILEUS_VIRGINIANUS
OdocoileusVirginianus_16.JPG,9,ODOCOILEUS_VIRGINIANUS,2023-10-01 15:35:00,ODOCOILEUS_VIRGINIANUS
OdocoileusVirginianus_17.JPG,9,ODOCOILEUS_VIRGINIANUS,2020-01-09 03:36:00,ODOCOILEUS_VIRGINIANUS
OdocoileusVirginianus_19.JPG,9,ODOCOILEUS_VIRGINIANUS,2022-01-26 20:27:00,ODOCOILEUS_VIRGINIANUS
OdocoileusVirginianus_20.JPG,9,ODOCOILEUS_VIRGINIANUS,2021-11-07 11:57:00,ODOCOILEUS_VIRGINIANUS
OdocoileusVirginianus_26.JPG,9,ODOCOILEUS_VIRGINIANUS,2023-10-15 13:31:39,ODOCOILEUS_VIRGINIANUS
OdocoileusVirginianus_28.JPG,9,ODOCOILEUS_VIRGINIANUS,2023-05-18 01:49:00,ODOCOILEUS_VIRGINIANUS
OdocoileusVirginianus_30.JPG,9,ODOCOILEUS_VIRGINIANUS,2023-08-17 15:45:25,ODOCOILEUS_VIRGINIANUS
OdocoileusVirginianus_42.JPG,9,ODOCOILEUS_VIRGINIANUS,2020-11-24 13:24:00,ODOCOILEUS_VIRGINIANUS
OdocoileusVirginianus_43.JPG,9,ODOCOILEUS_VIRGINIANUS,2020-05-02 06:49:00,ODOCOILEUS_VIRGINIANUS
OdocoileusVirginianus_44.JPG,9,ODOCOILEUS_VIRGINIANUS,2020-04-12 08:21:00,ODOCOILEUS_VIRGINIANUS
OdocoileusVirginianus_45.JPG,9,ODOCOILEUS_VIRGINIANUS,2020-03-18 13:17:00,ODOCOILEUS_VIRGINIANUS
OdocoileusVirginianus_46.JPG,9,ODOCOILEUS_VIRGINIANUS,2020-01-21 09:56:00,ODOCOILEUS_VIRGINIANUS
OdocoileusVirginianus_47.JPG,9,ODOCOILEUS_VIRGINIANUS,2019-02-14 10:35:00,ODOCOILEUS_VIRGINIANUS
OdocoileusVirginianus_48.JPG,9,ODOCOILEUS_VIRGINIANUS,2019-01-20 16:20:00,ODOCOILEUS_VIRGINIANUS
OdocoileusVirginianus_49.JPG,9,ODOCOILEUS_VIRGINIANUS,2019-01-15 22:41:00,ODOCOILEUS_VIRGINIANUS
OdocoileusVirginianus_50.JPG,9,ODOCOILEUS_VIRGINIANUS,2020-12-25 18:56:00,ODOCOILEUS_VIRGINIANUS
OdocoileusVirginianus_51.JPG,9,ODOCOILEUS_VIRGINIANUS,2020-10-26 11:30:00,ODOCOILEUS_VIRGINIANUS
OdocoileusVirginianus_52.JPG,9,ODOCOILEUS_VIRGINIANUS,2020-09-24 10:57:00,ODOCOILEUS_VIRGINIANUS
OdocoileusVirginianus_53.JPG,9,ODOCOILEUS_VIRGINIANUS,2020-06-05 10:02:00,ODOCOILEUS_VIRGINIANUS
OdocoileusVirginianus_54.JPG,9,ODOCOILEUS_VIRGINIANUS,2019-10-23 18:57:00,ODOCOILEUS_VIRGINIANUS
OdocoileusVirginianus_55.JPG,9,ODOCOILEUS_VIRGINIANUS,2019-04-12 11:15:00,ODOCOILEUS_VIRGINIANUS
OdocoileusVirginianus_56.JPG,9,ODOCOILEUS_VIRGINIANUS,2020-08-25 19:43:00,ODOCOILEUS_VIRGINIANUS
OdocoileusVirginianus_57.JPG,9,ODOCOILEUS_VIRGINIANUS,2020-08-09 00:50:00,ODOCOILEUS_VIRGINIANUS
OdocoileusVirginianus_58.JPG,9,ODOCOILEUS_VIRGINIANUS,2020-06-13 19:42:00,ODOCOILEUS_VIRGINIANUS
OdocoileusVirginianus_59.JPG,9,ODOCOILEUS_VIRGINIANUS,2020-05-21 20:34:00,ODOCOILEUS_VIRGINIANUS
OdocoileusVirginianus_60.JPG,9,ODOCOILEUS_VIRGINIANUS,2019-02-15 00:40:00,ODOCOILEUS_VIRGINIANUS
OdocoileusVirginianus_61.JPG,9,ODOCOILEUS_VIRGINIANUS,2019-01-05 04:22:00,ODOCOILEUS_VIRGINIANUS
OdocoileusVirginianus_62.JPG,9,ODOCOILEUS_VIRGINIANUS,2019-01-08 20:51:00,ODOCOILEUS_VIRGINIANUS
OdocoileusVirginianus_64.JPG,9,ODOCOILEUS_VIRGINIANUS,2020-12-19 17:59:00,ODOCOILEUS_VIRGINIANUS
OdocoileusVirginianus_65.JPG,9,ODOCOILEUS_VIRGINIANUS,2020-09-20 09:52:00,ODOCOILEUS_VIRGINIANUS
OdocoileusVirginianus_66.JPG,9,ODOCOILEUS_VIRGINIANUS,2020-02-03 12:15:00,ODOCOILEUS_VIRGINIANUS
OdocoileusVirginianus_67.JPG,9,ODOCOILEUS_VIRGINIANUS,2020-01-19 09:07:00,ODOCOILEUS_VIRGINIANUS
OdocoileusVirginianus_68.JPG,9,ODOCOILEUS_VIRGINIANUS,2019-11-23 00:34:00,ODOCOILEUS_VIRGINIANUS
OdocoileusVirginianus_69.JPG,9,ODOCOILEUS_VIRGINIANUS,2019-11-21 12:50:00,ODOCOILEUS_VIRGINIANUS
OdocoileusVirginianus_70.JPG,9,ODOCOILEUS_VIRGINIANUS,2019-07-10 12:26:00,ODOCOILEUS_VIRGINIANUS
OdocoileusVirginianus_71.JPG,9,ODOCOILEUS_VIRGINIANUS,2019-01-19 02:24:00,ODOCOILEUS_VIRGINIANUS
OdocoileusVirginianus_72.JPG,9,ODOCOILEUS_VIRGINIANUS,2019-01-12 23:58:00,ODOCOILEUS_VIRGINIANUS
OdocoileusVirginianus_73.JPG,9,ODOCOILEUS_VIRGINIANUS,2019-01-14 01:57:00,ODOCOILEUS_VIRGINIANUS
OdocoileusVirginianus_74.JPG,9,ODOCOILEUS_VIRGINIANUS,2019-01-11 23:45:00,ODOCOILEUS_VIRGINIANUS
OdocoileusVirginianus_75.JPG,9,ODOCOILEUS_VIRGINIANUS,2020-09-18 09:16:00,ODOCOILEUS_VIRGINIANUS
OdocoileusVirginianus_76.JPG,9,ODOCOILEUS_VIRGINIANUS,2020-08-10 11:37:00,ODOCOILEUS_VIRGINIANUS
OdocoileusVirginianus_77.JPG,9,ODOCOILEUS_VIRGINIANUS,2020-06-27 14:11:00,ODOCOILEUS_VIRGINIANUS
OdocoileusVirginianus_78.JPG,9,ODOCOILEUS_VIRGINIANUS,2019-08-22 09:52:00,ODOCOILEUS_VIRGINIANUS
OdocoileusVirginianus_79.JPG,9,ODOCOILEUS_VIRGINIANUS,2019-02-12 12:36:00,ODOCOILEUS_VIRGINIANUS
OdocoileusVirginianus_80.JPG,9,ODOCOILEUS_VIRGINIANUS,2020-01-31 22:12:00,ODOCOILEUS_VIRGINIANUS
OdocoileusVirginianus_81.JPG,9,ODOCOILEUS_VIRGINIANUS,2019-06-21 12:31:00,ODOCOILEUS_VIRGINIANUS
OdocoileusVirginianus_82.JPG,9,ODOCOILEUS_VIRGINIANUS,2019-06-09 23:42:00,ODOCOILEUS_VIRGINIANUS
OdocoileusVirginianus_83.JPG,9,ODOCOILEUS_VIRGINIANUS,2019-01-27 23:25:00,ODOCOILEUS_VIRGINIANUS
OdocoileusVirginianus_84.JPG,9,ODOCOILEUS_VIRGINIANUS,2020-12-11 09:42:00,ODOCOILEUS_VIRGINIANUS
OdocoileusVirginianus_85.JPG,9,ODOCOILEUS_VIRGINIANUS,2020-10-05 02:21:00,ODOCOILEUS_VIRGINIANUS
OdocoileusVirginianus_86.JPG,9,ODOCOILEUS_VIRGINIANUS,2020-08-29 01:46:00,ODOCOILEUS_VIRGINIANUS
OdocoileusVirginianus_87.JPG,9,ODOCOILEUS_VIRGINIANUS,2019-12-10 09:03:00,ODOCOILEUS_VIRGINIANUS
OdocoileusVirginianus_88.JPG,9,ODOCOILEUS_VIRGINIANUS,2018-12-07 15:49:00,ODOCOILEUS_VIRGINIANUS
OdocoileusVirginianus_89.JPG,9,ODOCOILEUS_VIRGINIANUS,2020-07-13 10:28:00,ODOCOILEUS_VIRGINIANUS
OdocoileusVirginianus_90.JPG,9,ODOCOILEUS_VIRGINIANUS,2019-10-02 14:58:00,ODOCOILEUS_VIRGINIANUS
OdocoileusVirginianus_91.JPG,9,ODOCOILEUS_VIRGINIANUS,2019-07-23 12:17:00,ODOCOILEUS_VIRGINIANUS
OdocoileusVirginianus_92.JPG,9,ODOCOILEUS_VIRGINIANUS,2019-07-20 15:50:00,ODOCOILEUS_VIRGINIANUS
OdocoileusVirginianus_93.JPG,9,ODOCOILEUS_VIRGINIANUS,2019-05-14 13:41:00,ODOCOILEUS_VIRGINIANUS
OdocoileusVirginianus_94.JPG,9,ODOCOILEUS_VIRGINIANUS,2019-04-09 13:14:00,ODOCOILEUS_VIRGINIANUS
OdocoileusVirginianus_95.JPG,9,ODOCOILEUS_VIRGINIANUS,2020-03-15 10:58:00,ODOCOILEUS_VIRGINIANUS
OdocoileusVirginianus_96.JPG,9,ODOCOILEUS_VIRGINIANUS,2020-01-12 08:21:00,ODOCOILEUS_VIRGINIANUS
OdocoileusVirginianus_97.JPG,9,ODOCOILEUS_VIRGINIANUS,2019-05-17 04:23:00,ODOCOILEUS_VIRGINIANUS
OdocoileusVirginianus_98.JPG,9,ODOCOILEUS_VIRGINIANUS,2019-03-03 20:21:00,ODOCOILEUS_VIRGINIANUS
OdocoileusVirginianus_99.JPG,9,ODOCOILEUS_VIRGINIANUS,2020-11-16 14:36:00,ODOCOILEUS_VIRGINIANUS
SciurusOculatus_01.JPG,12,SCIURUS_OCOLATUS,2024-01-27 11:57:00,SCIURUS_OCOLATUS
SciurusOculatus_02.JPG,12,SCIURUS_OCOLATUS,2024-06-08 15:50:52,SCIURUS_OCOLATUS
SciurusOculatus_03.JPG,12,SCIURUS_OCOLATUS,2023-04-18 09:33:00,SCIURUS_OCOLATUS
SciurusOculatus_04.JPG,12,SCIURUS_OCOLATUS,2023-11-19 16:50:00,SCIURUS_OCOLATUS
SciurusOculatus_05.JPG,12,SCIURUS_OCOLATUS,2023-10-22 13:06:00,SCIURUS_OCOLATUS
SciurusOculatus_06.JPG,12,SCIURUS_OCOLATUS,2023-08-19 08:14:00,SCIURUS_OCOLATUS
SciurusOculatus_07.JPG,12,SCIURUS_OCOLATUS,2023-07-29 12:49:00,SCIURUS_OCOLATUS
SciurusOculatus_09.JPG,12,SCIURUS_OCOLATUS,2023-11-30 11:21:00,SCIURUS_OCOLATUS
SciurusOculatus_10.JPG,12,SCIURUS_OCOLATUS,2023-11-23 13:52:00,SCIURUS_OCOLATUS
SciurusOculatus_100.JPG,12,SCIURUS_OCOLATUS,2019-12-13 12:58:00,SCIURUS_OCOLATUS
SciurusOculatus_101.JPG,12,SCIURUS_OCOLATUS,2019-11-01 03:03:00,SCIURUS_OCOLATUS
SciurusOculatus_102.JPG,12,SCIURUS_OCOLATUS,2019-10-26 20:38:00,SCIURUS_OCOLATUS
SciurusOculatus_103.JPG,12,SCIURUS_OCOLATUS,2019-10-20 04:26:00,SCIURUS_OCOLATUS
SciurusOculatus_104.JPG,12,SCIURUS_OCOLATUS,2019-10-17 19:40:00,SCIURUS_OCOLATUS
SciurusOculatus_105.JPG,12,SCIURUS_OCOLATUS,2019-07-01 17:59:00,SCIURUS_OCOLATUS
SciurusOculatus_106.JPG,12,SCIURUS_OCOLATUS,2019-06-25 23:06:00,SCIURUS_OCOLATUS
SciurusOculatus_107.JPG,12,SCIURUS_OCOLATUS,2019-06-20 20:58:00,SCIURUS_OCOLATUS
SciurusOculatus_108.JPG,12,SCIURUS_OCOLATUS,2019-06-13 06:07:00,SCIURUS_OCOLATUS
SciurusOculatus_109.JPG,12,SCIURUS_OCOLATUS,2019-06-01 19:33:00,SCIURUS_OCOLATUS
SciurusOculatus_11.JPG,12,SCIURUS_OCOLATUS,2023-09-02 07:47:00,SCIURUS_OCOLATUS
SciurusOculatus_110.JPG,12,SCIURUS_OCOLATUS,2019-04-17 16:37:00,SCIURUS_OCOLATUS
SciurusOculatus_111.JPG,12,SCIURUS_OCOLATUS,2019-04-03 14:29:00,SCIURUS_OCOLATUS
SciurusOculatus_112.JPG,12,SCIURUS_OCOLATUS,2019-03-04 12:42:00,SCIURUS_OCOLATUS
SciurusOculatus_113.JPG,12,SCIURUS_OCOLATUS,2019-03-02 16:23:00,SCIURUS_OCOLATUS
SciurusOculatus_114.JPG,12,SCIURUS_OCOLATUS,2019-03-01 13:31:00,SCIURUS_OCOLATUS
SciurusOculatus_115.JPG,12,SCIURUS_OCOLATUS,2019-02-13 08:31:00,SCIURUS_OCOLATUS
SciurusOculatus_116.JPG,12,SCIURUS_OCOLATUS,2019-02-02 11:03:00,SCIURUS_OCOLATUS
SciurusOculatus_117.JPG,12,SCIURUS_OCOLATUS,2019-01-31 16:29:00,SCIURUS_OCOLATUS
SciurusOculatus_118.JPG,12,SCIURUS_OCOLATUS,2019-01-24 10:24:00,SCIURUS_OCOLATUS
SciurusOculatus_119.JPG,12,SCIURUS_OCOLATUS,2019-01-22 14:49:00,SCIURUS_OCOLATUS
SciurusOculatus_12.JPG,12,SCIURUS_OCOLATUS,2023-10-21 14:13:53,SCIURUS_OCOLATUS
SciurusOculatus_120.JPG,12,SCIURUS_OCOLATUS,2019-01-17 10:25:00,SCIURUS_OCOLATUS
SciurusOculatus_121.JPG,12,SCIURUS_OCOLATUS,2019-04-29 08:11:00,SCIURUS_OCOLATUS
SciurusOculatus_122.JPG,12,SCIURUS_OCOLATUS,2020-10-07 09:14:00,SCIURUS_OCOLATUS
SciurusOculatus_123.JPG,12,SCIURUS_OCOLATUS,2020-07-29 10:59:00,SCIURUS_OCOLATUS
SciurusOculatus_124.JPG,12,SCIURUS_OCOLATUS,2020-07-21 08:57:00,SCIURUS_OCOLATUS
SciurusOculatus_125.JPG,12,SCIURUS_OCOLATUS,2019-12-09 09:10:00,SCIURUS_OCOLATUS
SciurusOculatus_126.JPG,12,SCIURUS_OCOLATUS,2019-11-27 07:31:00,SCIURUS_OCOLATUS
SciurusOculatus_127.JPG,12,SCIURUS_OCOLATUS,2022-12-20 10:48:00,SCIURUS_OCOLATUS
SciurusOculatus_128.JPG,12,SCIURUS_OCOLATUS,2022-12-18 08:51:00,SCIURUS_OCOLATUS
SciurusOculatus_129.JPG,12,SCIURUS_OCOLATUS,2022-12-14 07:53:00,SCIURUS_OCOLATUS
SciurusOculatus_13.JPG,12,SCIURUS_OCOLATUS,2023-07-16 12:02:00,SCIURUS_OCOLATUS
SciurusOculatus_130.JPG,12,SCIURUS_OCOLATUS,2022-12-13 09:27:00,SCIURUS_OCOLATUS
SciurusOculatus_131.JPG,12,SCIURUS_OCOLATUS,2022-12-12 09:06:00,SCIURUS_OCOLATUS
SciurusOculatus_132.JPG,12,SCIURUS_OCOLATUS,2022-12-10 11:45:00,SCIURUS_OCOLATUS
SciurusOculatus_133.JPG,12,SCIURUS_OCOLATUS,2022-12-07 10:06:00,SCIURUS_OCOLATUS
SciurusOculatus_134.JPG,12,SCIURUS_OCOLATUS,2022-12-05 16:03:00,SCIURUS_OCOLATUS
SciurusOculatus_135.JPG,12,SCIURUS_OCOLATUS,2022-11-29 09:48:00,SCIURUS_OCOLATUS
SciurusOculatus_136.JPG,12,SCIURUS_OCOLATUS,2022-12-01 10:31:00,SCIURUS_OCOLATUS
SciurusOculatus_137.JPG,12,SCIURUS_OCOLATUS,2022-11-27 09:02:00,SCIURUS_OCOLATUS
SciurusOculatus_138.JPG,12,SCIURUS_OCOLATUS,2022-11-25 11:18:00,SCIURUS_OCOLATUS
SciurusOculatus_139.JPG,12,SCIURUS_OCOLATUS,2022-11-28 09:44:00,SCIURUS_OCOLATUS
SciurusOculatus_14.JPG,12,SCIURUS_OCOLATUS,2023-05-13 15:20:00,SCIURUS_OCOLATUS
SciurusOculatus_140.JPG,12,SCIURUS_OCOLATUS,2022-11-22 11:18:00,SCIURUS_OCOLATUS
SciurusOculatus_141.JPG,12,SCIURUS_OCOLATUS,2022-11-25 12:44:00,SCIURUS_OCOLATUS
SciurusOculatus_142.JPG,12,SCIURUS_OCOLATUS,2022-11-22 11:37:00,SCIURUS_OCOLATUS
SciurusOculatus_143.JPG,12,SCIURUS_OCOLATUS,2022-11-22 10:27:00,SCIURUS_OCOLATUS
SciurusOculatus_144.JPG,12,SCIURUS_OCOLATUS,2022-11-21 07:03:00,SCIURUS_OCOLATUS
SciurusOculatus_145.JPG,12,SCIURUS_OCOLATUS,2022-11-17 10:08:00,SCIURUS_OCOLATUS
SciurusOculatus_146.JPG,12,SCIURUS_OCOLATUS,2021-06-20 19:42:00,SCIURUS_OCOLATUS
SciurusOculatus_147.JPG,12,SCIURUS_OCOLATUS,2021-06-01 05:51:00,SCIURUS_OCOLATUS
SciurusOculatus_148.JPG,12,SCIURUS_OCOLATUS,2022-01-14 11:56:00,SCIURUS_OCOLATUS
SciurusOculatus_149.JPG,12,SCIURUS_OCOLATUS,2022-03-25 18:31:00,SCIURUS_OCOLATUS
SciurusOculatus_15.JPG,12,SCIURUS_OCOLATUS,2023-07-04 08:55:00,SCIURUS_OCOLATUS
SciurusOculatus_150.JPG,12,SCIURUS_OCOLATUS,2022-04-17 19:50:00,SCIURUS_OCOLATUS
SciurusOculatus_16.JPG,12,SCIURUS_OCOLATUS,2023-07-03 15:06:00,SCIURUS_OCOLATUS
SciurusOculatus_17.JPG,12,SCIURUS_OCOLATUS,2023-05-13 06:41:00,SCIURUS_OCOLATUS
SciurusOculatus_18.JPG,12,SCIURUS_OCOLATUS,2023-01-29 09:50:00,SCIURUS_OCOLATUS
SciurusOculatus_19.JPG,12,SCIURUS_OCOLATUS,2023-06-17,SCIURUS_OCOLATUS
SciurusOculatus_20.JPG,12,SCIURUS_OCOLATUS,2023-05-21 08:58:00,SCIURUS_OCOLATUS
SciurusOculatus_21.JPG,12,SCIURUS_OCOLATUS,2023-05-21 08:19:00,SCIURUS_OCOLATUS
SciurusOculatus_22.JPG,12,SCIURUS_OCOLATUS,2023-05-13 16:16:00,SCIURUS_OCOLATUS
SciurusOculatus_23.JPG,12,SCIURUS_OCOLATUS,2023-05-13 07:39:00,SCIURUS_OCOLATUS
SciurusOculatus_24.JPG,12,SCIURUS_OCOLATUS,2023-02-13 09:01:00,SCIURUS_OCOLATUS
SciurusOculatus_25.JPG,12,SCIURUS_OCOLATUS,2023-02-13 09:17:00,SCIURUS_OCOLATUS
SciurusOculatus_28.JPG,12,SCIURUS_OCOLATUS,2023-02-07 16:23:00,SCIURUS_OCOLATUS
SciurusOculatus_29.JPG,12,SCIURUS_OCOLATUS,2023-02-06 10:19:00,SCIURUS_OCOLATUS
SciurusOculatus_32.JPG,12,SCIURUS_OCOLATUS,2023-01-30 12:50:00,SCIURUS_OCOLATUS
SciurusOculatus_33.JPG,12,SCIURUS_OCOLATUS,2023-01-25 09:26:00,SCIURUS_OCOLATUS
SciurusOculatus_35.JPG,12,SCIURUS_OCOLATUS,2023-01-17 10:39:00,SCIURUS_OCOLATUS
SciurusOculatus_36.JPG,12,SCIURUS_OCOLATUS,2023-01-15 09:12:00,SCIURUS_OCOLATUS
SciurusOculatus_37.JPG,12,SCIURUS_OCOLATUS,2023-01-15 08:28:00,SCIURUS_OCOLATUS
SciurusOculatus_38.JPG,12,SCIURUS_OCOLATUS,2023-01-11 12:31:00,SCIURUS_OCOLATUS
SciurusOculatus_39.JPG,12,SCIURUS_OCOLATUS,2023-01-11 08:33:00,SCIURUS_OCOLATUS
SciurusOculatus_40.JPG,12,SCIURUS_OCOLATUS,2022-02-07 08:11:00,SCIURUS_OCOLATUS
SciurusOculatus_41.JPG,12,SCIURUS_OCOLATUS,2020-02-02 08:17:00,SCIURUS_OCOLATUS
SciurusOculatus_42.JPG,12,SCIURUS_OCOLATUS,2020-05-02 07:49:00,SCIURUS_OCOLATUS
SciurusOculatus_43.JPG,12,SCIURUS_OCOLATUS,2020-04-27 06:15:00,SCIURUS_OCOLATUS
SciurusOculatus_44.JPG,12,SCIURUS_OCOLATUS,2020-04-09 08:22:00,SCIURUS_OCOLATUS
SciurusOculatus_45.JPG,12,SCIURUS_OCOLATUS,2020-04-01 10:21:00,SCIURUS_OCOLATUS
SciurusOculatus_46.JPG,12,SCIURUS_OCOLATUS,2019-06-12 10:39:00,SCIURUS_OCOLATUS
SciurusOculatus_47.JPG,12,SCIURUS_OCOLATUS,2019-02-09 07:39:00,SCIURUS_OCOLATUS
SciurusOculatus_48.JPG,12,SCIURUS_OCOLATUS,2019-01-24 12:36:00,SCIURUS_OCOLATUS
SciurusOculatus_49.JPG,12,SCIURUS_OCOLATUS,2019-01-20 12:20:00,SCIURUS_OCOLATUS
SciurusOculatus_50.JPG,12,SCIURUS_OCOLATUS,2020-12-18 12:15:00,SCIURUS_OCOLATUS
SciurusOculatus_51.JPG,12,SCIURUS_OCOLATUS,2020-09-29 15:12:00,SCIURUS_OCOLATUS
SciurusOculatus_52.JPG,12,SCIURUS_OCOLATUS,2020-06-20 13:06:00,SCIURUS_OCOLATUS
SciurusOculatus_53.JPG,12,SCIURUS_OCOLATUS,2020-06-14 12:29:00,SCIURUS_OCOLATUS
SciurusOculatus_54.JPG,12,SCIURUS_OCOLATUS,2020-06-13 11:54:00,SCIURUS_OCOLATUS
SciurusOculatus_55.JPG,12,SCIURUS_OCOLATUS,2020-05-31 07:57:00,SCIURUS_OCOLATUS
SciurusOculatus_56.JPG,12,SCIURUS_OCOLATUS,2019-04-09 05:35:00,SCIURUS_OCOLATUS
SciurusOculatus_57.JPG,12,SCIURUS_OCOLATUS,2020-12-06 08:12:00,SCIURUS_OCOLATUS
SciurusOculatus_58.JPG,12,SCIURUS_OCOLATUS,2020-08-14 07:51:00,SCIURUS_OCOLATUS
SciurusOculatus_59.JPG,12,SCIURUS_OCOLATUS,2020-07-03 07:46:00,SCIURUS_OCOLATUS
SciurusOculatus_60.JPG,12,SCIURUS_OCOLATUS,2020-05-22 07:05:00,SCIURUS_OCOLATUS
SciurusOculatus_61.JPG,12,SCIURUS_OCOLATUS,2019-12-31 07:49:00,SCIURUS_OCOLATUS
SciurusOculatus_62.JPG,12,SCIURUS_OCOLATUS,2020-12-15 10:37:00,SCIURUS_OCOLATUS
SciurusOculatus_63.JPG,12,SCIURUS_OCOLATUS,2020-09-20 15:59:00,SCIURUS_OCOLATUS
SciurusOculatus_64.JPG,12,SCIURUS_OCOLATUS,2020-09-14 07:46:00,SCIURUS_OCOLATUS
SciurusOculatus_65.JPG,12,SCIURUS_OCOLATUS,2020-09-06 13:40:00,SCIURUS_OCOLATUS
SciurusOculatus_66.JPG,12,SCIURUS_OCOLATUS,2020-09-02 15:10:00,SCIURUS_OCOLATUS
SciurusOculatus_67.JPG,12,SCIURUS_OCOLATUS,2020-07-03 12:37:00,SCIURUS_OCOLATUS
SciurusOculatus_68.JPG,12,SCIURUS_OCOLATUS,2020-05-20 10:08:00,SCIURUS_OCOLATUS
SciurusOculatus_69.JPG,12,SCIURUS_OCOLATUS,2020-02-07 08:41:00,SCIURUS_OCOLATUS
SciurusOculatus_70.JPG,12,SCIURUS_OCOLATUS,2020-02-02 16:12:00,SCIURUS_OCOLATUS
SciurusOculatus_71.JPG,12,SCIURUS_OCOLATUS,2019-12-02 11:53:00,SCIURUS_OCOLATUS
SciurusOculatus_72.JPG,12,SCIURUS_OCOLATUS,2019-10-28 13:14:00,SCIURUS_OCOLATUS
SciurusOculatus_73.JPG,12,SCIURUS_OCOLATUS,2019-10-26 09:08:00,SCIURUS_OCOLATUS
SciurusOculatus_74.JPG,12,SCIURUS_OCOLATUS,2019-10-08 17:23:00,SCIURUS_OCOLATUS
SciurusOculatus_75.JPG,12,SCIURUS_OCOLATUS,2019-09-22 18:11:00,SCIURUS_OCOLATUS
SciurusOculatus_76.JPG,12,SCIURUS_OCOLATUS,2019-11-14 20:31:00,SCIURUS_OCOLATUS
SciurusOculatus_77.JPG,12,SCIURUS_OCOLATUS,2019-07-23 18:26:00,SCIURUS_OCOLATUS
SciurusOculatus_78.JPG,12,SCIURUS_OCOLATUS,2019-03-23 09:41:00,SCIURUS_OCOLATUS
SciurusOculatus_79.JPG,12,SCIURUS_OCOLATUS,2020-10-23 08:56:00,SCIURUS_OCOLATUS
SciurusOculatus_80.JPG,12,SCIURUS_OCOLATUS,2020-12-29 09:15:00,SCIURUS_OCOLATUS
SciurusOculatus_81.JPG,12,SCIURUS_OCOLATUS,2020-10-12 05:40:00,SCIURUS_OCOLATUS
SciurusOculatus_82.JPG,12,SCIURUS_OCOLATUS,2020-08-23 06:47:00,SCIURUS_OCOLATUS
SciurusOculatus_83.JPG,12,SCIURUS_OCOLATUS,2020-12-17 13:01:00,SCIURUS_OCOLATUS
SciurusOculatus_84.JPG,12,SCIURUS_OCOLATUS,2020-12-16 09:34:00,SCIURUS_OCOLATUS
SciurusOculatus_85.JPG,12,SCIURUS_OCOLATUS,2020-12-09 15:23:00,SCIURUS_OCOLATUS
SciurusOculatus_86.JPG,12,SCIURUS_OCOLATUS,2020-11-04 10:49:00,SCIURUS_OCOLATUS
SciurusOculatus_87.JPG,12,SCIURUS_OCOLATUS,2020-11-02 10:36:00,SCIURUS_OCOLATUS
SciurusOculatus_88.JPG,12,SCIURUS_OCOLATUS,2020-06-26 10:30:00,SCIURUS_OCOLATUS
SciurusOculatus_89.JPG,12,SCIURUS_OCOLATUS,2020-07-31 07:58:00,SCIURUS_OCOLATUS
SciurusOculatus_90.JPG,12,SCIURUS_OCOLATUS,2019-11-13 13:37:00,SCIURUS_OCOLATUS
SciurusOculatus_91.JPG,12,SCIURUS_OCOLATUS,2019-03-07 08:53:00,SCIURUS_OCOLATUS
SciurusOculatus_92.JPG,12,SCIURUS_OCOLATUS,2020-12-29 03:21:00,SCIURUS_OCOLATUS
SciurusOculatus_93.JPG,12,SCIURUS_OCOLATUS,2020-03-23 11:57:00,SCIURUS_OCOLATUS
SciurusOculatus_94.JPG,12,SCIURUS_OCOLATUS,2020-03-19 11:07:00,SCIURUS_OCOLATUS
SciurusOculatus_95.JPG,12,SCIURUS_OCOLATUS,2020-03-13 06:44:00,SCIURUS_OCOLATUS
SciurusOculatus_96.JPG,12,SCIURUS_OCOLATUS,2020-02-18 07:38:00,SCIURUS_OCOLATUS
SciurusOculatus_97.JPG,12,SCIURUS_OCOLATUS,2020-01-18 10:55:00,SCIURUS_OCOLATUS
SciurusOculatus_98.JPG,12,SCIURUS_OCOLATUS,2019-12-24 10:36:00,SCIURUS_OCOLATUS
SciurusOculatus_99.JPG,12,SCIURUS_OCOLATUS,2019-12-18 08:48:00,SCIURUS_OCOLATUS
SpilogaleGracilis_01.JPG,13,SPILOGALE_GRACILIS,2024-11-30 12:10:00,SPILOGALE_GRACILIS
SpilogaleGracilis_02.JPG,13,SPILOGALE_GRACILIS,2024-07-19 00:41:45,SPILOGALE_GRACILIS
SpilogaleGracilis_03.JPG,13,SPILOGALE_GRACILIS,2024-11-16 00:13:52,SPILOGALE_GRACILIS
SpilogaleGracilis_05.JPG,13,SPILOGALE_GRACILIS,2024-10-08 09:05:00,SPILOGALE_GRACILIS
SpilogaleGracilis_06.JPG,13,SPILOGALE_GRACILIS,2023-11-23 03:18:00,SPILOGALE_GRACILIS
SpilogaleGracilis_07.JPG,13,SPILOGALE_GRACILIS,2023-11-22 06:42:00,SPILOGALE_GRACILIS
SpilogaleGracilis_09.JPG,13,SPILOGALE_GRACILIS,2024-10-02 22:00:50,SPILOGALE_GRACILIS
SpilogaleGracilis_10.JPG,13,SPILOGALE_GRACILIS,2024-09-28 16:56:40,SPILOGALE_GRACILIS
SpilogaleGracilis_100.JPG,13,SPILOGALE_GRACILIS,2022-10-21,SPILOGALE_GRACILIS
SpilogaleGracilis_101.JPG,13,SPILOGALE_GRACILIS,2022-10-15,SPILOGALE_GRACILIS
SpilogaleGracilis_102.JPG,13,SPILOGALE_GRACILIS,2022-09-14,SPILOGALE_GRACILIS
SpilogaleGracilis_103.JPG,13,SPILOGALE_GRACILIS,2022-09-19,SPILOGALE_GRACILIS
SpilogaleGracilis_104.JPG,13,SPILOGALE_GRACILIS,2022-09-10,SPILOGALE_GRACILIS
SpilogaleGracilis_105.JPG,13,SPILOGALE_GRACILIS,2023-09-01,SPILOGALE_GRACILIS
SpilogaleGracilis_106.JPG,13,SPILOGALE_GRACILIS,2023-08-30,SPILOGALE_GRACILIS
SpilogaleGracilis_107.JPG,13,SPILOGALE_GRACILIS,2023-08-30,SPILOGALE_GRACILIS
SpilogaleGracilis_109.JPG,13,SPILOGALE_GRACILIS,2023-08-30,SPILOGALE_GRACILIS
SpilogaleGracilis_111.JPG,13,SPILOGALE_GRACILIS,2022-09-03,SPILOGALE_GRACILIS
SpilogaleGracilis_112.JPG,13,SPILOGALE_GRACILIS,2022-08-03,SPILOGALE_GRACILIS
SpilogaleGracilis_113.JPG,13,SPILOGALE_GRACILIS,2022-06-19,SPILOGALE_GRACILIS
SpilogaleGracilis_114.JPG,13,SPILOGALE_GRACILIS,2022-07-02,SPILOGALE_GRACILIS
SpilogaleGracilis_115.JPG,13,SPILOGALE_GRACILIS,2022-06-25,SPILOGALE_GRACILIS
SpilogaleGracilis_116.JPG,13,SPILOGALE_GRACILIS,2022-06-15,SPILOGALE_GRACILIS
SpilogaleGracilis_117.JPG,13,SPILOGALE_GRACILIS,2022-06-19,SPILOGALE_GRACILIS
SpilogaleGracilis_119.JPG,13,SPILOGALE_GRACILIS,2022-06-04,SPILOGALE_GRACILIS
SpilogaleGracilis_12.JPG,13,SPILOGALE_GRACILIS,2024-09-10 19:14:05,SPILOGALE_GRACILIS
SpilogaleGracilis_120.JPG,13,SPILOGALE_GRACILIS,2022-05-31,SPILOGALE_GRACILIS
SpilogaleGracilis_121.JPG,13,SPILOGALE_GRACILIS,2022-05-30,SPILOGALE_GRACILIS
SpilogaleGracilis_122.JPG,13,SPILOGALE_GRACILIS,2020-09-25 13:22:00,SPILOGALE_GRACILIS
SpilogaleGracilis_123.JPG,13,SPILOGALE_GRACILIS,2022-04-30,SPILOGALE_GRACILIS
SpilogaleGracilis_124.JPG,13,SPILOGALE_GRACILIS,2023-03-12 23:00:00,SPILOGALE_GRACILIS
SpilogaleGracilis_125.JPG,13,SPILOGALE_GRACILIS,2023-02-22 11:26:00,SPILOGALE_GRACILIS
SpilogaleGracilis_126.JPG,13,SPILOGALE_GRACILIS,2023-06-16 20:01:49,SPILOGALE_GRACILIS
SpilogaleGracilis_127.JPG,13,SPILOGALE_GRACILIS,2023-05-20 20:51:25,SPILOGALE_GRACILIS
SpilogaleGracilis_128.JPG,13,SPILOGALE_GRACILIS,2022-07-15,SPILOGALE_GRACILIS
SpilogaleGracilis_129.JPG,13,SPILOGALE_GRACILIS,2015-02-27 22:48:00,SPILOGALE_GRACILIS
SpilogaleGracilis_13.JPG,13,SPILOGALE_GRACILIS,2024-03-26 07:41:37,SPILOGALE_GRACILIS
SpilogaleGracilis_130.JPG,13,SPILOGALE_GRACILIS,2021-09-29,SPILOGALE_GRACILIS
SpilogaleGracilis_131.JPG,13,SPILOGALE_GRACILIS,2020-10-18 04:21:00,SPILOGALE_GRACILIS
SpilogaleGracilis_132.JPG,13,SPILOGALE_GRACILIS,2021-11-24,SPILOGALE_GRACILIS
SpilogaleGracilis_133.JPG,13,SPILOGALE_GRACILIS,2020-08-21 02:59:00,SPILOGALE_GRACILIS
SpilogaleGracilis_134.JPG,13,SPILOGALE_GRACILIS,2020-08-13 04:29:00,SPILOGALE_GRACILIS
SpilogaleGracilis_135.JPG,13,SPILOGALE_GRACILIS,2020-08-24 22:37:00,SPILOGALE_GRACILIS
SpilogaleGracilis_136.JPG,13,SPILOGALE_GRACILIS,2022-03-07 05:39:00,SPILOGALE_GRACILIS
SpilogaleGracilis_137.JPG,13,SPILOGALE_GRACILIS,2022-04-05,SPILOGALE_GRACILIS
SpilogaleGracilis_138.JPG,13,SPILOGALE_GRACILIS,2023-02-22 11:26:00,SPILOGALE_GRACILIS
SpilogaleGracilis_139.JPG,13,SPILOGALE_GRACILIS,2007-02-11 09:53:00,SPILOGALE_GRACILIS
SpilogaleGracilis_14.JPG,13,SPILOGALE_GRACILIS,2023-11-08 02:11:00,SPILOGALE_GRACILIS
SpilogaleGracilis_141.JPG,13,SPILOGALE_GRACILIS,2022-03-19 13:23:00,SPILOGALE_GRACILIS
SpilogaleGracilis_142.JPG,13,SPILOGALE_GRACILIS,2022-12-25 22:19:00,SPILOGALE_GRACILIS
SpilogaleGracilis_143.JPG,13,SPILOGALE_GRACILIS,2022-12-21 00:49:00,SPILOGALE_GRACILIS
SpilogaleGracilis_15.JPG,13,SPILOGALE_GRACILIS,2018-09-07 15:43:27,SPILOGALE_GRACILIS
SpilogaleGracilis_16.JPG,13,SPILOGALE_GRACILIS,2024-08-29 10:52:55,SPILOGALE_GRACILIS
SpilogaleGracilis_17.JPG,13,SPILOGALE_GRACILIS,2023-10-28,SPILOGALE_GRACILIS
SpilogaleGracilis_18.JPG,13,SPILOGALE_GRACILIS,2023-07-15,SPILOGALE_GRACILIS
SpilogaleGracilis_19.JPG,13,SPILOGALE_GRACILIS,2023-06-23,SPILOGALE_GRACILIS
SpilogaleGracilis_20.JPG,13,SPILOGALE_GRACILIS,2023-06-23,SPILOGALE_GRACILIS
SpilogaleGracilis_21.JPG,13,SPILOGALE_GRACILIS,2023-06-22,SPILOGALE_GRACILIS
SpilogaleGracilis_22.JPG,13,SPILOGALE_GRACILIS,2023-06-20,SPILOGALE_GRACILIS
SpilogaleGracilis_23.JPG,13,SPILOGALE_GRACILIS,2023-06-18,SPILOGALE_GRACILIS
SpilogaleGracilis_24.JPG,13,SPILOGALE_GRACILIS,2024-08-04 02:05:00,SPILOGALE_GRACILIS
SpilogaleGracilis_25.JPG,13,SPILOGALE_GRACILIS,2024-07-14 22:35:00,SPILOGALE_GRACILIS
SpilogaleGracilis_26.JPG,13,SPILOGALE_GRACILIS,2024-07-24,SPILOGALE_GRACILIS
SpilogaleGracilis_28.JPG,13,SPILOGALE_GRACILIS,2024-06-17 03:37:00,SPILOGALE_GRACILIS
SpilogaleGracilis_29.JPG,13,SPILOGALE_GRACILIS,2024-06-01 20:59:00,SPILOGALE_GRACILIS
SpilogaleGracilis_30.JPG,13,SPILOGALE_GRACILIS,2024-06-01 13:33:00,SPILOGALE_GRACILIS
SpilogaleGracilis_31.JPG,13,SPILOGALE_GRACILIS,2024-05-22 20:02:24,SPILOGALE_GRACILIS
SpilogaleGracilis_32.JPG,13,SPILOGALE_GRACILIS,2024-05-13 20:40:00,SPILOGALE_GRACILIS
SpilogaleGracilis_33.JPG,13,SPILOGALE_GRACILIS,2024-05-09 11:43:29,SPILOGALE_GRACILIS
SpilogaleGracilis_34.JPG,13,SPILOGALE_GRACILIS,2024-05-02 03:02:00,SPILOGALE_GRACILIS
SpilogaleGracilis_35.JPG,13,SPILOGALE_GRACILIS,2023-09-15,SPILOGALE_GRACILIS
SpilogaleGracilis_36.JPG,13,SPILOGALE_GRACILIS,2023-09-02,SPILOGALE_GRACILIS
SpilogaleGracilis_37.JPG,13,SPILOGALE_GRACILIS,2023-09-16,SPILOGALE_GRACILIS
SpilogaleGracilis_38.JPG,13,SPILOGALE_GRACILIS,2024-04-14 08:03:02,SPILOGALE_GRACILIS
SpilogaleGracilis_39.JPG,13,SPILOGALE_GRACILIS,2024-04-13 20:41:47,SPILOGALE_GRACILIS
SpilogaleGracilis_40.JPG,13,SPILOGALE_GRACILIS,2024-03-14 07:26:00,SPILOGALE_GRACILIS
SpilogaleGracilis_41.JPG,13,SPILOGALE_GRACILIS,2024-03-26 07:41:17,SPILOGALE_GRACILIS
SpilogaleGracilis_42.JPG,13,SPILOGALE_GRACILIS,2023-10-25,SPILOGALE_GRACILIS
SpilogaleGracilis_43.JPG,13,SPILOGALE_GRACILIS,2023-10-31,SPILOGALE_GRACILIS
SpilogaleGracilis_44.JPG,13,SPILOGALE_GRACILIS,2023-10-29,SPILOGALE_GRACILIS
SpilogaleGracilis_45.JPG,13,SPILOGALE_GRACILIS,2023-10-29,SPILOGALE_GRACILIS
SpilogaleGracilis_46.JPG,13,SPILOGALE_GRACILIS,2023-10-28,SPILOGALE_GRACILIS
SpilogaleGracilis_47.JPG,13,SPILOGALE_GRACILIS,2023-10-25,SPILOGALE_GRACILIS
SpilogaleGracilis_48.JPG,13,SPILOGALE_GRACILIS,2023-10-25,SPILOGALE_GRACILIS
SpilogaleGracilis_49.JPG,13,SPILOGALE_GRACILIS,2023-10-25,SPILOGALE_GRACILIS
SpilogaleGracilis_50.JPG,13,SPILOGALE_GRACILIS,2023-10-04,SPILOGALE_GRACILIS
SpilogaleGracilis_51.JPG,13,SPILOGALE_GRACILIS,2023-09-25,SPILOGALE_GRACILIS
SpilogaleGracilis_52.JPG,13,SPILOGALE_GRACILIS,2023-09-24,SPILOGALE_GRACILIS
SpilogaleGracilis_53.JPG,13,SPILOGALE_GRACILIS,2023-09-24,SPILOGALE_GRACILIS
SpilogaleGracilis_54.JPG,13,SPILOGALE_GRACILIS,2023-09-22,SPILOGALE_GRACILIS
SpilogaleGracilis_55.JPG,13,SPILOGALE_GRACILIS,2023-10-06,SPILOGALE_GRACILIS
SpilogaleGracilis_56.JPG,13,SPILOGALE_GRACILIS,2023-09-26,SPILOGALE_GRACILIS
SpilogaleGracilis_57.JPG,13,SPILOGALE_GRACILIS,2023-09-25,SPILOGALE_GRACILIS
SpilogaleGracilis_58.JPG,13,SPILOGALE_GRACILIS,2023-09-23,SPILOGALE_GRACILIS
SpilogaleGracilis_59.JPG,13,SPILOGALE_GRACILIS,2023-09-22,SPILOGALE_GRACILIS
SpilogaleGracilis_60.JPG,13,SPILOGALE_GRACILIS,2023-09-21,SPILOGALE_GRACILIS
SpilogaleGracilis_61.JPG,13,SPILOGALE_GRACILIS,2023-09-21,SPILOGALE_GRACILIS
SpilogaleGracilis_62.JPG,13,SPILOGALE_GRACILIS,2023-09-20,SPILOGALE_GRACILIS
SpilogaleGracilis_63.JPG,13,SPILOGALE_GRACILIS,2023-09-14,SPILOGALE_GRACILIS
SpilogaleGracilis_64.JPG,13,SPILOGALE_GRACILIS,2023-09-08,SPILOGALE_GRACILIS
SpilogaleGracilis_65.JPG,13,SPILOGALE_GRACILIS,2023-09-06,SPILOGALE_GRACILIS
SpilogaleGracilis_66.JPG,13,SPILOGALE_GRACILIS,2023-08-19,SPILOGALE_GRACILIS
SpilogaleGracilis_67.JPG,13,SPILOGALE_GRACILIS,2023-09-12,SPILOGALE_GRACILIS
SpilogaleGracilis_68.JPG,13,SPILOGALE_GRACILIS,2023-09-04,SPILOGALE_GRACILIS
SpilogaleGracilis_69.JPG,13,SPILOGALE_GRACILIS,2023-08-14,SPILOGALE_GRACILIS
SpilogaleGracilis_70.JPG,13,SPILOGALE_GRACILIS,2024-01-21 15:15:15,SPILOGALE_GRACILIS
SpilogaleGracilis_71.JPG,13,SPILOGALE_GRACILIS,1999-04-28 01:00:00,SPILOGALE_GRACILIS
SpilogaleGracilis_72.JPG,13,SPILOGALE_GRACILIS,2024-01-05 14:55:00,SPILOGALE_GRACILIS
SpilogaleGracilis_73.JPG,13,SPILOGALE_GRACILIS,2023-12-18 13:44:12,SPILOGALE_GRACILIS
SpilogaleGracilis_74.JPG,13,SPILOGALE_GRACILIS,2023-12-18 13:44:28,SPILOGALE_GRACILIS
SpilogaleGracilis_75.JPG,13,SPILOGALE_GRACILIS,2023-07-21,SPILOGALE_GRACILIS
SpilogaleGracilis_76.JPG,13,SPILOGALE_GRACILIS,2023-07-16,SPILOGALE_GRACILIS
SpilogaleGracilis_77.JPG,13,SPILOGALE_GRACILIS,2023-07-15,SPILOGALE_GRACILIS
SpilogaleGracilis_78.JPG,13,SPILOGALE_GRACILIS,2023-07-15,SPILOGALE_GRACILIS
SpilogaleGracilis_79.JPG,13,SPILOGALE_GRACILIS,2023-07-14,SPILOGALE_GRACILIS
SpilogaleGracilis_80.JPG,13,SPILOGALE_GRACILIS,2023-07-14,SPILOGALE_GRACILIS
SpilogaleGracilis_81.JPG,13,SPILOGALE_GRACILIS,2023-07-14,SPILOGALE_GRACILIS
SpilogaleGracilis_82.JPG,13,SPILOGALE_GRACILIS,2023-07-13,SPILOGALE_GRACILIS
SpilogaleGracilis_83.JPG,13,SPILOGALE_GRACILIS,2023-07-15,SPILOGALE_GRACILIS
SpilogaleGracilis_84.JPG,13,SPILOGALE_GRACILIS,2023-07-26,SPILOGALE_GRACILIS
SpilogaleGracilis_85.JPG,13,SPILOGALE_GRACILIS,2023-07-22,SPILOGALE_GRACILIS
SpilogaleGracilis_86.JPG,13,SPILOGALE_GRACILIS,2023-06-27,SPILOGALE_GRACILIS
SpilogaleGracilis_87.JPG,13,SPILOGALE_GRACILIS,2023-11-17 22:13:00,SPILOGALE_GRACILIS
SpilogaleGracilis_88.JPG,13,SPILOGALE_GRACILIS,2023-10-07 01:44:00,SPILOGALE_GRACILIS
SpilogaleGracilis_89.JPG,13,SPILOGALE_GRACILIS,2023-09-15 23:21:00,SPILOGALE_GRACILIS
SpilogaleGracilis_90.JPG,13,SPILOGALE_GRACILIS,2023-05-23,SPILOGALE_GRACILIS
SpilogaleGracilis_91.JPG,13,SPILOGALE_GRACILIS,2023-11-02 19:49:52,SPILOGALE_GRACILIS
SpilogaleGracilis_92.JPG,13,SPILOGALE_GRACILIS,2019-11-21 12:12:12,SPILOGALE_GRACILIS
SpilogaleGracilis_93.JPG,13,SPILOGALE_GRACILIS,2023-03-17,SPILOGALE_GRACILIS
SpilogaleGracilis_94.JPG,13,SPILOGALE_GRACILIS,2023-10-18 09:02:49,SPILOGALE_GRACILIS
SpilogaleGracilis_95.JPG,13,SPILOGALE_GRACILIS,2023-10-04 01:00:00,SPILOGALE_GRACILIS
SpilogaleGracilis_96.JPG,13,SPILOGALE_GRACILIS,2023-01-05,SPILOGALE_GRACILIS
SpilogaleGracilis_97.JPG,13,SPILOGALE_GRACILIS,2023-01-03,SPILOGALE_GRACILIS
SpilogaleGracilis_98.JPG,13,SPILOGALE_GRACILIS,2023-01-02,SPILOGALE_GRACILIS
SpilogaleGracilis_99.JPG,13,SPILOGALE_GRACILIS,2023-01-01,SPILOGALE_GRACILIS
BASSSEISCUS_ASTUTUS_video_IMG_0015_image001.jpg,1,BASSSEISCUS_ASTUTUS,,BASSSEISCUS_ASTUTUS_extracted
BASSSEISCUS_ASTUTUS_video_IMG_0015_image002.jpg,1,BASSSEISCUS_ASTUTUS,,BASSSEISCUS_ASTUTUS_extracted
BASSSEISCUS_ASTUTUS_video_IMG_0015_image003.jpg,1,BASSSEISCUS_ASTUTUS,,BASSSEISCUS_ASTUTUS_extracted
BASSSEISCUS_ASTUTUS_video_IMG_0031_image002.jpg,1,BASSSEISCUS_ASTUTUS,2022-09-02 06:17:15,BASSSEISCUS_ASTUTUS_extracted
BASSSEISCUS_ASTUTUS_video_IMG_0031_image003.jpg,1,BASSSEISCUS_ASTUTUS,2022-09-02 06:17:16,BASSSEISCUS_ASTUTUS_extracted
BASSSEISCUS_ASTUTUS_video_IMG_0031_image004.jpg,1,BASSSEISCUS_ASTUTUS,2022-09-02 06:17:17,BASSSEISCUS_ASTUTUS_extracted
BASSSEISCUS_ASTUTUS_video_IMG_0031_image005.jpg,1,BASSSEISCUS_ASTUTUS,2022-09-02 06:17:18,BASSSEISCUS_ASTUTUS_extracted
BASSSEISCUS_ASTUTUS_video_IMG_0031_image006.jpg,1,BASSSEISCUS_ASTUTUS,2022-09-02 06:17:19,BASSSEISCUS_ASTUTUS_extracted
BASSSEISCUS_ASTUTUS_video_IMG_0031_image007.jpg,1,BASSSEISCUS_ASTUTUS,2022-09-02 06:17:20,BASSSEISCUS_ASTUTUS_extracted
BASSSEISCUS_ASTUTUS_video_IMG_0031_image007.jpg,1,BASSSEISCUS_ASTUTUS,2022-09-02 06:17:20,BASSSEISCUS_ASTUTUS_extracted
BASSSEISCUS_ASTUTUS_video_IMG_0031_image008.jpg,1,BASSSEISCUS_ASTUTUS,2022-09-02 06:17:21,BASSSEISCUS_ASTUTUS_extracted
BASSSEISCUS_ASTUTUS_video_IMG_0031_image009.jpg,1,BASSSEISCUS_ASTUTUS,2022-09-02 06:17:22,BASSSEISCUS_ASTUTUS_extracted
BASSSEISCUS_ASTUTUS_video_IMG_0031_image010.jpg,1,BASSSEISCUS_ASTUTUS,2022-09-02 06:17:23,BASSSEISCUS_ASTUTUS_extracted
BASSSEISCUS_ASTUTUS_video_IMG_0125_image001.jpg,1,BASSSEISCUS_ASTUTUS,,BASSSEISCUS_ASTUTUS_extracted
BASSSEISCUS_ASTUTUS_video_IMG_0125_image002.jpg,1,BASSSEISCUS_ASTUTUS,,BASSSEISCUS_ASTUTUS_extracted
BASSSEISCUS_ASTUTUS_video_IMG_0125_image003.jpg,1,BASSSEISCUS_ASTUTUS,,BASSSEISCUS_ASTUTUS_extracted
BASSSEISCUS_ASTUTUS_video_IMG_0184_image001.jpg,1,BASSSEISCUS_ASTUTUS,,BASSSEISCUS_ASTUTUS_extracted
BASSSEISCUS_ASTUTUS_video_IMG_0184_image002.jpg,1,BASSSEISCUS_ASTUTUS,,BASSSEISCUS_ASTUTUS_extracted
BASSSEISCUS_ASTUTUS_video_IMG_0184_image003.jpg,1,BASSSEISCUS_ASTUTUS,,BASSSEISCUS_ASTUTUS_extracted
BASSSEISCUS_ASTUTUS_video_IMG_0184_image004.jpg,1,BASSSEISCUS_ASTUTUS,,BASSSEISCUS_ASTUTUS_extracted
BASSSEISCUS_ASTUTUS_video_IMG_0184_image005.jpg,1,BASSSEISCUS_ASTUTUS,,BASSSEISCUS_ASTUTUS_extracted
BASSSEISCUS_ASTUTUS_video_IMG_0184_image006.jpg,1,BASSSEISCUS_ASTUTUS,,BASSSEISCUS_ASTUTUS_extracted
BASSSEISCUS_ASTUTUS_video_IMG_0184_image007.jpg,1,BASSSEISCUS_ASTUTUS,,BASSSEISCUS_ASTUTUS_extracted
BASSSEISCUS_ASTUTUS_video_IMG_0184_image008.jpg,1,BASSSEISCUS_ASTUTUS,,BASSSEISCUS_ASTUTUS_extracted
BASSSEISCUS_ASTUTUS_video_IMG_0184_image009.jpg,1,BASSSEISCUS_ASTUTUS,,BASSSEISCUS_ASTUTUS_extracted
BASSSEISCUS_ASTUTUS_video_IMG_0184_image010.jpg,1,BASSSEISCUS_ASTUTUS,,BASSSEISCUS_ASTUTUS_extracted
BASSSEISCUS_ASTUTUS_video_IMG_0296_image001.jpg,1,BASSSEISCUS_ASTUTUS,2022-06-10 02:09:17,BASSSEISCUS_ASTUTUS_extracted
BASSSEISCUS_ASTUTUS_video_IMG_0296_image002.jpg,1,BASSSEISCUS_ASTUTUS,2022-06-10 02:09:18,BASSSEISCUS_ASTUTUS_extracted
BASSSEISCUS_ASTUTUS_video_IMG_0296_image003.jpg,1,BASSSEISCUS_ASTUTUS,2022-06-10 02:09:19,BASSSEISCUS_ASTUTUS_extracted
BASSSEISCUS_ASTUTUS_video_IMG_0296_image004.jpg,1,BASSSEISCUS_ASTUTUS,2022-06-10 02:09:20,BASSSEISCUS_ASTUTUS_extracted
BASSSEISCUS_ASTUTUS_video_IMG_0296_image009.jpg,1,BASSSEISCUS_ASTUTUS,2022-06-10 02:09:25,BASSSEISCUS_ASTUTUS_extracted
CONEPATUS_LEUCONOTUS_video_IMG_0006_image001.jpg,2,CONEPATUS_LEUCONOTUS,2022-08-31 01:51:04,CONEPATUS_LEUCONOTUS_2022_extracted
CONEPATUS_LEUCONOTUS_video_IMG_0006_image002.jpg,2,CONEPATUS_LEUCONOTUS,2022-08-31 01:51:05,CONEPATUS_LEUCONOTUS_2022_extracted
CONEPATUS_LEUCONOTUS_video_IMG_0006_image002.jpg,2,CONEPATUS_LEUCONOTUS,2022-08-31 01:51:05,CONEPATUS_LEUCONOTUS_2022_extracted
CONEPATUS_LEUCONOTUS_video_IMG_0006_image003.jpg,2,CONEPATUS_LEUCONOTUS,2022-08-31 01:51:06,CONEPATUS_LEUCONOTUS_2022_extracted
CONEPATUS_LEUCONOTUS_video_IMG_0006_image003.jpg,2,CONEPATUS_LEUCONOTUS,2022-08-31 01:51:06,CONEPATUS_LEUCONOTUS_2022_extracted
CONEPATUS_LEUCONOTUS_video_IMG_0006_image004.jpg,2,CONEPATUS_LEUCONOTUS,2022-08-31 01:51:07,CONEPATUS_LEUCONOTUS_2022_extracted
CONEPATUS_LEUCONOTUS_video_IMG_0006_image005.jpg,2,CONEPATUS_LEUCONOTUS,2022-08-31 01:51:08,CONEPATUS_LEUCONOTUS_2022_extracted
CONEPATUS_LEUCONOTUS_video_IMG_0006_image006.jpg,2,CONEPATUS_LEUCONOTUS,2022-08-31 01:51:09,CONEPATUS_LEUCONOTUS_2022_extracted
CONEPATUS_LEUCONOTUS_video_IMG_0006_image007.jpg,2,CONEPATUS_LEUCONOTUS,2022-08-31 01:51:10,CONEPATUS_LEUCONOTUS_2022_extracted
CONEPATUS_LEUCONOTUS_video_IMG_0010_image001.jpg,2,CONEPATUS_LEUCONOTUS,2022-07-10 04:26:30,CONEPATUS_LEUCONOTUS_2022_extracted
CONEPATUS_LEUCONOTUS_video_IMG_0010_image002.jpg,2,CONEPATUS_LEUCONOTUS,2022-07-10 04:26:31,CONEPATUS_LEUCONOTUS_2022_extracted
CONEPATUS_LEUCONOTUS_video_IMG_0013_image001.jpg,2,CONEPATUS_LEUCONOTUS,,CONEPATUS_LEUCONOTUS_2022_extracted
CONEPATUS_LEUCONOTUS_video_IMG_0013_image002.jpg,2,CONEPATUS_LEUCONOTUS,,CONEPATUS_LEUCONOTUS_2022_extracted
CONEPATUS_LEUCONOTUS_video_IMG_0013_image003.jpg,2,CONEPATUS_LEUCONOTUS,,CONEPATUS_LEUCONOTUS_2022_extracted
CONEPATUS_LEUCONOTUS_video_IMG_0013_image003.jpg,2,CONEPATUS_LEUCONOTUS,,CONEPATUS_LEUCONOTUS_2022_extracted
CONEPATUS_LEUCONOTUS_video_IMG_0013_image004.jpg,2,CONEPATUS_LEUCONOTUS,,CONEPATUS_LEUCONOTUS_2022_extracted
CONEPATUS_LEUCONOTUS_video_IMG_0013_image005.jpg,2,CONEPATUS_LEUCONOTUS,,CONEPATUS_LEUCONOTUS_2022_extracted
CONEPATUS_LEUCONOTUS_video_IMG_0013_image006.jpg,2,CONEPATUS_LEUCONOTUS,,CONEPATUS_LEUCONOTUS_2022_extracted
CONEPATUS_LEUCONOTUS_video_IMG_0013_image007.jpg,2,CONEPATUS_LEUCONOTUS,,CONEPATUS_LEUCONOTUS_2022_extracted
CONEPATUS_LEUCONOTUS_video_IMG_0013_image008.jpg,2,CONEPATUS_LEUCONOTUS,,CONEPATUS_LEUCONOTUS_2022_extracted
CONEPATUS_LEUCONOTUS_video_IMG_0013_image009.jpg,2,CONEPATUS_LEUCONOTUS,,CONEPATUS_LEUCONOTUS_2022_extracted
CONEPATUS_LEUCONOTUS_video_IMG_0013_image009.jpg,2,CONEPATUS_LEUCONOTUS,,CONEPATUS_LEUCONOTUS_2022_extracted
CONEPATUS_LEUCONOTUS_video_IMG_0013_image010.jpg,2,CONEPATUS_LEUCONOTUS,,CONEPATUS_LEUCONOTUS_2022_extracted
CONEPATUS_LEUCONOTUS_video_IMG_0013_image010.jpg,2,CONEPATUS_LEUCONOTUS,,CONEPATUS_LEUCONOTUS_2022_extracted
CONEPATUS_LEUCONOTUS_video_IMG_0014_image001.jpg,2,CONEPATUS_LEUCONOTUS,2022-07-09 22:15:58,CONEPATUS_LEUCONOTUS_2022_extracted
CONEPATUS_LEUCONOTUS_video_IMG_0014_image002.jpg,2,CONEPATUS_LEUCONOTUS,2022-07-09 22:15:59,CONEPATUS_LEUCONOTUS_2022_extracted
CONEPATUS_LEUCONOTUS_video_IMG_0014_image003.jpg,2,CONEPATUS_LEUCONOTUS,2022-07-09 22:16:00,CONEPATUS_LEUCONOTUS_2022_extracted
CONEPATUS_LEUCONOTUS_video_IMG_0014_image004.jpg,2,CONEPATUS_LEUCONOTUS,2022-07-09 22:16:01,CONEPATUS_LEUCONOTUS_2022_extracted
CONEPATUS_LEUCONOTUS_video_IMG_0014_image005.jpg,2,CONEPATUS_LEUCONOTUS,2022-07-09 22:16:02,CONEPATUS_LEUCONOTUS_2022_extracted
CONEPATUS_LEUCONOTUS_video_IMG_0020_image001.jpg,2,CONEPATUS_LEUCONOTUS,2022-10-14 20:00:56,CONEPATUS_LEUCONOTUS_2022_extracted
CONEPATUS_LEUCONOTUS_video_IMG_0020_image002.jpg,2,CONEPATUS_LEUCONOTUS,2022-10-14 20:00:57,CONEPATUS_LEUCONOTUS_2022_extracted
CONEPATUS_LEUCONOTUS_video_IMG_0020_image003.jpg,2,CONEPATUS_LEUCONOTUS,2022-10-14 20:00:58,CONEPATUS_LEUCONOTUS_2022_extracted
CONEPATUS_LEUCONOTUS_video_IMG_0020_image004.jpg,2,CONEPATUS_LEUCONOTUS,2022-10-14 20:00:59,CONEPATUS_LEUCONOTUS_2022_extracted
CONEPATUS_LEUCONOTUS_video_IMG_0020_image005.jpg,2,CONEPATUS_LEUCONOTUS,2022-10-14 20:01:00,CONEPATUS_LEUCONOTUS_2022_extracted
CONEPATUS_LEUCONOTUS_video_IMG_0020_image006.jpg,2,CONEPATUS_LEUCONOTUS,2022-10-14 20:01:01,CONEPATUS_LEUCONOTUS_2022_extracted
CONEPATUS_LEUCONOTUS_video_IMG_0020_image007.jpg,2,CONEPATUS_LEUCONOTUS,2022-10-14 20:01:02,CONEPATUS_LEUCONOTUS_2022_extracted
CONEPATUS_LEUCONOTUS_video_IMG_0020_image008.jpg,2,CONEPATUS_LEUCONOTUS,2022-10-14 20:01:03,CONEPATUS_LEUCONOTUS_2022_extracted
CONEPATUS_LEUCONOTUS_video_IMG_0020_image008.jpg,2,CONEPATUS_LEUCONOTUS,2022-10-14 20:01:03,CONEPATUS_LEUCONOTUS_2022_extracted
CONEPATUS_LEUCONOTUS_video_IMG_0021_image001.jpg,2,CONEPATUS_LEUCONOTUS,2022-07-12 05:36:06,CONEPATUS_LEUCONOTUS_2022_extracted
CONEPATUS_LEUCONOTUS_video_IMG_0021_image002.jpg,2,CONEPATUS_LEUCONOTUS,2022-07-12 05:36:07,CONEPATUS_LEUCONOTUS_2022_extracted
CONEPATUS_LEUCONOTUS_video_IMG_0021_image003.jpg,2,CONEPATUS_LEUCONOTUS,2022-07-12 05:36:08,CONEPATUS_LEUCONOTUS_2022_extracted
CONEPATUS_LEUCONOTUS_video_IMG_0024_image001.jpg,2,CONEPATUS_LEUCONOTUS,2022-05-16 00:08:01,CONEPATUS_LEUCONOTUS_2022_extracted
CONEPATUS_LEUCONOTUS_video_IMG_0024_image002.jpg,2,CONEPATUS_LEUCONOTUS,2022-05-16 00:08:02,CONEPATUS_LEUCONOTUS_2022_extracted
CONEPATUS_LEUCONOTUS_video_IMG_0024_image003.jpg,2,CONEPATUS_LEUCONOTUS,2022-05-16 00:08:03,CONEPATUS_LEUCONOTUS_2022_extracted
CONEPATUS_LEUCONOTUS_video_IMG_0024_image004.jpg,2,CONEPATUS_LEUCONOTUS,2022-05-16 00:08:04,CONEPATUS_LEUCONOTUS_2022_extracted
CONEPATUS_LEUCONOTUS_video_IMG_0024_image006.jpg,2,CONEPATUS_LEUCONOTUS,2022-05-16 00:08:06,CONEPATUS_LEUCONOTUS_2022_extracted
CONEPATUS_LEUCONOTUS_video_IMG_0024_image007.jpg,2,CONEPATUS_LEUCONOTUS,2022-05-16 00:08:07,CONEPATUS_LEUCONOTUS_2022_extracted
CONEPATUS_LEUCONOTUS_video_IMG_0024_image008.jpg,2,CONEPATUS_LEUCONOTUS,2022-05-16 00:08:08,CONEPATUS_LEUCONOTUS_2022_extracted
CONEPATUS_LEUCONOTUS_video_IMG_0024_image009.jpg,2,CONEPATUS_LEUCONOTUS,2022-05-16 00:08:09,CONEPATUS_LEUCONOTUS_2022_extracted
CONEPATUS_LEUCONOTUS_video_IMG_0028_image001.jpg,2,CONEPATUS_LEUCONOTUS,,CONEPATUS_LEUCONOTUS_2022_extracted
CONEPATUS_LEUCONOTUS_video_IMG_0028_image002.jpg,2,CONEPATUS_LEUCONOTUS,,CONEPATUS_LEUCONOTUS_2022_extracted
CONEPATUS_LEUCONOTUS_video_IMG_0028_image003.jpg,2,CONEPATUS_LEUCONOTUS,,CONEPATUS_LEUCONOTUS_2022_extracted
CONEPATUS_LEUCONOTUS_video_IMG_0028_image004.jpg,2,CONEPATUS_LEUCONOTUS,,CONEPATUS_LEUCONOTUS_2022_extracted
CONEPATUS_LEUCONOTUS_video_IMG_0028_image005.jpg,2,CONEPATUS_LEUCONOTUS,,CONEPATUS_LEUCONOTUS_2022_extracted
CONEPATUS_LEUCONOTUS_video_IMG_0028_image006.jpg,2,CONEPATUS_LEUCONOTUS,,CONEPATUS_LEUCONOTUS_2022_extracted
CONEPATUS_LEUCONOTUS_video_IMG_0028_image007.jpg,2,CONEPATUS_LEUCONOTUS,,CONEPATUS_LEUCONOTUS_2022_extracted
CONEPATUS_LEUCONOTUS_video_IMG_0028_image008.jpg,2,CONEPATUS_LEUCONOTUS,,CONEPATUS_LEUCONOTUS_2022_extracted
CONEPATUS_LEUCONOTUS_video_IMG_0028_image009.jpg,2,CONEPATUS_LEUCONOTUS,,CONEPATUS_LEUCONOTUS_2022_extracted
CONEPATUS_LEUCONOTUS_video_IMG_0028_image010.jpg,2,CONEPATUS_LEUCONOTUS,,CONEPATUS_LEUCONOTUS_2022_extracted
CONEPATUS_LEUCONOTUS_video_IMG_0036_image001.jpg,2,CONEPATUS_LEUCONOTUS,2022-09-06 21:39:00,CONEPATUS_LEUCONOTUS_2022_extracted
CONEPATUS_LEUCONOTUS_video_IMG_0036_image002.jpg,2,CONEPATUS_LEUCONOTUS,2022-09-06 21:39:01,CONEPATUS_LEUCONOTUS_2022_extracted
CONEPATUS_LEUCONOTUS_video_IMG_0036_image003.jpg,2,CONEPATUS_LEUCONOTUS,2022-09-06 21:39:02,CONEPATUS_LEUCONOTUS_2022_extracted
CONEPATUS_LEUCONOTUS_video_IMG_0036_image004.jpg,2,CONEPATUS_LEUCONOTUS,2022-09-06 21:39:03,CONEPATUS_LEUCONOTUS_2022_extracted
CONEPATUS_LEUCONOTUS_video_IMG_0036_image005.jpg,2,CONEPATUS_LEUCONOTUS,2022-09-06 21:39:04,CONEPATUS_LEUCONOTUS_2022_extracted
CONEPATUS_LEUCONOTUS_video_IMG_0036_image006.jpg,2,CONEPATUS_LEUCONOTUS,2022-09-06 21:39:05,CONEPATUS_LEUCONOTUS_2022_extracted
CONEPATUS_LEUCONOTUS_video_IMG_0036_image007.jpg,2,CONEPATUS_LEUCONOTUS,2022-09-06 21:39:06,CONEPATUS_LEUCONOTUS_2022_extracted
CONEPATUS_LEUCONOTUS_video_IMG_0036_image008.jpg,2,CONEPATUS_LEUCONOTUS,2022-09-06 21:39:07,CONEPATUS_LEUCONOTUS_2022_extracted
CONEPATUS_LEUCONOTUS_video_IMG_0036_image009.jpg,2,CONEPATUS_LEUCONOTUS,2022-09-06 21:39:08,CONEPATUS_LEUCONOTUS_2022_extracted
CONEPATUS_LEUCONOTUS_video_IMG_0045_image001.jpg,2,CONEPATUS_LEUCONOTUS,2022-07-23 05:12:18,CONEPATUS_LEUCONOTUS_2022_extracted
CONEPATUS_LEUCONOTUS_video_IMG_0045_image002.jpg,2,CONEPATUS_LEUCONOTUS,2022-07-23 05:12:19,CONEPATUS_LEUCONOTUS_2022_extracted
CONEPATUS_LEUCONOTUS_video_IMG_0045_image003.jpg,2,CONEPATUS_LEUCONOTUS,2022-07-23 05:12:20,CONEPATUS_LEUCONOTUS_2022_extracted
CONEPATUS_LEUCONOTUS_video_IMG_0045_image004.jpg,2,CONEPATUS_LEUCONOTUS,2022-07-23 05:12:21,CONEPATUS_LEUCONOTUS_2022_extracted
CONEPATUS_LEUCONOTUS_video_IMG_0045_image005.jpg,2,CONEPATUS_LEUCONOTUS,2022-07-23 05:12:22,CONEPATUS_LEUCONOTUS_2022_extracted
CONEPATUS_LEUCONOTUS_video_IMG_0054_image001.jpg,2,CONEPATUS_LEUCONOTUS,2022-07-29 05:05:00,CONEPATUS_LEUCONOTUS_2022_extracted
CONEPATUS_LEUCONOTUS_video_IMG_0054_image002.jpg,2,CONEPATUS_LEUCONOTUS,2022-07-29 05:05:01,CONEPATUS_LEUCONOTUS_2022_extracted
CONEPATUS_LEUCONOTUS_video_IMG_0054_image002.jpg,2,CONEPATUS_LEUCONOTUS,2022-07-29 05:05:01,CONEPATUS_LEUCONOTUS_2022_extracted
CONEPATUS_LEUCONOTUS_video_IMG_0054_image003.jpg,2,CONEPATUS_LEUCONOTUS,2022-07-29 05:05:02,CONEPATUS_LEUCONOTUS_2022_extracted
CONEPATUS_LEUCONOTUS_video_IMG_0056_image001.jpg,2,CONEPATUS_LEUCONOTUS,2022-06-24 23:14:27,CONEPATUS_LEUCONOTUS_2022_extracted
CONEPATUS_LEUCONOTUS_video_IMG_0056_image002.jpg,2,CONEPATUS_LEUCONOTUS,2022-06-24 23:14:28,CONEPATUS_LEUCONOTUS_2022_extracted
CONEPATUS_LEUCONOTUS_video_IMG_0056_image003.jpg,2,CONEPATUS_LEUCONOTUS,2022-06-24 23:14:29,CONEPATUS_LEUCONOTUS_2022_extracted
CONEPATUS_LEUCONOTUS_video_IMG_0056_image004.jpg,2,CONEPATUS_LEUCONOTUS,2022-06-24 23:14:30,CONEPATUS_LEUCONOTUS_2022_extracted
CONEPATUS_LEUCONOTUS_video_IMG_0056_image004.jpg,2,CONEPATUS_LEUCONOTUS,2022-06-24 23:14:30,CONEPATUS_LEUCONOTUS_2022_extracted
CONEPATUS_LEUCONOTUS_video_IMG_0056_image005.jpg,2,CONEPATUS_LEUCONOTUS,2022-06-24 23:14:31,CONEPATUS_LEUCONOTUS_2022_extracted
CONEPATUS_LEUCONOTUS_video_IMG_0056_image008.jpg,2,CONEPATUS_LEUCONOTUS,2022-06-24 23:14:34,CONEPATUS_LEUCONOTUS_2022_extracted
CONEPATUS_LEUCONOTUS_video_IMG_0056_image009.jpg,2,CONEPATUS_LEUCONOTUS,2022-06-24 23:14:35,CONEPATUS_LEUCONOTUS_2022_extracted
CONEPATUS_LEUCONOTUS_video_IMG_0056_image010.jpg,2,CONEPATUS_LEUCONOTUS,2022-06-24 23:14:36,CONEPATUS_LEUCONOTUS_2022_extracted
CONEPATUS_LEUCONOTUS_video_IMG_0061_image001.jpg,2,CONEPATUS_LEUCONOTUS,,CONEPATUS_LEUCONOTUS_2022_extracted
CONEPATUS_LEUCONOTUS_video_IMG_0061_image002.jpg,2,CONEPATUS_LEUCONOTUS,,CONEPATUS_LEUCONOTUS_2022_extracted
CONEPATUS_LEUCONOTUS_video_IMG_0061_image003.jpg,2,CONEPATUS_LEUCONOTUS,,CONEPATUS_LEUCONOTUS_2022_extracted
CONEPATUS_LEUCONOTUS_video_IMG_0061_image004.jpg,2,CONEPATUS_LEUCONOTUS,,CONEPATUS_LEUCONOTUS_2022_extracted
CONEPATUS_LEUCONOTUS_video_IMG_0071_image001.jpg,2,CONEPATUS_LEUCONOTUS,2022-07-01 23:15:36,CONEPATUS_LEUCONOTUS_2022_extracted
CONEPATUS_LEUCONOTUS_video_IMG_0075_image001.jpg,2,CONEPATUS_LEUCONOTUS,2022-07-17 05:43:46,CONEPATUS_LEUCONOTUS_2022_extracted
CONEPATUS_LEUCONOTUS_video_IMG_0075_image002.jpg,2,CONEPATUS_LEUCONOTUS,2022-07-17 05:43:47,CONEPATUS_LEUCONOTUS_2022_extracted
CONEPATUS_LEUCONOTUS_video_IMG_0075_image002.jpg,2,CONEPATUS_LEUCONOTUS,2022-07-17 05:43:47,CONEPATUS_LEUCONOTUS_2022_extracted
CONEPATUS_LEUCONOTUS_video_IMG_0075_image003.jpg,2,CONEPATUS_LEUCONOTUS,2022-07-17 05:43:48,CONEPATUS_LEUCONOTUS_2022_extracted
CONEPATUS_LEUCONOTUS_video_IMG_0075_image004.jpg,2,CONEPATUS_LEUCONOTUS,2022-07-17 05:43:49,CONEPATUS_LEUCONOTUS_2022_extracted
CONEPATUS_LEUCONOTUS_video_IMG_0075_image005.jpg,2,CONEPATUS_LEUCONOTUS,2022-07-17 05:43:50,CONEPATUS_LEUCONOTUS_2022_extracted
CONEPATUS_LEUCONOTUS_video_IMG_0075_image006.jpg,2,CONEPATUS_LEUCONOTUS,2022-07-17 05:43:51,CONEPATUS_LEUCONOTUS_2022_extracted
CONEPATUS_LEUCONOTUS_video_IMG_0075_image007.jpg,2,CONEPATUS_LEUCONOTUS,2022-07-17 05:43:52,CONEPATUS_LEUCONOTUS_2022_extracted
CONEPATUS_LEUCONOTUS_video_IMG_0075_image008.jpg,2,CONEPATUS_LEUCONOTUS,2022-07-17 05:43:53,CONEPATUS_LEUCONOTUS_2022_extracted
CONEPATUS_LEUCONOTUS_video_IMG_0075_image009.jpg,2,CONEPATUS_LEUCONOTUS,2022-07-17 05:43:54,CONEPATUS_LEUCONOTUS_2022_extracted
CONEPATUS_LEUCONOTUS_video_IMG_0075_image010.jpg,2,CONEPATUS_LEUCONOTUS,2022-07-17 05:43:55,CONEPATUS_LEUCONOTUS_2022_extracted
CONEPATUS_LEUCONOTUS_video_IMG_0077_image001.jpg,2,CONEPATUS_LEUCONOTUS,,CONEPATUS_LEUCONOTUS_2022_extracted
CONEPATUS_LEUCONOTUS_video_IMG_0077_image002.jpg,2,CONEPATUS_LEUCONOTUS,,CONEPATUS_LEUCONOTUS_2022_extracted
CONEPATUS_LEUCONOTUS_video_IMG_0093_image001.jpg,2,CONEPATUS_LEUCONOTUS,,CONEPATUS_LEUCONOTUS_2022_extracted
CONEPATUS_LEUCONOTUS_video_IMG_0093_image002.jpg,2,CONEPATUS_LEUCONOTUS,,CONEPATUS_LEUCONOTUS_2022_extracted
CONEPATUS_LEUCONOTUS_video_IMG_0093_image003.jpg,2,CONEPATUS_LEUCONOTUS,,CONEPATUS_LEUCONOTUS_2022_extracted
CONEPATUS_LEUCONOTUS_video_IMG_0093_image004.jpg,2,CONEPATUS_LEUCONOTUS,,CONEPATUS_LEUCONOTUS_2022_extracted
CONEPATUS_LEUCONOTUS_video_IMG_0098_image001.jpg,2,CONEPATUS_LEUCONOTUS,2022-11-24 23:24:35,CONEPATUS_LEUCONOTUS_2022_extracted
CONEPATUS_LEUCONOTUS_video_IMG_0098_image002.jpg,2,CONEPATUS_LEUCONOTUS,2022-11-24 23:24:36,CONEPATUS_LEUCONOTUS_2022_extracted
CONEPATUS_LEUCONOTUS_video_IMG_0098_image003.jpg,2,CONEPATUS_LEUCONOTUS,2022-11-24 23:24:37,CONEPATUS_LEUCONOTUS_2022_extracted
CONEPATUS_LEUCONOTUS_video_IMG_0098_image004.jpg,2,CONEPATUS_LEUCONOTUS,2022-11-24 23:24:38,CONEPATUS_LEUCONOTUS_2022_extracted
CONEPATUS_LEUCONOTUS_video_IMG_0103_image001.jpg,2,CONEPATUS_LEUCONOTUS,2022-08-24 03:54:39,CONEPATUS_LEUCONOTUS_2022_extracted
CONEPATUS_LEUCONOTUS_video_IMG_0103_image002.jpg,2,CONEPATUS_LEUCONOTUS,2022-08-24 03:54:40,CONEPATUS_LEUCONOTUS_2022_extracted
CONEPATUS_LEUCONOTUS_video_IMG_0103_image003.jpg,2,CONEPATUS_LEUCONOTUS,2022-08-24 03:54:41,CONEPATUS_LEUCONOTUS_2022_extracted
CONEPATUS_LEUCONOTUS_video_IMG_0103_image004.jpg,2,CONEPATUS_LEUCONOTUS,2022-08-24 03:54:42,CONEPATUS_LEUCONOTUS_2022_extracted
CONEPATUS_LEUCONOTUS_video_IMG_0103_image005.jpg,2,CONEPATUS_LEUCONOTUS,2022-08-24 03:54:43,CONEPATUS_LEUCONOTUS_2022_extracted
CONEPATUS_LEUCONOTUS_video_IMG_0103_image006.jpg,2,CONEPATUS_LEUCONOTUS,2022-08-24 03:54:44,CONEPATUS_LEUCONOTUS_2022_extracted
CONEPATUS_LEUCONOTUS_video_IMG_0103_image007.jpg,2,CONEPATUS_LEUCONOTUS,2022-08-24 03:54:45,CONEPATUS_LEUCONOTUS_2022_extracted
CONEPATUS_LEUCONOTUS_video_IMG_0103_image008.jpg,2,CONEPATUS_LEUCONOTUS,2022-08-24 03:54:46,CONEPATUS_LEUCONOTUS_2022_extracted
CONEPATUS_LEUCONOTUS_video_IMG_0103_image009.jpg,2,CONEPATUS_LEUCONOTUS,2022-08-24 03:54:47,CONEPATUS_LEUCONOTUS_2022_extracted
CONEPATUS_LEUCONOTUS_video_IMG_0103_image010.jpg,2,CONEPATUS_LEUCONOTUS,2022-08-24 03:54:48,CONEPATUS_LEUCONOTUS_2022_extracted
CONEPATUS_LEUCONOTUS_video_IMG_0129_image001.jpg,2,CONEPATUS_LEUCONOTUS,,CONEPATUS_LEUCONOTUS_2022_extracted
CONEPATUS_LEUCONOTUS_video_IMG_0129_image002.jpg,2,CONEPATUS_LEUCONOTUS,,CONEPATUS_LEUCONOTUS_2022_extracted
CONEPATUS_LEUCONOTUS_video_IMG_0129_image009.jpg,2,CONEPATUS_LEUCONOTUS,,CONEPATUS_LEUCONOTUS_2022_extracted
CONEPATUS_LEUCONOTUS_video_IMG_0140_image001.jpg,2,CONEPATUS_LEUCONOTUS,2022-08-25 02:26:26,CONEPATUS_LEUCONOTUS_2022_extracted
CONEPATUS_LEUCONOTUS_video_IMG_0141_image001.jpg,2,CONEPATUS_LEUCONOTUS,2022-08-25 04:02:27,CONEPATUS_LEUCONOTUS_2022_extracted
CONEPATUS_LEUCONOTUS_video_IMG_0141_image001.jpg,2,CONEPATUS_LEUCONOTUS,2022-08-25 04:02:27,CONEPATUS_LEUCONOTUS_2022_extracted
CONEPATUS_LEUCONOTUS_video_IMG_0142_image001.jpg,2,CONEPATUS_LEUCONOTUS,,CONEPATUS_LEUCONOTUS_2022_extracted
CONEPATUS_LEUCONOTUS_video_IMG_0142_image002.jpg,2,CONEPATUS_LEUCONOTUS,,CONEPATUS_LEUCONOTUS_2022_extracted
CONEPATUS_LEUCONOTUS_video_IMG_0142_image003.jpg,2,CONEPATUS_LEUCONOTUS,,CONEPATUS_LEUCONOTUS_2022_extracted
CONEPATUS_LEUCONOTUS_video_IMG_0142_image004.jpg,2,CONEPATUS_LEUCONOTUS,,CONEPATUS_LEUCONOTUS_2022_extracted
CONEPATUS_LEUCONOTUS_video_IMG_0142_image005.jpg,2,CONEPATUS_LEUCONOTUS,,CONEPATUS_LEUCONOTUS_2022_extracted
CONEPATUS_LEUCONOTUS_video_IMG_0142_image006.jpg,2,CONEPATUS_LEUCONOTUS,,CONEPATUS_LEUCONOTUS_2022_extracted
CONEPATUS_LEUCONOTUS_video_IMG_0142_image007.jpg,2,CONEPATUS_LEUCONOTUS,,CONEPATUS_LEUCONOTUS_2022_extracted
CONEPATUS_LEUCONOTUS_video_IMG_0147_image001.jpg,2,CONEPATUS_LEUCONOTUS,,CONEPATUS_LEUCONOTUS_2022_extracted
CONEPATUS_LEUCONOTUS_video_IMG_0158_image001.jpg,2,CONEPATUS_LEUCONOTUS,2022-05-27 21:25:46,CONEPATUS_LEUCONOTUS_2022_extracted
CONEPATUS_LEUCONOTUS_video_IMG_0158_image001.jpg,2,CONEPATUS_LEUCONOTUS,2022-05-27 21:25:46,CONEPATUS_LEUCONOTUS_2022_extracted
CONEPATUS_LEUCONOTUS_video_IMG_0158_image002.jpg,2,CONEPATUS_LEUCONOTUS,2022-05-27 21:25:47,CONEPATUS_LEUCONOTUS_2022_extracted
CONEPATUS_LEUCONOTUS_video_IMG_0158_image002.jpg,2,CONEPATUS_LEUCONOTUS,2022-05-27 21:25:47,CONEPATUS_LEUCONOTUS_2022_extracted
CONEPATUS_LEUCONOTUS_video_IMG_0158_image003.jpg,2,CONEPATUS_LEUCONOTUS,2022-05-27 21:25:48,CONEPATUS_LEUCONOTUS_2022_extracted
CONEPATUS_LEUCONOTUS_video_IMG_0158_image003.jpg,2,CONEPATUS_LEUCONOTUS,2022-05-27 21:25:48,CONEPATUS_LEUCONOTUS_2022_extracted
CONEPATUS_LEUCONOTUS_video_IMG_0158_image004.jpg,2,CONEPATUS_LEUCONOTUS,2022-05-27 21:25:49,CONEPATUS_LEUCONOTUS_2022_extracted
CONEPATUS_LEUCONOTUS_video_IMG_0158_image005.jpg,2,CONEPATUS_LEUCONOTUS,2022-05-27 21:25:50,CONEPATUS_LEUCONOTUS_2022_extracted
CONEPATUS_LEUCONOTUS_video_IMG_0158_image010.jpg,2,CONEPATUS_LEUCONOTUS,2022-05-27 21:25:55,CONEPATUS_LEUCONOTUS_2022_extracted
CONEPATUS_LEUCONOTUS_video_IMG_0159_image001.jpg,2,CONEPATUS_LEUCONOTUS,,CONEPATUS_LEUCONOTUS_2022_extracted
CONEPATUS_LEUCONOTUS_video_IMG_0159_image002.jpg,2,CONEPATUS_LEUCONOTUS,,CONEPATUS_LEUCONOTUS_2022_extracted
CONEPATUS_LEUCONOTUS_video_IMG_0159_image003.jpg,2,CONEPATUS_LEUCONOTUS,,CONEPATUS_LEUCONOTUS_2022_extracted
CONEPATUS_LEUCONOTUS_video_IMG_0164_image001.jpg,2,CONEPATUS_LEUCONOTUS,2022-12-08 00:34:42,CONEPATUS_LEUCONOTUS_2022_extracted
CONEPATUS_LEUCONOTUS_video_IMG_0164_image002.jpg,2,CONEPATUS_LEUCONOTUS,2022-12-08 00:34:43,CONEPATUS_LEUCONOTUS_2022_extracted
CONEPATUS_LEUCONOTUS_video_IMG_0164_image003.jpg,2,CONEPATUS_LEUCONOTUS,2022-12-08 00:34:44,CONEPATUS_LEUCONOTUS_2022_extracted
CONEPATUS_LEUCONOTUS_video_IMG_0164_image004.jpg,2,CONEPATUS_LEUCONOTUS,2022-12-08 00:34:45,CONEPATUS_LEUCONOTUS_2022_extracted
CONEPATUS_LEUCONOTUS_video_IMG_0176_image001.jpg,2,CONEPATUS_LEUCONOTUS,,CONEPATUS_LEUCONOTUS_2022_extracted
CONEPATUS_LEUCONOTUS_video_IMG_0201_image001.jpg,2,CONEPATUS_LEUCONOTUS,2022-12-12 22:58:08,CONEPATUS_LEUCONOTUS_2022_extracted
CONEPATUS_LEUCONOTUS_video_IMG_0201_image002.jpg,2,CONEPATUS_LEUCONOTUS,2022-12-12 22:58:09,CONEPATUS_LEUCONOTUS_2022_extracted
CONEPATUS_LEUCONOTUS_video_IMG_0201_image003.jpg,2,CONEPATUS_LEUCONOTUS,2022-12-12 22:58:10,CONEPATUS_LEUCONOTUS_2022_extracted
CONEPATUS_LEUCONOTUS_video_IMG_0201_image003.jpg,2,CONEPATUS_LEUCONOTUS,2022-12-12 22:58:10,CONEPATUS_LEUCONOTUS_2022_extracted
CONEPATUS_LEUCONOTUS_video_IMG_0201_image004.jpg,2,CONEPATUS_LEUCONOTUS,2022-12-12 22:58:11,CONEPATUS_LEUCONOTUS_2022_extracted
CONEPATUS_LEUCONOTUS_video_IMG_0201_image005.jpg,2,CONEPATUS_LEUCONOTUS,2022-12-12 22:58:12,CONEPATUS_LEUCONOTUS_2022_extracted
CONEPATUS_LEUCONOTUS_video_IMG_0201_image006.jpg,2,CONEPATUS_LEUCONOTUS,2022-12-12 22:58:13,CONEPATUS_LEUCONOTUS_2022_extracted
CONEPATUS_LEUCONOTUS_video_IMG_0201_image006.jpg,2,CONEPATUS_LEUCONOTUS,2022-12-12 22:58:13,CONEPATUS_LEUCONOTUS_2022_extracted
CONEPATUS_LEUCONOTUS_video_IMG_0201_image007.jpg,2,CONEPATUS_LEUCONOTUS,2022-12-12 22:58:14,CONEPATUS_LEUCONOTUS_2022_extracted
CONEPATUS_LEUCONOTUS_video_IMG_0201_image008.jpg,2,CONEPATUS_LEUCONOTUS,2022-12-12 22:58:15,CONEPATUS_LEUCONOTUS_2022_extracted
CONEPATUS_LEUCONOTUS_video_IMG_0201_image009.jpg,2,CONEPATUS_LEUCONOTUS,2022-12-12 22:58:16,CONEPATUS_LEUCONOTUS_2022_extracted
CONEPATUS_LEUCONOTUS_video_IMG_0201_image010.jpg,2,CONEPATUS_LEUCONOTUS,2022-12-12 22:58:17,CONEPATUS_LEUCONOTUS_2022_extracted
CONEPATUS_LEUCONOTUS_video_IMG_0249_image001.jpg,2,CONEPATUS_LEUCONOTUS,,CONEPATUS_LEUCONOTUS_2022_extracted
CONEPATUS_LEUCONOTUS_video_IMG_0249_image002.jpg,2,CONEPATUS_LEUCONOTUS,,CONEPATUS_LEUCONOTUS_2022_extracted
CONEPATUS_LEUCONOTUS_video_IMG_0249_image003.jpg,2,CONEPATUS_LEUCONOTUS,,CONEPATUS_LEUCONOTUS_2022_extracted
CONEPATUS_LEUCONOTUS_video_IMG_0254_image001.jpg,2,CONEPATUS_LEUCONOTUS,2022-06-05 05:03:33,CONEPATUS_LEUCONOTUS_2022_extracted
CONEPATUS_LEUCONOTUS_video_IMG_0254_image002.jpg,2,CONEPATUS_LEUCONOTUS,2022-06-05 05:03:34,CONEPATUS_LEUCONOTUS_2022_extracted
CONEPATUS_LEUCONOTUS_video_IMG_0261_image001.jpg,2,CONEPATUS_LEUCONOTUS,2022-12-16 20:46:11,CONEPATUS_LEUCONOTUS_2022_extracted
CONEPATUS_LEUCONOTUS_video_IMG_0261_image002.jpg,2,CONEPATUS_LEUCONOTUS,2022-12-16 20:46:12,CONEPATUS_LEUCONOTUS_2022_extracted
CONEPATUS_LEUCONOTUS_video_IMG_0261_image003.jpg,2,CONEPATUS_LEUCONOTUS,2022-12-16 20:46:13,CONEPATUS_LEUCONOTUS_2022_extracted
CONEPATUS_LEUCONOTUS_video_IMG_0261_image003.jpg,2,CONEPATUS_LEUCONOTUS,2022-12-16 20:46:13,CONEPATUS_LEUCONOTUS_2022_extracted
CONEPATUS_LEUCONOTUS_video_IMG_0315_image001.jpg,2,CONEPATUS_LEUCONOTUS,2022-09-01 06:08:31,CONEPATUS_LEUCONOTUS_2022_extracted
CONEPATUS_LEUCONOTUS_video_IMG_0315_image002.jpg,2,CONEPATUS_LEUCONOTUS,2022-09-01 06:08:32,CONEPATUS_LEUCONOTUS_2022_extracted
CONEPATUS_LEUCONOTUS_video_IMG_0315_image003.jpg,2,CONEPATUS_LEUCONOTUS,2022-09-01 06:08:33,CONEPATUS_LEUCONOTUS_2022_extracted
CONEPATUS_LEUCONOTUS_video_IMG_0375_image001.jpg,2,CONEPATUS_LEUCONOTUS,2022-06-16 23:44:32,CONEPATUS_LEUCONOTUS_2022_extracted
CONEPATUS_LEUCONOTUS_video_IMG_0375_image002.jpg,2,CONEPATUS_LEUCONOTUS,2022-06-16 23:44:33,CONEPATUS_LEUCONOTUS_2022_extracted
CONEPATUS_LEUCONOTUS_video_IMG_0375_image003.jpg,2,CONEPATUS_LEUCONOTUS,2022-06-16 23:44:34,CONEPATUS_LEUCONOTUS_2022_extracted
CONEPATUS_LEUCONOTUS_video_IMG_0375_image004.jpg,2,CONEPATUS_LEUCONOTUS,2022-06-16 23:44:35,CONEPATUS_LEUCONOTUS_2022_extracted
CONEPATUS_LEUCONOTUS_video_IMG_0375_image004.jpg,2,CONEPATUS_LEUCONOTUS,2022-06-16 23:44:35,CONEPATUS_LEUCONOTUS_2022_extracted
CONEPATUS_LEUCONOTUS_video_IMG_0375_image005.jpg,2,CONEPATUS_LEUCONOTUS,2022-06-16 23:44:36,CONEPATUS_LEUCONOTUS_2022_extracted
CONEPATUS_LEUCONOTUS_video_IMG_0375_image005.jpg,2,CONEPATUS_LEUCONOTUS,2022-06-16 23:44:36,CONEPATUS_LEUCONOTUS_2022_extracted
CONEPATUS_LEUCONOTUS_video_IMG_0375_image006.jpg,2,CONEPATUS_LEUCONOTUS,2022-06-16 23:44:37,CONEPATUS_LEUCONOTUS_2022_extracted
CONEPATUS_LEUCONOTUS_video_IMG_0375_image007.jpg,2,CONEPATUS_LEUCONOTUS,2022-06-16 23:44:38,CONEPATUS_LEUCONOTUS_2022_extracted
CONEPATUS_LEUCONOTUS_video_IMG_0375_image008.jpg,2,CONEPATUS_LEUCONOTUS,2022-06-16 23:44:39,CONEPATUS_LEUCONOTUS_2022_extracted
CONEPATUS_LEUCONOTUS_video_IMG_0375_image008.jpg,2,CONEPATUS_LEUCONOTUS,2022-06-16 23:44:39,CONEPATUS_LEUCONOTUS_2022_extracted
CONEPATUS_LEUCONOTUS_video_IMG_0375_image009.jpg,2,CONEPATUS_LEUCONOTUS,2022-06-16 23:44:40,CONEPATUS_LEUCONOTUS_2022_extracted
CONEPATUS_LEUCONOTUS_video_IMG_0508_image001.jpg,2,CONEPATUS_LEUCONOTUS,2022-08-13 21:50:14,CONEPATUS_LEUCONOTUS_2022_extracted
CONEPATUS_LEUCONOTUS_video_IMG_0508_image002.jpg,2,CONEPATUS_LEUCONOTUS,2022-08-13 21:50:15,CONEPATUS_LEUCONOTUS_2022_extracted
CONEPATUS_LEUCONOTUS_video_IMG_0508_image003.jpg,2,CONEPATUS_LEUCONOTUS,2022-08-13 21:50:16,CONEPATUS_LEUCONOTUS_2022_extracted
CONEPATUS_LEUCONOTUS_video_IMG_0508_image004.jpg,2,CONEPATUS_LEUCONOTUS,2022-08-13 21:50:17,CONEPATUS_LEUCONOTUS_2022_extracted
CONEPATUS_LEUCONOTUS_video_IMG_0514_image001.jpg,2,CONEPATUS_LEUCONOTUS,2022-09-12 21:57:46,CONEPATUS_LEUCONOTUS_2022_extracted
CONEPATUS_LEUCONOTUS_video_IMG_0514_image002.jpg,2,CONEPATUS_LEUCONOTUS,2022-09-12 21:57:46,CONEPATUS_LEUCONOTUS_2022_extracted
CONEPATUS_LEUCONOTUS_video_IMG_0522_image001.jpg,2,CONEPATUS_LEUCONOTUS,2022-08-14 21:32:40,CONEPATUS_LEUCONOTUS_2022_extracted
CONEPATUS_LEUCONOTUS_video_IMG_0522_image002.jpg,2,CONEPATUS_LEUCONOTUS,2022-08-14 21:32:41,CONEPATUS_LEUCONOTUS_2022_extracted
CONEPATUS_LEUCONOTUS_video_IMG_0550_image001.jpg,2,CONEPATUS_LEUCONOTUS,2022-08-17 23:01:17,CONEPATUS_LEUCONOTUS_2022_extracted
CONEPATUS_LEUCONOTUS_video_IMG_0550_image002.jpg,2,CONEPATUS_LEUCONOTUS,2022-08-17 23:01:18,CONEPATUS_LEUCONOTUS_2022_extracted
CONEPATUS_LEUCONOTUS_video_IMG_0550_image003.jpg,2,CONEPATUS_LEUCONOTUS,2022-08-17 23:01:19,CONEPATUS_LEUCONOTUS_2022_extracted
CONEPATUS_LEUCONOTUS_video_IMG_0550_image004.jpg,2,CONEPATUS_LEUCONOTUS,2022-08-17 23:01:20,CONEPATUS_LEUCONOTUS_2022_extracted
CONEPATUS_LEUCONOTUS_video_IMG_0550_image005.jpg,2,CONEPATUS_LEUCONOTUS,2022-08-17 23:01:21,CONEPATUS_LEUCONOTUS_2022_extracted
CONEPATUS_LEUCONOTUS_video_MFDC3456_image001.jpg,2,CONEPATUS_LEUCONOTUS,,CONEPATUS_LEUCONOTUS_2022_extracted
CONEPATUS_LEUCONOTUS_video_MFDC3456_image001.jpg,2,CONEPATUS_LEUCONOTUS,,CONEPATUS_LEUCONOTUS_2022_extracted
CONEPATUS_LEUCONOTUS_video_MFDC3456_image002.jpg,2,CONEPATUS_LEUCONOTUS,,CONEPATUS_LEUCONOTUS_2022_extracted
CONEPATUS_LEUCONOTUS_video_MFDC3456_image002.jpg,2,CONEPATUS_LEUCONOTUS,,CONEPATUS_LEUCONOTUS_2022_extracted
CONEPATUS_LEUCONOTUS_video_MFDC3456_image003.jpg,2,CONEPATUS_LEUCONOTUS,,CONEPATUS_LEUCONOTUS_2022_extracted
CONEPATUS_LEUCONOTUS_video_MFDC3456_image003.jpg,2,CONEPATUS_LEUCONOTUS,,CONEPATUS_LEUCONOTUS_2022_extracted
CONEPATUS_LEUCONOTUS_video_MFDC3456_image004.jpg,2,CONEPATUS_LEUCONOTUS,,CONEPATUS_LEUCONOTUS_2022_extracted
CONEPATUS_LEUCONOTUS_video_MFDC3456_image004.jpg,2,CONEPATUS_LEUCONOTUS,,CONEPATUS_LEUCONOTUS_2022_extracted
CONEPATUS_LEUCONOTUS_video_MFDC3456_image005.jpg,2,CONEPATUS_LEUCONOTUS,,CONEPATUS_LEUCONOTUS_2022_extracted
CONEPATUS_LEUCONOTUS_video_MFDC3456_image005.jpg,2,CONEPATUS_LEUCONOTUS,,CONEPATUS_LEUCONOTUS_2022_extracted
CONEPATUS_LEUCONOTUS_video_MFDC3456_image006.jpg,2,CONEPATUS_LEUCONOTUS,,CONEPATUS_LEUCONOTUS_2022_extracted
CONEPATUS_LEUCONOTUS_video_MFDC3456_image006.jpg,2,CONEPATUS_LEUCONOTUS,,CONEPATUS_LEUCONOTUS_2022_extracted
CONEPATUS_LEUCONOTUS_video_MFDC3456_image007.jpg,2,CONEPATUS_LEUCONOTUS,,CONEPATUS_LEUCONOTUS_2022_extracted
CONEPATUS_LEUCONOTUS_video_MFDC3456_image007.jpg,2,CONEPATUS_LEUCONOTUS,,CONEPATUS_LEUCONOTUS_2022_extracted
CONEPATUS_LEUCONOTUS_video_MFDC3456_image008.jpg,2,CONEPATUS_LEUCONOTUS,,CONEPATUS_LEUCONOTUS_2022_extracted
CONEPATUS_LEUCONOTUS_video_MFDC3456_image009.jpg,2,CONEPATUS_LEUCONOTUS,,CONEPATUS_LEUCONOTUS_2022_extracted
CONEPATUS_LEUCONOTUS_video_MFDC3456_image010.jpg,2,CONEPATUS_LEUCONOTUS,,CONEPATUS_LEUCONOTUS_2022_extracted
DIDELPHIS_VIRGINIATA_video_IMG_0001_image001.jpg,3,DIDELPHIS_VIRGINIATA,,DIDELPHIS_VIRGINIATA_2022_extracted
DIDELPHIS_VIRGINIATA_video_IMG_0001_image002.jpg,3,DIDELPHIS_VIRGINIATA,,DIDELPHIS_VIRGINIATA_2022_extracted
DIDELPHIS_VIRGINIATA_video_IMG_0001_image003.jpg,3,DIDELPHIS_VIRGINIATA,,DIDELPHIS_VIRGINIATA_2022_extracted
DIDELPHIS_VIRGINIATA_video_IMG_0001_image004.jpg,3,DIDELPHIS_VIRGINIATA,,DIDELPHIS_VIRGINIATA_2022_extracted
DIDELPHIS_VIRGINIATA_video_IMG_0001_image005.jpg,3,DIDELPHIS_VIRGINIATA,,DIDELPHIS_VIRGINIATA_2022_extracted
DIDELPHIS_VIRGINIATA_video_IMG_0001_image006.jpg,3,DIDELPHIS_VIRGINIATA,,DIDELPHIS_VIRGINIATA_2022_extracted
DIDELPHIS_VIRGINIATA_video_IMG_0001_image007.jpg,3,DIDELPHIS_VIRGINIATA,,DIDELPHIS_VIRGINIATA_2022_extracted
DIDELPHIS_VIRGINIATA_video_IMG_0001_image008.jpg,3,DIDELPHIS_VIRGINIATA,,DIDELPHIS_VIRGINIATA_2022_extracted
DIDELPHIS_VIRGINIATA_video_IMG_0001_image009.jpg,3,DIDELPHIS_VIRGINIATA,,DIDELPHIS_VIRGINIATA_2022_extracted
DIDELPHIS_VIRGINIATA_video_IMG_0001_image010.jpg,3,DIDELPHIS_VIRGINIATA,,DIDELPHIS_VIRGINIATA_2022_extracted
DIDELPHIS_VIRGINIATA_video_IMG_0009_image001.jpg,3,DIDELPHIS_VIRGINIATA,2022-08-26 23:15:09,DIDELPHIS_VIRGINIATA_2022_extracted
DIDELPHIS_VIRGINIATA_video_IMG_0009_image002.jpg,3,DIDELPHIS_VIRGINIATA,2022-08-26 23:15:10,DIDELPHIS_VIRGINIATA_2022_extracted
DIDELPHIS_VIRGINIATA_video_IMG_0009_image003.jpg,3,DIDELPHIS_VIRGINIATA,2022-08-26 23:15:11,DIDELPHIS_VIRGINIATA_2022_extracted
DIDELPHIS_VIRGINIATA_video_IMG_0009_image004.jpg,3,DIDELPHIS_VIRGINIATA,2022-08-26 23:15:12,DIDELPHIS_VIRGINIATA_2022_extracted
DIDELPHIS_VIRGINIATA_video_IMG_0021_image001.jpg,3,DIDELPHIS_VIRGINIATA,2022-10-15 01:57:23,DIDELPHIS_VIRGINIATA_2022_extracted
DIDELPHIS_VIRGINIATA_video_IMG_0021_image002.jpg,3,DIDELPHIS_VIRGINIATA,2022-10-15 01:57:24,DIDELPHIS_VIRGINIATA_2022_extracted
DIDELPHIS_VIRGINIATA_video_IMG_0021_image003.jpg,3,DIDELPHIS_VIRGINIATA,2022-10-15 01:57:25,DIDELPHIS_VIRGINIATA_2022_extracted
DIDELPHIS_VIRGINIATA_video_IMG_0021_image004.jpg,3,DIDELPHIS_VIRGINIATA,2022-10-15 01:57:26,DIDELPHIS_VIRGINIATA_2022_extracted
DIDELPHIS_VIRGINIATA_video_IMG_0021_image005.jpg,3,DIDELPHIS_VIRGINIATA,2022-10-15 01:57:27,DIDELPHIS_VIRGINIATA_2022_extracted
DIDELPHIS_VIRGINIATA_video_IMG_0021_image006.jpg,3,DIDELPHIS_VIRGINIATA,2022-10-15 01:57:28,DIDELPHIS_VIRGINIATA_2022_extracted
DIDELPHIS_VIRGINIATA_video_IMG_0021_image010.jpg,3,DIDELPHIS_VIRGINIATA,2022-10-15 01:57:32,DIDELPHIS_VIRGINIATA_2022_extracted
DIDELPHIS_VIRGINIATA_video_IMG_0026_image001.jpg,3,DIDELPHIS_VIRGINIATA,,DIDELPHIS_VIRGINIATA_2022_extracted
DIDELPHIS_VIRGINIATA_video_IMG_0026_image001.jpg,3,DIDELPHIS_VIRGINIATA,,DIDELPHIS_VIRGINIATA_2022_extracted
DIDELPHIS_VIRGINIATA_video_IMG_0026_image002.jpg,3,DIDELPHIS_VIRGINIATA,,DIDELPHIS_VIRGINIATA_2022_extracted
DIDELPHIS_VIRGINIATA_video_IMG_0026_image003.jpg,3,DIDELPHIS_VIRGINIATA,,DIDELPHIS_VIRGINIATA_2022_extracted
DIDELPHIS_VIRGINIATA_video_IMG_0026_image004.jpg,3,DIDELPHIS_VIRGINIATA,,DIDELPHIS_VIRGINIATA_2022_extracted
DIDELPHIS_VIRGINIATA_video_IMG_0026_image005.jpg,3,DIDELPHIS_VIRGINIATA,,DIDELPHIS_VIRGINIATA_2022_extracted
DIDELPHIS_VIRGINIATA_video_IMG_0026_image006.jpg,3,DIDELPHIS_VIRGINIATA,,DIDELPHIS_VIRGINIATA_2022_extracted
DIDELPHIS_VIRGINIATA_video_IMG_0026_image007.jpg,3,DIDELPHIS_VIRGINIATA,,DIDELPHIS_VIRGINIATA_2022_extracted
DIDELPHIS_VIRGINIATA_video_IMG_0026_image008.jpg,3,DIDELPHIS_VIRGINIATA,,DIDELPHIS_VIRGINIATA_2022_extracted
DIDELPHIS_VIRGINIATA_video_IMG_0026_image009.jpg,3,DIDELPHIS_VIRGINIATA,,DIDELPHIS_VIRGINIATA_2022_extracted
DIDELPHIS_VIRGINIATA_video_IMG_0026_image010.jpg,3,DIDELPHIS_VIRGINIATA,,DIDELPHIS_VIRGINIATA_2022_extracted
DIDELPHIS_VIRGINIATA_video_IMG_0027_image001.jpg,3,DIDELPHIS_VIRGINIATA,,DIDELPHIS_VIRGINIATA_2022_extracted
DIDELPHIS_VIRGINIATA_video_IMG_0027_image002.jpg,3,DIDELPHIS_VIRGINIATA,,DIDELPHIS_VIRGINIATA_2022_extracted
DIDELPHIS_VIRGINIATA_video_IMG_0027_image003.jpg,3,DIDELPHIS_VIRGINIATA,,DIDELPHIS_VIRGINIATA_2022_extracted
DIDELPHIS_VIRGINIATA_video_IMG_0027_image004.jpg,3,DIDELPHIS_VIRGINIATA,,DIDELPHIS_VIRGINIATA_2022_extracted
DIDELPHIS_VIRGINIATA_video_IMG_0027_image005.jpg,3,DIDELPHIS_VIRGINIATA,,DIDELPHIS_VIRGINIATA_2022_extracted
DIDELPHIS_VIRGINIATA_video_IMG_0027_image006.jpg,3,DIDELPHIS_VIRGINIATA,,DIDELPHIS_VIRGINIATA_2022_extracted
DIDELPHIS_VIRGINIATA_video_IMG_0027_image006.jpg,3,DIDELPHIS_VIRGINIATA,,DIDELPHIS_VIRGINIATA_2022_extracted
DIDELPHIS_VIRGINIATA_video_IMG_0030_image001.jpg,3,DIDELPHIS_VIRGINIATA,2022-11-14 23:34:02,DIDELPHIS_VIRGINIATA_2022_extracted
DIDELPHIS_VIRGINIATA_video_IMG_0030_image002.jpg,3,DIDELPHIS_VIRGINIATA,2022-11-14 23:34:03,DIDELPHIS_VIRGINIATA_2022_extracted
DIDELPHIS_VIRGINIATA_video_IMG_0030_image003.jpg,3,DIDELPHIS_VIRGINIATA,2022-11-14 23:34:04,DIDELPHIS_VIRGINIATA_2022_extracted
DIDELPHIS_VIRGINIATA_video_IMG_0030_image004.jpg,3,DIDELPHIS_VIRGINIATA,2022-11-14 23:34:05,DIDELPHIS_VIRGINIATA_2022_extracted
DIDELPHIS_VIRGINIATA_video_IMG_0030_image005.jpg,3,DIDELPHIS_VIRGINIATA,2022-11-14 23:34:06,DIDELPHIS_VIRGINIATA_2022_extracted
DIDELPHIS_VIRGINIATA_video_IMG_0030_image006.jpg,3,DIDELPHIS_VIRGINIATA,2022-11-14 23:34:07,DIDELPHIS_VIRGINIATA_2022_extracted
DIDELPHIS_VIRGINIATA_video_IMG_0030_image006.jpg,3,DIDELPHIS_VIRGINIATA,2022-11-14 23:34:07,DIDELPHIS_VIRGINIATA_2022_extracted
DIDELPHIS_VIRGINIATA_video_IMG_0030_image007.jpg,3,DIDELPHIS_VIRGINIATA,2022-11-14 23:34:08,DIDELPHIS_VIRGINIATA_2022_extracted
DIDELPHIS_VIRGINIATA_video_IMG_0030_image008.jpg,3,DIDELPHIS_VIRGINIATA,2022-11-14 23:34:09,DIDELPHIS_VIRGINIATA_2022_extracted
DIDELPHIS_VIRGINIATA_video_IMG_0030_image009.jpg,3,DIDELPHIS_VIRGINIATA,2022-11-14 23:34:10,DIDELPHIS_VIRGINIATA_2022_extracted
DIDELPHIS_VIRGINIATA_video_IMG_0030_image010.jpg,3,DIDELPHIS_VIRGINIATA,2022-11-14 23:34:11,DIDELPHIS_VIRGINIATA_2022_extracted
DIDELPHIS_VIRGINIATA_video_IMG_0030_image010.jpg,3,DIDELPHIS_VIRGINIATA,2022-11-14 23:34:11,DIDELPHIS_VIRGINIATA_2022_extracted
DIDELPHIS_VIRGINIATA_video_IMG_0031_image001.jpg,3,DIDELPHIS_VIRGINIATA,2022-11-14 23:40:27,DIDELPHIS_VIRGINIATA_2022_extracted
DIDELPHIS_VIRGINIATA_video_IMG_0031_image002.jpg,3,DIDELPHIS_VIRGINIATA,2022-11-14 23:40:28,DIDELPHIS_VIRGINIATA_2022_extracted
DIDELPHIS_VIRGINIATA_video_IMG_0031_image003.jpg,3,DIDELPHIS_VIRGINIATA,2022-11-14 23:40:29,DIDELPHIS_VIRGINIATA_2022_extracted
DIDELPHIS_VIRGINIATA_video_IMG_0031_image004.jpg,3,DIDELPHIS_VIRGINIATA,2022-11-14 23:40:30,DIDELPHIS_VIRGINIATA_2022_extracted
DIDELPHIS_VIRGINIATA_video_IMG_0031_image005.jpg,3,DIDELPHIS_VIRGINIATA,2022-11-14 23:40:31,DIDELPHIS_VIRGINIATA_2022_extracted
DIDELPHIS_VIRGINIATA_video_IMG_0031_image006.jpg,3,DIDELPHIS_VIRGINIATA,2022-11-14 23:40:32,DIDELPHIS_VIRGINIATA_2022_extracted
DIDELPHIS_VIRGINIATA_video_IMG_0031_image007.jpg,3,DIDELPHIS_VIRGINIATA,2022-11-14 23:40:33,DIDELPHIS_VIRGINIATA_2022_extracted
DIDELPHIS_VIRGINIATA_video_IMG_0031_image008.jpg,3,DIDELPHIS_VIRGINIATA,2022-11-14 23:40:34,DIDELPHIS_VIRGINIATA_2022_extracted
DIDELPHIS_VIRGINIATA_video_IMG_0031_image009.jpg,3,DIDELPHIS_VIRGINIATA,2022-11-14 23:40:35,DIDELPHIS_VIRGINIATA_2022_extracted
DIDELPHIS_VIRGINIATA_video_IMG_0031_image010.jpg,3,DIDELPHIS_VIRGINIATA,2022-11-14 23:40:36,DIDELPHIS_VIRGINIATA_2022_extracted
DIDELPHIS_VIRGINIATA_video_IMG_0033_image001.jpg,3,DIDELPHIS_VIRGINIATA,2022-09-05 22:11:29,DIDELPHIS_VIRGINIATA_2022_extracted
DIDELPHIS_VIRGINIATA_video_IMG_0033_image002.jpg,3,DIDELPHIS_VIRGINIATA,2022-09-05 22:11:30,DIDELPHIS_VIRGINIATA_2022_extracted
DIDELPHIS_VIRGINIATA_video_IMG_0033_image003.jpg,3,DIDELPHIS_VIRGINIATA,2022-09-05 22:11:31,DIDELPHIS_VIRGINIATA_2022_extracted
DIDELPHIS_VIRGINIATA_video_IMG_0045_image001.jpg,3,DIDELPHIS_VIRGINIATA,,DIDELPHIS_VIRGINIATA_2022_extracted
DIDELPHIS_VIRGINIATA_video_IMG_0045_image001.jpg,3,DIDELPHIS_VIRGINIATA,,DIDELPHIS_VIRGINIATA_2022_extracted
DIDELPHIS_VIRGINIATA_video_IMG_0045_image002.jpg,3,DIDELPHIS_VIRGINIATA,,DIDELPHIS_VIRGINIATA_2022_extracted
DIDELPHIS_VIRGINIATA_video_IMG_0045_image003.jpg,3,DIDELPHIS_VIRGINIATA,,DIDELPHIS_VIRGINIATA_2022_extracted
DIDELPHIS_VIRGINIATA_video_IMG_0045_image004.jpg,3,DIDELPHIS_VIRGINIATA,,DIDELPHIS_VIRGINIATA_2022_extracted
DIDELPHIS_VIRGINIATA_video_IMG_0045_image004.jpg,3,DIDELPHIS_VIRGINIATA,,DIDELPHIS_VIRGINIATA_2022_extracted
DIDELPHIS_VIRGINIATA_video_IMG_0045_image005.jpg,3,DIDELPHIS_VIRGINIATA,,DIDELPHIS_VIRGINIATA_2022_extracted
DIDELPHIS_VIRGINIATA_video_IMG_0045_image005.jpg,3,DIDELPHIS_VIRGINIATA,,DIDELPHIS_VIRGINIATA_2022_extracted
DIDELPHIS_VIRGINIATA_video_IMG_0045_image006.jpg,3,DIDELPHIS_VIRGINIATA,,DIDELPHIS_VIRGINIATA_2022_extracted
DIDELPHIS_VIRGINIATA_video_IMG_0045_image007.jpg,3,DIDELPHIS_VIRGINIATA,,DIDELPHIS_VIRGINIATA_2022_extracted
DIDELPHIS_VIRGINIATA_video_IMG_0045_image008.jpg,3,DIDELPHIS_VIRGINIATA,,DIDELPHIS_VIRGINIATA_2022_extracted
DIDELPHIS_VIRGINIATA_video_IMG_0045_image009.jpg,3,DIDELPHIS_VIRGINIATA,,DIDELPHIS_VIRGINIATA_2022_extracted
DIDELPHIS_VIRGINIATA_video_IMG_0045_image010.jpg,3,DIDELPHIS_VIRGINIATA,,DIDELPHIS_VIRGINIATA_2022_extracted
DIDELPHIS_VIRGINIATA_video_IMG_0049_image001.jpg,3,DIDELPHIS_VIRGINIATA,,DIDELPHIS_VIRGINIATA_2022_extracted
DIDELPHIS_VIRGINIATA_video_IMG_0049_image002.jpg,3,DIDELPHIS_VIRGINIATA,,DIDELPHIS_VIRGINIATA_2022_extracted
DIDELPHIS_VIRGINIATA_video_IMG_0049_image003.jpg,3,DIDELPHIS_VIRGINIATA,,DIDELPHIS_VIRGINIATA_2022_extracted
DIDELPHIS_VIRGINIATA_video_IMG_0049_image004.jpg,3,DIDELPHIS_VIRGINIATA,,DIDELPHIS_VIRGINIATA_2022_extracted
DIDELPHIS_VIRGINIATA_video_IMG_0049_image005.jpg,3,DIDELPHIS_VIRGINIATA,,DIDELPHIS_VIRGINIATA_2022_extracted
DIDELPHIS_VIRGINIATA_video_IMG_0049_image005.jpg,3,DIDELPHIS_VIRGINIATA,,DIDELPHIS_VIRGINIATA_2022_extracted
DIDELPHIS_VIRGINIATA_video_IMG_0049_image006.jpg,3,DIDELPHIS_VIRGINIATA,,DIDELPHIS_VIRGINIATA_2022_extracted
DIDELPHIS_VIRGINIATA_video_IMG_0049_image007.jpg,3,DIDELPHIS_VIRGINIATA,,DIDELPHIS_VIRGINIATA_2022_extracted
DIDELPHIS_VIRGINIATA_video_IMG_0049_image008.jpg,3,DIDELPHIS_VIRGINIATA,,DIDELPHIS_VIRGINIATA_2022_extracted
DIDELPHIS_VIRGINIATA_video_IMG_0049_image009.jpg,3,DIDELPHIS_VIRGINIATA,,DIDELPHIS_VIRGINIATA_2022_extracted
DIDELPHIS_VIRGINIATA_video_IMG_0049_image010.jpg,3,DIDELPHIS_VIRGINIATA,,DIDELPHIS_VIRGINIATA_2022_extracted
DIDELPHIS_VIRGINIATA_video_IMG_0051_image001.jpg,3,DIDELPHIS_VIRGINIATA,,DIDELPHIS_VIRGINIATA_2022_extracted
DIDELPHIS_VIRGINIATA_video_IMG_0051_image002.jpg,3,DIDELPHIS_VIRGINIATA,,DIDELPHIS_VIRGINIATA_2022_extracted
DIDELPHIS_VIRGINIATA_video_IMG_0051_image003.jpg,3,DIDELPHIS_VIRGINIATA,,DIDELPHIS_VIRGINIATA_2022_extracted
DIDELPHIS_VIRGINIATA_video_IMG_0051_image004.jpg,3,DIDELPHIS_VIRGINIATA,,DIDELPHIS_VIRGINIATA_2022_extracted
DIDELPHIS_VIRGINIATA_video_IMG_0051_image005.jpg,3,DIDELPHIS_VIRGINIATA,,DIDELPHIS_VIRGINIATA_2022_extracted
DIDELPHIS_VIRGINIATA_video_IMG_0051_image006.jpg,3,DIDELPHIS_VIRGINIATA,,DIDELPHIS_VIRGINIATA_2022_extracted
DIDELPHIS_VIRGINIATA_video_IMG_0051_image007.jpg,3,DIDELPHIS_VIRGINIATA,,DIDELPHIS_VIRGINIATA_2022_extracted
DIDELPHIS_VIRGINIATA_video_IMG_0051_image008.jpg,3,DIDELPHIS_VIRGINIATA,,DIDELPHIS_VIRGINIATA_2022_extracted
DIDELPHIS_VIRGINIATA_video_IMG_0051_image009.jpg,3,DIDELPHIS_VIRGINIATA,,DIDELPHIS_VIRGINIATA_2022_extracted
DIDELPHIS_VIRGINIATA_video_IMG_0051_image010.jpg,3,DIDELPHIS_VIRGINIATA,,DIDELPHIS_VIRGINIATA_2022_extracted
DIDELPHIS_VIRGINIATA_video_IMG_0052_image001.jpg,3,DIDELPHIS_VIRGINIATA,,DIDELPHIS_VIRGINIATA_2022_extracted
DIDELPHIS_VIRGINIATA_video_IMG_0052_image002.jpg,3,DIDELPHIS_VIRGINIATA,,DIDELPHIS_VIRGINIATA_2022_extracted
DIDELPHIS_VIRGINIATA_video_IMG_0052_image003.jpg,3,DIDELPHIS_VIRGINIATA,,DIDELPHIS_VIRGINIATA_2022_extracted
DIDELPHIS_VIRGINIATA_video_IMG_0052_image004.jpg,3,DIDELPHIS_VIRGINIATA,,DIDELPHIS_VIRGINIATA_2022_extracted
DIDELPHIS_VIRGINIATA_video_IMG_0052_image005.jpg,3,DIDELPHIS_VIRGINIATA,,DIDELPHIS_VIRGINIATA_2022_extracted
DIDELPHIS_VIRGINIATA_video_IMG_0052_image006.jpg,3,DIDELPHIS_VIRGINIATA,,DIDELPHIS_VIRGINIATA_2022_extracted
DIDELPHIS_VIRGINIATA_video_IMG_0052_image007.jpg,3,DIDELPHIS_VIRGINIATA,,DIDELPHIS_VIRGINIATA_2022_extracted
DIDELPHIS_VIRGINIATA_video_IMG_0052_image008.jpg,3,DIDELPHIS_VIRGINIATA,,DIDELPHIS_VIRGINIATA_2022_extracted
DIDELPHIS_VIRGINIATA_video_IMG_0052_image009.jpg,3,DIDELPHIS_VIRGINIATA,,DIDELPHIS_VIRGINIATA_2022_extracted
DIDELPHIS_VIRGINIATA_video_IMG_0052_image010.jpg,3,DIDELPHIS_VIRGINIATA,,DIDELPHIS_VIRGINIATA_2022_extracted
DIDELPHIS_VIRGINIATA_video_IMG_0063_image001.jpg,3,DIDELPHIS_VIRGINIATA,2022-11-18 23:17:11,DIDELPHIS_VIRGINIATA_2022_extracted
DIDELPHIS_VIRGINIATA_video_IMG_0063_image002.jpg,3,DIDELPHIS_VIRGINIATA,2022-11-18 23:17:12,DIDELPHIS_VIRGINIATA_2022_extracted
DIDELPHIS_VIRGINIATA_video_IMG_0063_image003.jpg,3,DIDELPHIS_VIRGINIATA,2022-11-18 23:17:13,DIDELPHIS_VIRGINIATA_2022_extracted
DIDELPHIS_VIRGINIATA_video_IMG_0063_image004.jpg,3,DIDELPHIS_VIRGINIATA,2022-11-18 23:17:14,DIDELPHIS_VIRGINIATA_2022_extracted
DIDELPHIS_VIRGINIATA_video_IMG_0063_image005.jpg,3,DIDELPHIS_VIRGINIATA,2022-11-18 23:17:15,DIDELPHIS_VIRGINIATA_2022_extracted
DIDELPHIS_VIRGINIATA_video_IMG_0063_image006.jpg,3,DIDELPHIS_VIRGINIATA,2022-11-18 23:17:16,DIDELPHIS_VIRGINIATA_2022_extracted
DIDELPHIS_VIRGINIATA_video_IMG_0063_image007.jpg,3,DIDELPHIS_VIRGINIATA,2022-11-18 23:17:17,DIDELPHIS_VIRGINIATA_2022_extracted
DIDELPHIS_VIRGINIATA_video_IMG_0072_image001.jpg,3,DIDELPHIS_VIRGINIATA,2022-11-20 01:28:35,DIDELPHIS_VIRGINIATA_2022_extracted
DIDELPHIS_VIRGINIATA_video_IMG_0072_image002.jpg,3,DIDELPHIS_VIRGINIATA,2022-11-20 01:28:36,DIDELPHIS_VIRGINIATA_2022_extracted
DIDELPHIS_VIRGINIATA_video_IMG_0093_image001.jpg,3,DIDELPHIS_VIRGINIATA,2022-11-23 20:34:51,DIDELPHIS_VIRGINIATA_2022_extracted
DIDELPHIS_VIRGINIATA_video_IMG_0093_image002.jpg,3,DIDELPHIS_VIRGINIATA,2022-11-23 20:34:52,DIDELPHIS_VIRGINIATA_2022_extracted
DIDELPHIS_VIRGINIATA_video_IMG_0093_image003.jpg,3,DIDELPHIS_VIRGINIATA,2022-11-23 20:34:53,DIDELPHIS_VIRGINIATA_2022_extracted
DIDELPHIS_VIRGINIATA_video_IMG_0093_image004.jpg,3,DIDELPHIS_VIRGINIATA,2022-11-23 20:34:54,DIDELPHIS_VIRGINIATA_2022_extracted
DIDELPHIS_VIRGINIATA_video_IMG_0093_image004.jpg,3,DIDELPHIS_VIRGINIATA,2022-11-23 20:34:54,DIDELPHIS_VIRGINIATA_2022_extracted
DIDELPHIS_VIRGINIATA_video_IMG_0093_image005.jpg,3,DIDELPHIS_VIRGINIATA,2022-11-23 20:34:55,DIDELPHIS_VIRGINIATA_2022_extracted
DIDELPHIS_VIRGINIATA_video_IMG_0093_image006.jpg,3,DIDELPHIS_VIRGINIATA,2022-11-23 20:34:56,DIDELPHIS_VIRGINIATA_2022_extracted
DIDELPHIS_VIRGINIATA_video_IMG_0093_image008.jpg,3,DIDELPHIS_VIRGINIATA,2022-11-23 20:34:58,DIDELPHIS_VIRGINIATA_2022_extracted
DIDELPHIS_VIRGINIATA_video_IMG_0093_image009.jpg,3,DIDELPHIS_VIRGINIATA,2022-11-23 20:34:59,DIDELPHIS_VIRGINIATA_2022_extracted
DIDELPHIS_VIRGINIATA_video_IMG_0094_image001.jpg,3,DIDELPHIS_VIRGINIATA,,DIDELPHIS_VIRGINIATA_2022_extracted
DIDELPHIS_VIRGINIATA_video_IMG_0094_image002.jpg,3,DIDELPHIS_VIRGINIATA,,DIDELPHIS_VIRGINIATA_2022_extracted
DIDELPHIS_VIRGINIATA_video_IMG_0094_image003.jpg,3,DIDELPHIS_VIRGINIATA,,DIDELPHIS_VIRGINIATA_2022_extracted
DIDELPHIS_VIRGINIATA_video_IMG_0094_image004.jpg,3,DIDELPHIS_VIRGINIATA,,DIDELPHIS_VIRGINIATA_2022_extracted
DIDELPHIS_VIRGINIATA_video_IMG_0094_image005.jpg,3,DIDELPHIS_VIRGINIATA,,DIDELPHIS_VIRGINIATA_2022_extracted
DIDELPHIS_VIRGINIATA_video_IMG_0094_image006.jpg,3,DIDELPHIS_VIRGINIATA,,DIDELPHIS_VIRGINIATA_2022_extracted
DIDELPHIS_VIRGINIATA_video_IMG_0094_image007.jpg,3,DIDELPHIS_VIRGINIATA,,DIDELPHIS_VIRGINIATA_2022_extracted
DIDELPHIS_VIRGINIATA_video_IMG_0094_image008.jpg,3,DIDELPHIS_VIRGINIATA,,DIDELPHIS_VIRGINIATA_2022_extracted
DIDELPHIS_VIRGINIATA_video_IMG_0094_image009.jpg,3,DIDELPHIS_VIRGINIATA,,DIDELPHIS_VIRGINIATA_2022_extracted
DIDELPHIS_VIRGINIATA_video_IMG_0094_image010.jpg,3,DIDELPHIS_VIRGINIATA,,DIDELPHIS_VIRGINIATA_2022_extracted
DIDELPHIS_VIRGINIATA_video_IMG_0095_image001.jpg,3,DIDELPHIS_VIRGINIATA,,DIDELPHIS_VIRGINIATA_2022_extracted
DIDELPHIS_VIRGINIATA_video_IMG_0095_image002.jpg,3,DIDELPHIS_VIRGINIATA,,DIDELPHIS_VIRGINIATA_2022_extracted
DIDELPHIS_VIRGINIATA_video_IMG_0095_image003.jpg,3,DIDELPHIS_VIRGINIATA,,DIDELPHIS_VIRGINIATA_2022_extracted
DIDELPHIS_VIRGINIATA_video_IMG_0097_image001.jpg,3,DIDELPHIS_VIRGINIATA,,DIDELPHIS_VIRGINIATA_2022_extracted
DIDELPHIS_VIRGINIATA_video_IMG_0097_image002.jpg,3,DIDELPHIS_VIRGINIATA,,DIDELPHIS_VIRGINIATA_2022_extracted
DIDELPHIS_VIRGINIATA_video_IMG_0099_image001.jpg,3,DIDELPHIS_VIRGINIATA,,DIDELPHIS_VIRGINIATA_2022_extracted
DIDELPHIS_VIRGINIATA_video_IMG_0099_image002.jpg,3,DIDELPHIS_VIRGINIATA,,DIDELPHIS_VIRGINIATA_2022_extracted
DIDELPHIS_VIRGINIATA_video_IMG_0099_image003.jpg,3,DIDELPHIS_VIRGINIATA,,DIDELPHIS_VIRGINIATA_2022_extracted
DIDELPHIS_VIRGINIATA_video_IMG_0099_image004.jpg,3,DIDELPHIS_VIRGINIATA,,DIDELPHIS_VIRGINIATA_2022_extracted
DIDELPHIS_VIRGINIATA_video_IMG_0099_image005.jpg,3,DIDELPHIS_VIRGINIATA,,DIDELPHIS_VIRGINIATA_2022_extracted
DIDELPHIS_VIRGINIATA_video_IMG_0099_image006.jpg,3,DIDELPHIS_VIRGINIATA,,DIDELPHIS_VIRGINIATA_2022_extracted
DIDELPHIS_VIRGINIATA_video_IMG_0099_image007.jpg,3,DIDELPHIS_VIRGINIATA,,DIDELPHIS_VIRGINIATA_2022_extracted
DIDELPHIS_VIRGINIATA_video_IMG_0099_image008.jpg,3,DIDELPHIS_VIRGINIATA,,DIDELPHIS_VIRGINIATA_2022_extracted
DIDELPHIS_VIRGINIATA_video_IMG_0099_image009.jpg,3,DIDELPHIS_VIRGINIATA,,DIDELPHIS_VIRGINIATA_2022_extracted
DIDELPHIS_VIRGINIATA_video_IMG_0099_image010.jpg,3,DIDELPHIS_VIRGINIATA,,DIDELPHIS_VIRGINIATA_2022_extracted
DIDELPHIS_VIRGINIATA_video_IMG_0110_image001.jpg,3,DIDELPHIS_VIRGINIATA,2022-10-27 21:02:37,DIDELPHIS_VIRGINIATA_2022_extracted
DIDELPHIS_VIRGINIATA_video_IMG_0110_image002.jpg,3,DIDELPHIS_VIRGINIATA,2022-10-27 21:02:38,DIDELPHIS_VIRGINIATA_2022_extracted
DIDELPHIS_VIRGINIATA_video_IMG_0110_image003.jpg,3,DIDELPHIS_VIRGINIATA,2022-10-27 21:02:39,DIDELPHIS_VIRGINIATA_2022_extracted
DIDELPHIS_VIRGINIATA_video_IMG_0110_image004.jpg,3,DIDELPHIS_VIRGINIATA,2022-10-27 21:02:40,DIDELPHIS_VIRGINIATA_2022_extracted
DIDELPHIS_VIRGINIATA_video_IMG_0110_image005.jpg,3,DIDELPHIS_VIRGINIATA,2022-10-27 21:02:41,DIDELPHIS_VIRGINIATA_2022_extracted
DIDELPHIS_VIRGINIATA_video_IMG_0110_image006.jpg,3,DIDELPHIS_VIRGINIATA,2022-10-27 21:02:42,DIDELPHIS_VIRGINIATA_2022_extracted
DIDELPHIS_VIRGINIATA_video_IMG_0110_image007.jpg,3,DIDELPHIS_VIRGINIATA,2022-10-27 21:02:43,DIDELPHIS_VIRGINIATA_2022_extracted
DIDELPHIS_VIRGINIATA_video_IMG_0110_image008.jpg,3,DIDELPHIS_VIRGINIATA,2022-10-27 21:02:44,DIDELPHIS_VIRGINIATA_2022_extracted
DIDELPHIS_VIRGINIATA_video_IMG_0110_image009.jpg,3,DIDELPHIS_VIRGINIATA,2022-10-27 21:02:45,DIDELPHIS_VIRGINIATA_2022_extracted
DIDELPHIS_VIRGINIATA_video_IMG_0119_image001.jpg,3,DIDELPHIS_VIRGINIATA,2022-07-21 23:47:50,DIDELPHIS_VIRGINIATA_2022_extracted
DIDELPHIS_VIRGINIATA_video_IMG_0119_image002.jpg,3,DIDELPHIS_VIRGINIATA,2022-07-21 23:47:51,DIDELPHIS_VIRGINIATA_2022_extracted
DIDELPHIS_VIRGINIATA_video_IMG_0119_image003.jpg,3,DIDELPHIS_VIRGINIATA,2022-07-21 23:47:52,DIDELPHIS_VIRGINIATA_2022_extracted
DIDELPHIS_VIRGINIATA_video_IMG_0127_image001.jpg,3,DIDELPHIS_VIRGINIATA,,DIDELPHIS_VIRGINIATA_2022_extracted
DIDELPHIS_VIRGINIATA_video_IMG_0127_image002.jpg,3,DIDELPHIS_VIRGINIATA,,DIDELPHIS_VIRGINIATA_2022_extracted
DIDELPHIS_VIRGINIATA_video_IMG_0127_image003.jpg,3,DIDELPHIS_VIRGINIATA,,DIDELPHIS_VIRGINIATA_2022_extracted
DIDELPHIS_VIRGINIATA_video_IMG_0127_image004.jpg,3,DIDELPHIS_VIRGINIATA,,DIDELPHIS_VIRGINIATA_2022_extracted
DIDELPHIS_VIRGINIATA_video_IMG_0127_image005.jpg,3,DIDELPHIS_VIRGINIATA,,DIDELPHIS_VIRGINIATA_2022_extracted
DIDELPHIS_VIRGINIATA_video_IMG_0127_image006.jpg,3,DIDELPHIS_VIRGINIATA,,DIDELPHIS_VIRGINIATA_2022_extracted
DIDELPHIS_VIRGINIATA_video_IMG_0127_image007.jpg,3,DIDELPHIS_VIRGINIATA,,DIDELPHIS_VIRGINIATA_2022_extracted
DIDELPHIS_VIRGINIATA_video_IMG_0127_image008.jpg,3,DIDELPHIS_VIRGINIATA,,DIDELPHIS_VIRGINIATA_2022_extracted
DIDELPHIS_VIRGINIATA_video_IMG_0127_image009.jpg,3,DIDELPHIS_VIRGINIATA,,DIDELPHIS_VIRGINIATA_2022_extracted
DIDELPHIS_VIRGINIATA_video_IMG_0127_image010.jpg,3,DIDELPHIS_VIRGINIATA,,DIDELPHIS_VIRGINIATA_2022_extracted
DIDELPHIS_VIRGINIATA_video_IMG_0129_MP4_image001.jpg,3,DIDELPHIS_VIRGINIATA,2022-11-29 01:27:36,DIDELPHIS_VIRGINIATA_2022_extracted
DIDELPHIS_VIRGINIATA_video_IMG_0129_MP4_image002.jpg,3,DIDELPHIS_VIRGINIATA,2022-11-29 01:27:37,DIDELPHIS_VIRGINIATA_2022_extracted
DIDELPHIS_VIRGINIATA_video_IMG_0129_MP4_image003.jpg,3,DIDELPHIS_VIRGINIATA,2022-11-29 01:27:38,DIDELPHIS_VIRGINIATA_2022_extracted
DIDELPHIS_VIRGINIATA_video_IMG_0129_MP4_image004.jpg,3,DIDELPHIS_VIRGINIATA,2022-11-29 01:27:39,DIDELPHIS_VIRGINIATA_2022_extracted
DIDELPHIS_VIRGINIATA_video_IMG_0129_MP4_image005.jpg,3,DIDELPHIS_VIRGINIATA,2022-11-29 01:27:40,DIDELPHIS_VIRGINIATA_2022_extracted
DIDELPHIS_VIRGINIATA_video_IMG_0129_MP4_image006.jpg,3,DIDELPHIS_VIRGINIATA,2022-11-29 01:27:41,DIDELPHIS_VIRGINIATA_2022_extracted
DIDELPHIS_VIRGINIATA_video_IMG_0129_MP4_image007.jpg,3,DIDELPHIS_VIRGINIATA,2022-11-29 01:27:42,DIDELPHIS_VIRGINIATA_2022_extracted
DIDELPHIS_VIRGINIATA_video_IMG_0129_MP4_image008.jpg,3,DIDELPHIS_VIRGINIATA,2022-11-29 01:27:43,DIDELPHIS_VIRGINIATA_2022_extracted
DIDELPHIS_VIRGINIATA_video_IMG_0129_MP4_image009.jpg,3,DIDELPHIS_VIRGINIATA,2022-11-29 01:27:44,DIDELPHIS_VIRGINIATA_2022_extracted
DIDELPHIS_VIRGINIATA_video_IMG_0129_image001.jpg,3,DIDELPHIS_VIRGINIATA,,DIDELPHIS_VIRGINIATA_2022_extracted
DIDELPHIS_VIRGINIATA_video_IMG_0129_image002.jpg,3,DIDELPHIS_VIRGINIATA,,DIDELPHIS_VIRGINIATA_2022_extracted
DIDELPHIS_VIRGINIATA_video_IMG_0129_image003.jpg,3,DIDELPHIS_VIRGINIATA,,DIDELPHIS_VIRGINIATA_2022_extracted
DIDELPHIS_VIRGINIATA_video_IMG_0129_image004.jpg,3,DIDELPHIS_VIRGINIATA,,DIDELPHIS_VIRGINIATA_2022_extracted
DIDELPHIS_VIRGINIATA_video_IMG_0129_image005.jpg,3,DIDELPHIS_VIRGINIATA,,DIDELPHIS_VIRGINIATA_2022_extracted
DIDELPHIS_VIRGINIATA_video_IMG_0129_image006.jpg,3,DIDELPHIS_VIRGINIATA,,DIDELPHIS_VIRGINIATA_2022_extracted
DIDELPHIS_VIRGINIATA_video_IMG_0129_image007.jpg,3,DIDELPHIS_VIRGINIATA,,DIDELPHIS_VIRGINIATA_2022_extracted
DIDELPHIS_VIRGINIATA_video_IMG_0129_image008.jpg,3,DIDELPHIS_VIRGINIATA,,DIDELPHIS_VIRGINIATA_2022_extracted
DIDELPHIS_VIRGINIATA_video_IMG_0129_image009.jpg,3,DIDELPHIS_VIRGINIATA,,DIDELPHIS_VIRGINIATA_2022_extracted
DIDELPHIS_VIRGINIATA_video_IMG_0129_image010.jpg,3,DIDELPHIS_VIRGINIATA,,DIDELPHIS_VIRGINIATA_2022_extracted
DIDELPHIS_VIRGINIATA_video_IMG_0156_image001.jpg,3,DIDELPHIS_VIRGINIATA,,DIDELPHIS_VIRGINIATA_2022_extracted
DIDELPHIS_VIRGINIATA_video_IMG_0156_image002.jpg,3,DIDELPHIS_VIRGINIATA,,DIDELPHIS_VIRGINIATA_2022_extracted
DIDELPHIS_VIRGINIATA_video_IMG_0156_image003.jpg,3,DIDELPHIS_VIRGINIATA,,DIDELPHIS_VIRGINIATA_2022_extracted
DIDELPHIS_VIRGINIATA_video_IMG_0156_image004.jpg,3,DIDELPHIS_VIRGINIATA,,DIDELPHIS_VIRGINIATA_2022_extracted
DIDELPHIS_VIRGINIATA_video_IMG_0156_image005.jpg,3,DIDELPHIS_VIRGINIATA,,DIDELPHIS_VIRGINIATA_2022_extracted
DIDELPHIS_VIRGINIATA_video_IMG_0156_image006.jpg,3,DIDELPHIS_VIRGINIATA,,DIDELPHIS_VIRGINIATA_2022_extracted
DIDELPHIS_VIRGINIATA_video_IMG_0156_image007.jpg,3,DIDELPHIS_VIRGINIATA,,DIDELPHIS_VIRGINIATA_2022_extracted
DIDELPHIS_VIRGINIATA_video_IMG_0156_image008.jpg,3,DIDELPHIS_VIRGINIATA,,DIDELPHIS_VIRGINIATA_2022_extracted
DIDELPHIS_VIRGINIATA_video_IMG_0156_image009.jpg,3,DIDELPHIS_VIRGINIATA,,DIDELPHIS_VIRGINIATA_2022_extracted
DIDELPHIS_VIRGINIATA_video_IMG_0156_image010.jpg,3,DIDELPHIS_VIRGINIATA,,DIDELPHIS_VIRGINIATA_2022_extracted
DIDELPHIS_VIRGINIATA_video_IMG_0202_image001.jpg,3,DIDELPHIS_VIRGINIATA,2022-12-13 00:55:43,DIDELPHIS_VIRGINIATA_2022_extracted
DIDELPHIS_VIRGINIATA_video_IMG_0202_image002.jpg,3,DIDELPHIS_VIRGINIATA,2022-12-13 00:55:44,DIDELPHIS_VIRGINIATA_2022_extracted
DIDELPHIS_VIRGINIATA_video_IMG_0202_image003.jpg,3,DIDELPHIS_VIRGINIATA,2022-12-13 00:55:45,DIDELPHIS_VIRGINIATA_2022_extracted
DIDELPHIS_VIRGINIATA_video_IMG_0202_image004.jpg,3,DIDELPHIS_VIRGINIATA,2022-12-13 00:55:46,DIDELPHIS_VIRGINIATA_2022_extracted
DIDELPHIS_VIRGINIATA_video_IMG_0202_image005.jpg,3,DIDELPHIS_VIRGINIATA,2022-12-13 00:55:47,DIDELPHIS_VIRGINIATA_2022_extracted
DIDELPHIS_VIRGINIATA_video_IMG_0202_image006.jpg,3,DIDELPHIS_VIRGINIATA,2022-12-13 00:55:48,DIDELPHIS_VIRGINIATA_2022_extracted
DIDELPHIS_VIRGINIATA_video_IMG_0202_image007.jpg,3,DIDELPHIS_VIRGINIATA,2022-12-13 00:55:49,DIDELPHIS_VIRGINIATA_2022_extracted
DIDELPHIS_VIRGINIATA_video_IMG_0202_image008.jpg,3,DIDELPHIS_VIRGINIATA,2022-12-13 00:55:50,DIDELPHIS_VIRGINIATA_2022_extracted
DIDELPHIS_VIRGINIATA_video_IMG_0252_image001.jpg,3,DIDELPHIS_VIRGINIATA,2022-12-14 21:32:25,DIDELPHIS_VIRGINIATA_2022_extracted
DIDELPHIS_VIRGINIATA_video_IMG_0252_image002.jpg,3,DIDELPHIS_VIRGINIATA,2022-12-14 21:32:26,DIDELPHIS_VIRGINIATA_2022_extracted
DIDELPHIS_VIRGINIATA_video_IMG_0252_image003.jpg,3,DIDELPHIS_VIRGINIATA,2022-12-14 21:32:27,DIDELPHIS_VIRGINIATA_2022_extracted
DIDELPHIS_VIRGINIATA_video_IMG_0252_image003.jpg,3,DIDELPHIS_VIRGINIATA,2022-12-14 21:32:27,DIDELPHIS_VIRGINIATA_2022_extracted
DIDELPHIS_VIRGINIATA_video_IMG_0252_image004.jpg,3,DIDELPHIS_VIRGINIATA,2022-12-14 21:32:28,DIDELPHIS_VIRGINIATA_2022_extracted
DIDELPHIS_VIRGINIATA_video_IMG_0252_image005.jpg,3,DIDELPHIS_VIRGINIATA,2022-12-14 21:32:29,DIDELPHIS_VIRGINIATA_2022_extracted
DIDELPHIS_VIRGINIATA_video_IMG_0252_image006.jpg,3,DIDELPHIS_VIRGINIATA,2022-12-14 21:32:30,DIDELPHIS_VIRGINIATA_2022_extracted
DIDELPHIS_VIRGINIATA_video_IMG_0252_image007.jpg,3,DIDELPHIS_VIRGINIATA,2022-12-14 21:32:31,DIDELPHIS_VIRGINIATA_2022_extracted
LYNX_RUFUS_video_IMG_0007 (2)_image001.jpg,6,LYNX_RUFUS,2022-05-02 02:24:00,LYNX_RUFUS_extracted
LYNX_RUFUS_video_IMG_0007 (2)_image002.jpg,6,LYNX_RUFUS,2022-05-02 02:24:01,LYNX_RUFUS_extracted
LYNX_RUFUS_video_IMG_0007 (2)_image003.jpg,6,LYNX_RUFUS,2022-05-02 02:24:02,LYNX_RUFUS_extracted
LYNX_RUFUS_video_IMG_0007 (2)_image004.jpg,6,LYNX_RUFUS,2022-05-02 02:24:03,LYNX_RUFUS_extracted
LYNX_RUFUS_video_IMG_0007 (2)_image005.jpg,6,LYNX_RUFUS,2022-05-02 02:24:04,LYNX_RUFUS_extracted
LYNX_RUFUS_video_IMG_0007 (2)_image005.jpg,6,LYNX_RUFUS,2022-05-02 02:24:04,LYNX_RUFUS_extracted
LYNX_RUFUS_video_IMG_0007_image001.jpg,6,LYNX_RUFUS,2022-11-13 01:38:09,LYNX_RUFUS_extracted
LYNX_RUFUS_video_IMG_0007_image002.jpg,6,LYNX_RUFUS,2022-11-13 01:38:10,LYNX_RUFUS_extracted
LYNX_RUFUS_video_IMG_0007_image003.jpg,6,LYNX_RUFUS,2022-11-13 01:38:11,LYNX_RUFUS_extracted
LYNX_RUFUS_video_IMG_0007_image004.jpg,6,LYNX_RUFUS,2022-11-13 01:38:12,LYNX_RUFUS_extracted
LYNX_RUFUS_video_IMG_0007_image005.jpg,6,LYNX_RUFUS,2022-11-13 01:38:13,LYNX_RUFUS_extracted
LYNX_RUFUS_video_IMG_0009_image001.jpg,6,LYNX_RUFUS,2022-07-09 01:46:20,LYNX_RUFUS_extracted
LYNX_RUFUS_video_IMG_0009_image002.jpg,6,LYNX_RUFUS,2022-07-09 01:46:21,LYNX_RUFUS_extracted
LYNX_RUFUS_video_IMG_0009_image003.jpg,6,LYNX_RUFUS,2022-07-09 01:46:22,LYNX_RUFUS_extracted
LYNX_RUFUS_video_IMG_0009_image004.jpg,6,LYNX_RUFUS,2022-07-09 01:46:23,LYNX_RUFUS_extracted
LYNX_RUFUS_video_IMG_0009_image005.jpg,6,LYNX_RUFUS,2022-07-09 01:46:24,LYNX_RUFUS_extracted
LYNX_RUFUS_video_IMG_0009_image006.jpg,6,LYNX_RUFUS,2022-07-09 01:46:25,LYNX_RUFUS_extracted
LYNX_RUFUS_video_IMG_0009_image007.jpg,6,LYNX_RUFUS,2022-07-09 01:46:26,LYNX_RUFUS_extracted
LYNX_RUFUS_video_IMG_0027_image001.jpg,6,LYNX_RUFUS,2022-05-27 23:59:55,LYNX_RUFUS_extracted
LYNX_RUFUS_video_IMG_0027_image002.jpg,6,LYNX_RUFUS,2022-05-27 23:59:56,LYNX_RUFUS_extracted
LYNX_RUFUS_video_IMG_0027_image002.jpg,6,LYNX_RUFUS,2022-05-27 23:59:56,LYNX_RUFUS_extracted
LYNX_RUFUS_video_IMG_0032_image001.jpg,6,LYNX_RUFUS,2022-06-06 03:19:34,LYNX_RUFUS_extracted
LYNX_RUFUS_video_IMG_0032_image002.jpg,6,LYNX_RUFUS,2022-06-06 03:19:35,LYNX_RUFUS_extracted
LYNX_RUFUS_video_IMG_0032_image003.jpg,6,LYNX_RUFUS,2022-06-06 03:19:36,LYNX_RUFUS_extracted
LYNX_RUFUS_video_IMG_0032_image004.jpg,6,LYNX_RUFUS,2022-06-06 03:19:37,LYNX_RUFUS_extracted
LYNX_RUFUS_video_IMG_0032_image005.jpg,6,LYNX_RUFUS,2022-06-06 03:19:38,LYNX_RUFUS_extracted
LYNX_RUFUS_video_IMG_0032_image006.jpg,6,LYNX_RUFUS,2022-06-06 03:19:39,LYNX_RUFUS_extracted
LYNX_RUFUS_video_IMG_0032_image007.jpg,6,LYNX_RUFUS,2022-06-06 03:19:40,LYNX_RUFUS_extracted
LYNX_RUFUS_video_IMG_0032_image008.jpg,6,LYNX_RUFUS,2022-06-06 03:19:41,LYNX_RUFUS_extracted
LYNX_RUFUS_video_IMG_0032_image009.jpg,6,LYNX_RUFUS,2022-06-06 03:19:42,LYNX_RUFUS_extracted
LYNX_RUFUS_video_IMG_0034_image001.jpg,6,LYNX_RUFUS,2022-11-12 16:49:34,LYNX_RUFUS_extracted
LYNX_RUFUS_video_IMG_0034_image002.jpg,6,LYNX_RUFUS,2022-11-12 16:49:35,LYNX_RUFUS_extracted
LYNX_RUFUS_video_IMG_0034_image003.jpg,6,LYNX_RUFUS,2022-11-12 16:49:36,LYNX_RUFUS_extracted
LYNX_RUFUS_video_IMG_0034_image004.jpg,6,LYNX_RUFUS,2022-11-12 16:49:37,LYNX_RUFUS_extracted
LYNX_RUFUS_video_IMG_0034_image005.jpg,6,LYNX_RUFUS,2022-11-12 16:49:38,LYNX_RUFUS_extracted
LYNX_RUFUS_video_IMG_0034_image006.jpg,6,LYNX_RUFUS,2022-11-12 16:49:39,LYNX_RUFUS_extracted
LYNX_RUFUS_video_IMG_0034_image006.jpg,6,LYNX_RUFUS,2022-11-12 16:49:39,LYNX_RUFUS_extracted
LYNX_RUFUS_video_IMG_0034_image007.jpg,6,LYNX_RUFUS,2022-11-12 16:49:40,LYNX_RUFUS_extracted
LYNX_RUFUS_video_IMG_0034_image008.jpg,6,LYNX_RUFUS,2022-11-12 16:49:41,LYNX_RUFUS_extracted
LYNX_RUFUS_video_IMG_0034_image009.jpg,6,LYNX_RUFUS,2022-11-12 16:49:42,LYNX_RUFUS_extracted
LYNX_RUFUS_video_IMG_0048_image001.jpg,6,LYNX_RUFUS,2022-06-19 00:17:24,LYNX_RUFUS_extracted
LYNX_RUFUS_video_IMG_0048_image002.jpg,6,LYNX_RUFUS,2022-06-19 00:17:25,LYNX_RUFUS_extracted
LYNX_RUFUS_video_IMG_0048_image003.jpg,6,LYNX_RUFUS,2022-06-19 00:17:26,LYNX_RUFUS_extracted
LYNX_RUFUS_video_IMG_0048_image004.jpg,6,LYNX_RUFUS,2022-06-19 00:17:27,LYNX_RUFUS_extracted
LYNX_RUFUS_video_IMG_0048_image005.jpg,6,LYNX_RUFUS,2022-06-19 00:17:28,LYNX_RUFUS_extracted
LYNX_RUFUS_video_IMG_0048_image006.jpg,6,LYNX_RUFUS,2022-06-19 00:17:29,LYNX_RUFUS_extracted
LYNX_RUFUS_video_IMG_0049 (2)_image001.jpg,6,LYNX_RUFUS,2022-06-19 06:52:05,LYNX_RUFUS_extracted
LYNX_RUFUS_video_IMG_0049 (2)_image001.jpg,6,LYNX_RUFUS,2022-06-19 06:52:05,LYNX_RUFUS_extracted
LYNX_RUFUS_video_IMG_0049 (2)_image002.jpg,6,LYNX_RUFUS,2022-06-19 06:52:06,LYNX_RUFUS_extracted
LYNX_RUFUS_video_IMG_0049 (2)_image003.jpg,6,LYNX_RUFUS,2022-06-19 06:52:07,LYNX_RUFUS_extracted
LYNX_RUFUS_video_IMG_0049 (2)_image004.jpg,6,LYNX_RUFUS,2022-06-19 06:52:08,LYNX_RUFUS_extracted
LYNX_RUFUS_video_IMG_0049 (2)_image005.jpg,6,LYNX_RUFUS,2022-06-19 06:52:09,LYNX_RUFUS_extracted
LYNX_RUFUS_video_IMG_0049 (2)_image005.jpg,6,LYNX_RUFUS,2022-06-19 06:52:09,LYNX_RUFUS_extracted
LYNX_RUFUS_video_IMG_0049 (2)_image006.jpg,6,LYNX_RUFUS,2022-06-19 06:52:10,LYNX_RUFUS_extracted
LYNX_RUFUS_video_IMG_0049 (2)_image006.jpg,6,LYNX_RUFUS,2022-06-19 06:52:10,LYNX_RUFUS_extracted
LYNX_RUFUS_video_IMG_0049 (2)_image007.jpg,6,LYNX_RUFUS,2022-06-19 06:52:11,LYNX_RUFUS_extracted
LYNX_RUFUS_video_IMG_0049 (2)_image008.jpg,6,LYNX_RUFUS,2022-06-19 06:52:12,LYNX_RUFUS_extracted
LYNX_RUFUS_video_IMG_0049 (2)_image009.jpg,6,LYNX_RUFUS,2022-06-19 06:52:13,LYNX_RUFUS_extracted
LYNX_RUFUS_video_IMG_0049 (2)_image010.jpg,6,LYNX_RUFUS,2022-06-19 06:52:14,LYNX_RUFUS_extracted
LYNX_RUFUS_video_IMG_0049_image001.jpg,6,LYNX_RUFUS,2022-07-23 23:32:18,LYNX_RUFUS_extracted
LYNX_RUFUS_video_IMG_0049_image002.jpg,6,LYNX_RUFUS,2022-07-23 23:32:19,LYNX_RUFUS_extracted
LYNX_RUFUS_video_IMG_0049_image003.jpg,6,LYNX_RUFUS,2022-07-23 23:32:20,LYNX_RUFUS_extracted
LYNX_RUFUS_video_IMG_0049_image004.jpg,6,LYNX_RUFUS,2022-07-23 23:32:21,LYNX_RUFUS_extracted
LYNX_RUFUS_video_IMG_0049_image005.jpg,6,LYNX_RUFUS,2022-07-23 23:32:22,LYNX_RUFUS_extracted
LYNX_RUFUS_video_IMG_0049_image006.jpg,6,LYNX_RUFUS,2022-07-23 23:32:23,LYNX_RUFUS_extracted
LYNX_RUFUS_video_IMG_0049_image007.jpg,6,LYNX_RUFUS,2022-07-23 23:32:24,LYNX_RUFUS_extracted
LYNX_RUFUS_video_IMG_0049_image008.jpg,6,LYNX_RUFUS,2022-07-23 23:32:25,LYNX_RUFUS_extracted
LYNX_RUFUS_video_IMG_0049_image009.jpg,6,LYNX_RUFUS,2022-07-23 23:32:26,LYNX_RUFUS_extracted
LYNX_RUFUS_video_IMG_0049_image010.jpg,6,LYNX_RUFUS,2022-07-23 23:32:27,LYNX_RUFUS_extracted
LYNX_RUFUS_video_IMG_0053_image001.jpg,6,LYNX_RUFUS,2022-06-19 07:50:19,LYNX_RUFUS_extracted
LYNX_RUFUS_video_IMG_0053_image002.jpg,6,LYNX_RUFUS,2022-06-19 07:50:20,LYNX_RUFUS_extracted
LYNX_RUFUS_video_IMG_0053_image003.jpg,6,LYNX_RUFUS,2022-06-19 07:50:21,LYNX_RUFUS_extracted
LYNX_RUFUS_video_IMG_0053_image004.jpg,6,LYNX_RUFUS,2022-06-19 07:50:22,LYNX_RUFUS_extracted
LYNX_RUFUS_video_IMG_0053_image005.jpg,6,LYNX_RUFUS,2022-06-19 07:50:23,LYNX_RUFUS_extracted
LYNX_RUFUS_video_IMG_0053_image006.jpg,6,LYNX_RUFUS,2022-06-19 07:50:24,LYNX_RUFUS_extracted
LYNX_RUFUS_video_IMG_0053_image006.jpg,6,LYNX_RUFUS,2022-06-19 07:50:24,LYNX_RUFUS_extracted
LYNX_RUFUS_video_IMG_0053_image007.jpg,6,LYNX_RUFUS,2022-06-19 07:50:25,LYNX_RUFUS_extracted
LYNX_RUFUS_video_IMG_0076_image001.jpg,6,LYNX_RUFUS,2022-10-24 09:30:07,LYNX_RUFUS_extracted
LYNX_RUFUS_video_IMG_0076_image002.jpg,6,LYNX_RUFUS,2022-10-24 09:30:08,LYNX_RUFUS_extracted
LYNX_RUFUS_video_IMG_0076_image003.jpg,6,LYNX_RUFUS,2022-10-24 09:30:09,LYNX_RUFUS_extracted
LYNX_RUFUS_video_IMG_0076_image003.jpg,6,LYNX_RUFUS,2022-10-24 09:30:09,LYNX_RUFUS_extracted
LYNX_RUFUS_video_IMG_0076_image004.jpg,6,LYNX_RUFUS,2022-10-24 09:30:10,LYNX_RUFUS_extracted
LYNX_RUFUS_video_IMG_0076_image005.jpg,6,LYNX_RUFUS,2022-10-24 09:30:11,LYNX_RUFUS_extracted
LYNX_RUFUS_video_IMG_0076_image006.jpg,6,LYNX_RUFUS,2022-10-24 09:30:12,LYNX_RUFUS_extracted
LYNX_RUFUS_video_IMG_0076_image007.jpg,6,LYNX_RUFUS,2022-10-24 09:30:13,LYNX_RUFUS_extracted
LYNX_RUFUS_video_IMG_0076_image008.jpg,6,LYNX_RUFUS,2022-10-24 09:30:14,LYNX_RUFUS_extracted
LYNX_RUFUS_video_IMG_0076_image009.jpg,6,LYNX_RUFUS,2022-10-24 09:30:15,LYNX_RUFUS_extracted
LYNX_RUFUS_video_IMG_0076_image010.jpg,6,LYNX_RUFUS,2022-10-24 09:30:16,LYNX_RUFUS_extracted
LYNX_RUFUS_video_IMG_0093_image001.jpg,6,LYNX_RUFUS,,LYNX_RUFUS_extracted
LYNX_RUFUS_video_IMG_0093_image002.jpg,6,LYNX_RUFUS,,LYNX_RUFUS_extracted
LYNX_RUFUS_video_IMG_0093_image003.jpg,6,LYNX_RUFUS,,LYNX_RUFUS_extracted
LYNX_RUFUS_video_IMG_0093_image004.jpg,6,LYNX_RUFUS,,LYNX_RUFUS_extracted
LYNX_RUFUS_video_IMG_0093_image005.jpg,6,LYNX_RUFUS,,LYNX_RUFUS_extracted
LYNX_RUFUS_video_IMG_0093_image006.jpg,6,LYNX_RUFUS,,LYNX_RUFUS_extracted
LYNX_RUFUS_video_IMG_0093_image007.jpg,6,LYNX_RUFUS,,LYNX_RUFUS_extracted
LYNX_RUFUS_video_IMG_0093_image009.jpg,6,LYNX_RUFUS,,LYNX_RUFUS_extracted
LYNX_RUFUS_video_IMG_0100_image001.jpg,6,LYNX_RUFUS,2022-11-25 01:36:47,LYNX_RUFUS_extracted
LYNX_RUFUS_video_IMG_0100_image002.jpg,6,LYNX_RUFUS,2022-11-25 01:36:48,LYNX_RUFUS_extracted
LYNX_RUFUS_video_IMG_0100_image003.jpg,6,LYNX_RUFUS,2022-11-25 01:36:49,LYNX_RUFUS_extracted
LYNX_RUFUS_video_IMG_0100_image004.jpg,6,LYNX_RUFUS,2022-11-25 01:36:50,LYNX_RUFUS_extracted
LYNX_RUFUS_video_IMG_0100_image005.jpg,6,LYNX_RUFUS,2022-11-25 01:36:51,LYNX_RUFUS_extracted
LYNX_RUFUS_video_IMG_0100_image006.jpg,6,LYNX_RUFUS,2022-11-25 01:36:52,LYNX_RUFUS_extracted
LYNX_RUFUS_video_IMG_0100_image007.jpg,6,LYNX_RUFUS,2022-11-25 01:36:53,LYNX_RUFUS_extracted
LYNX_RUFUS_video_IMG_0100_image008.jpg,6,LYNX_RUFUS,2022-11-25 01:36:54,LYNX_RUFUS_extracted
LYNX_RUFUS_video_IMG_0100_image009.jpg,6,LYNX_RUFUS,2022-11-25 01:36:55,LYNX_RUFUS_extracted
LYNX_RUFUS_video_IMG_0100_image010.jpg,6,LYNX_RUFUS,2022-11-25 01:36:56,LYNX_RUFUS_extracted
LYNX_RUFUS_video_IMG_0116_image001.jpg,6,LYNX_RUFUS,,LYNX_RUFUS_extracted
LYNX_RUFUS_video_IMG_0116_image002.jpg,6,LYNX_RUFUS,,LYNX_RUFUS_extracted
LYNX_RUFUS_video_IMG_0116_image003.jpg,6,LYNX_RUFUS,,LYNX_RUFUS_extracted
LYNX_RUFUS_video_IMG_0116_image004.jpg,6,LYNX_RUFUS,,LYNX_RUFUS_extracted
LYNX_RUFUS_video_IMG_0116_image005.jpg,6,LYNX_RUFUS,,LYNX_RUFUS_extracted
LYNX_RUFUS_video_IMG_0116_image006.jpg,6,LYNX_RUFUS,,LYNX_RUFUS_extracted
LYNX_RUFUS_video_IMG_0116_image006.jpg,6,LYNX_RUFUS,,LYNX_RUFUS_extracted
LYNX_RUFUS_video_IMG_0116_image007.jpg,6,LYNX_RUFUS,,LYNX_RUFUS_extracted
LYNX_RUFUS_video_IMG_0116_image008.jpg,6,LYNX_RUFUS,,LYNX_RUFUS_extracted
LYNX_RUFUS_video_IMG_0159_image001.jpg,6,LYNX_RUFUS,2022-11-07 09:50:58,LYNX_RUFUS_extracted
LYNX_RUFUS_video_IMG_0159_image002.jpg,6,LYNX_RUFUS,2022-11-07 09:50:59,LYNX_RUFUS_extracted
LYNX_RUFUS_video_IMG_0159_image002.jpg,6,LYNX_RUFUS,2022-11-07 09:50:59,LYNX_RUFUS_extracted
LYNX_RUFUS_video_IMG_0159_image002.jpg,6,LYNX_RUFUS,2022-11-07 09:50:59,LYNX_RUFUS_extracted
LYNX_RUFUS_video_IMG_0159_image003.jpg,6,LYNX_RUFUS,2022-11-07 09:51:00,LYNX_RUFUS_extracted
LYNX_RUFUS_video_IMG_0159_image003.jpg,6,LYNX_RUFUS,2022-11-07 09:51:00,LYNX_RUFUS_extracted
LYNX_RUFUS_video_IMG_0159_image004.jpg,6,LYNX_RUFUS,2022-11-07 09:51:01,LYNX_RUFUS_extracted
LYNX_RUFUS_video_IMG_0159_image005.jpg,6,LYNX_RUFUS,2022-11-07 09:51:02,LYNX_RUFUS_extracted
LYNX_RUFUS_video_IMG_0159_image005.jpg,6,LYNX_RUFUS,2022-11-07 09:51:02,LYNX_RUFUS_extracted
LYNX_RUFUS_video_IMG_0159_image006.jpg,6,LYNX_RUFUS,2022-11-07 09:51:03,LYNX_RUFUS_extracted
LYNX_RUFUS_video_IMG_0159_image006.jpg,6,LYNX_RUFUS,2022-11-07 09:51:03,LYNX_RUFUS_extracted
LYNX_RUFUS_video_IMG_0159_image006.jpg,6,LYNX_RUFUS,2022-11-07 09:51:03,LYNX_RUFUS_extracted
LYNX_RUFUS_video_IMG_0159_image007.jpg,6,LYNX_RUFUS,2022-11-07 09:51:04,LYNX_RUFUS_extracted
LYNX_RUFUS_video_IMG_0159_image007.jpg,6,LYNX_RUFUS,2022-11-07 09:51:04,LYNX_RUFUS_extracted
LYNX_RUFUS_video_IMG_0159_image007.jpg,6,LYNX_RUFUS,2022-11-07 09:51:04,LYNX_RUFUS_extracted
LYNX_RUFUS_video_IMG_0159_image007.jpg,6,LYNX_RUFUS,2022-11-07 09:51:04,LYNX_RUFUS_extracted
LYNX_RUFUS_video_IMG_0159_image008.jpg,6,LYNX_RUFUS,2022-11-07 09:51:05,LYNX_RUFUS_extracted
LYNX_RUFUS_video_IMG_0159_image008.jpg,6,LYNX_RUFUS,2022-11-07 09:51:05,LYNX_RUFUS_extracted
LYNX_RUFUS_video_IMG_0159_image009.jpg,6,LYNX_RUFUS,2022-11-07 09:51:06,LYNX_RUFUS_extracted
LYNX_RUFUS_video_IMG_0159_image009.jpg,6,LYNX_RUFUS,2022-11-07 09:51:06,LYNX_RUFUS_extracted
LYNX_RUFUS_video_IMG_0159_image009.jpg,6,LYNX_RUFUS,2022-11-07 09:51:06,LYNX_RUFUS_extracted
LYNX_RUFUS_video_IMG_0159_image009.jpg,6,LYNX_RUFUS,2022-11-07 09:51:06,LYNX_RUFUS_extracted
LYNX_RUFUS_video_IMG_0159_image009.jpg,6,LYNX_RUFUS,2022-11-07 09:51:06,LYNX_RUFUS_extracted
LYNX_RUFUS_video_IMG_0159_image009.jpg,6,LYNX_RUFUS,2022-11-07 09:51:06,LYNX_RUFUS_extracted
LYNX_RUFUS_video_IMG_0159_image010.jpg,6,LYNX_RUFUS,2022-11-07 09:51:07,LYNX_RUFUS_extracted
LYNX_RUFUS_video_IMG_0159_image010.jpg,6,LYNX_RUFUS,2022-11-07 09:51:07,LYNX_RUFUS_extracted
LYNX_RUFUS_video_IMG_0165_image001.jpg,6,LYNX_RUFUS,,LYNX_RUFUS_extracted
LYNX_RUFUS_video_IMG_0165_image002.jpg,6,LYNX_RUFUS,,LYNX_RUFUS_extracted
LYNX_RUFUS_video_IMG_0165_image003.jpg,6,LYNX_RUFUS,,LYNX_RUFUS_extracted
LYNX_RUFUS_video_IMG_0165_image004.jpg,6,LYNX_RUFUS,,LYNX_RUFUS_extracted
LYNX_RUFUS_video_IMG_0165_image005.jpg,6,LYNX_RUFUS,,LYNX_RUFUS_extracted
LYNX_RUFUS_video_IMG_0165_image006.jpg,6,LYNX_RUFUS,,LYNX_RUFUS_extracted
LYNX_RUFUS_video_IMG_0165_image007.jpg,6,LYNX_RUFUS,,LYNX_RUFUS_extracted
LYNX_RUFUS_video_IMG_0165_image008.jpg,6,LYNX_RUFUS,,LYNX_RUFUS_extracted
LYNX_RUFUS_video_IMG_0165_image009.jpg,6,LYNX_RUFUS,,LYNX_RUFUS_extracted
LYNX_RUFUS_video_IMG_0165_image010.jpg,6,LYNX_RUFUS,,LYNX_RUFUS_extracted
NASUA_NARICA_video_IMG_0071_image001.jpg,8,NASUA_NARICA,,NASUA_NARICA_2022_extracted
NASUA_NARICA_video_IMG_0071_image002.jpg,8,NASUA_NARICA,,NASUA_NARICA_2022_extracted
NASUA_NARICA_video_IMG_0076_image007.jpg,8,NASUA_NARICA,,NASUA_NARICA_2022_extracted
NASUA_NARICA_video_IMG_0076_image008.jpg,8,NASUA_NARICA,,NASUA_NARICA_2022_extracted
NASUA_NARICA_video_IMG_0076_image010.jpg,8,NASUA_NARICA,,NASUA_NARICA_2022_extracted
NASUA_NARICA_video_IMG_0092_image001.jpg,8,NASUA_NARICA,,NASUA_NARICA_2022_extracted
NASUA_NARICA_video_IMG_0092_image002.jpg,8,NASUA_NARICA,,NASUA_NARICA_2022_extracted
NASUA_NARICA_video_IMG_0092_image002.jpg,8,NASUA_NARICA,,NASUA_NARICA_2022_extracted
NASUA_NARICA_video_IMG_0092_image003.jpg,8,NASUA_NARICA,,NASUA_NARICA_2022_extracted
NASUA_NARICA_video_IMG_0092_image004.jpg,8,NASUA_NARICA,,NASUA_NARICA_2022_extracted
NASUA_NARICA_video_IMG_0092_image005.jpg,8,NASUA_NARICA,,NASUA_NARICA_2022_extracted
NASUA_NARICA_video_IMG_0092_image009.jpg,8,NASUA_NARICA,,NASUA_NARICA_2022_extracted
NASUA_NARICA_video_IMG_0092_image010.jpg,8,NASUA_NARICA,,NASUA_NARICA_2022_extracted
NASUA_NARICA_video_IMG_0160_image001.jpg,8,NASUA_NARICA,,NASUA_NARICA_2022_extracted
NASUA_NARICA_video_IMG_0160_image001.jpg,8,NASUA_NARICA,,NASUA_NARICA_2022_extracted
NASUA_NARICA_video_IMG_0160_image002.jpg,8,NASUA_NARICA,,NASUA_NARICA_2022_extracted
NASUA_NARICA_video_IMG_0160_image002.jpg,8,NASUA_NARICA,,NASUA_NARICA_2022_extracted
NASUA_NARICA_video_IMG_0160_image003.jpg,8,NASUA_NARICA,,NASUA_NARICA_2022_extracted
NASUA_NARICA_video_IMG_0160_image003.jpg,8,NASUA_NARICA,,NASUA_NARICA_2022_extracted
NASUA_NARICA_video_IMG_0160_image004.jpg,8,NASUA_NARICA,,NASUA_NARICA_2022_extracted
NASUA_NARICA_video_IMG_0160_image005.jpg,8,NASUA_NARICA,,NASUA_NARICA_2022_extracted
NASUA_NARICA_video_IMG_0160_image005.jpg,8,NASUA_NARICA,,NASUA_NARICA_2022_extracted
NASUA_NARICA_video_IMG_0160_image006.jpg,8,NASUA_NARICA,,NASUA_NARICA_2022_extracted
NASUA_NARICA_video_IMG_0160_image007.jpg,8,NASUA_NARICA,,NASUA_NARICA_2022_extracted
NASUA_NARICA_video_IMG_0160_image007.jpg,8,NASUA_NARICA,,NASUA_NARICA_2022_extracted
NASUA_NARICA_video_IMG_0160_image008.jpg,8,NASUA_NARICA,,NASUA_NARICA_2022_extracted
NASUA_NARICA_video_IMG_0160_image008.jpg,8,NASUA_NARICA,,NASUA_NARICA_2022_extracted
NASUA_NARICA_video_IMG_0160_image009.jpg,8,NASUA_NARICA,,NASUA_NARICA_2022_extracted
NASUA_NARICA_video_IMG_0160_image009.jpg,8,NASUA_NARICA,,NASUA_NARICA_2022_extracted
NASUA_NARICA_video_IMG_0160_image010.jpg,8,NASUA_NARICA,,NASUA_NARICA_2022_extracted
NASUA_NARICA_video_IMG_0160_image010.jpg,8,NASUA_NARICA,,NASUA_NARICA_2022_extracted
ODOCOILEUS_VIRGINIANUS_video_IMG_0033_MP4_image002.jpg,9,ODOCOILEUS_VIRGINIANUS,2022-05-09 15:12:54,ODOCOILEUS_VIRGINIANUS_2022_extracted
ODOCOILEUS_VIRGINIANUS_video_IMG_0033_MP4_image003.jpg,9,ODOCOILEUS_VIRGINIANUS,2022-05-09 15:12:55,ODOCOILEUS_VIRGINIANUS_2022_extracted
ODOCOILEUS_VIRGINIANUS_video_IMG_0033_MP4_image004.jpg,9,ODOCOILEUS_VIRGINIANUS,2022-05-09 15:12:56,ODOCOILEUS_VIRGINIANUS_2022_extracted
ODOCOILEUS_VIRGINIANUS_video_IMG_0033_MP4_image005.jpg,9,ODOCOILEUS_VIRGINIANUS,2022-05-09 15:12:57,ODOCOILEUS_VIRGINIANUS_2022_extracted
ODOCOILEUS_VIRGINIANUS_video_IMG_0033_MP4_image006.jpg,9,ODOCOILEUS_VIRGINIANUS,2022-05-09 15:12:58,ODOCOILEUS_VIRGINIANUS_2022_extracted
ODOCOILEUS_VIRGINIANUS_video_IMG_0033_MP4_image007.jpg,9,ODOCOILEUS_VIRGINIANUS,2022-05-09 15:12:59,ODOCOILEUS_VIRGINIANUS_2022_extracted
ODOCOILEUS_VIRGINIANUS_video_IMG_0033_MP4_image008.jpg,9,ODOCOILEUS_VIRGINIANUS,2022-05-09 15:13:00,ODOCOILEUS_VIRGINIANUS_2022_extracted
ODOCOILEUS_VIRGINIANUS_video_IMG_0033_MP4_image009.jpg,9,ODOCOILEUS_VIRGINIANUS,2022-05-09 15:13:01,ODOCOILEUS_VIRGINIANUS_2022_extracted
ODOCOILEUS_VIRGINIANUS_video_IMG_0033_MP4_image010.jpg,9,ODOCOILEUS_VIRGINIANUS,2022-05-09 15:13:02,ODOCOILEUS_VIRGINIANUS_2022_extracted
ODOCOILEUS_VIRGINIANUS_video_IMG_0033_image001.jpg,9,ODOCOILEUS_VIRGINIANUS,,ODOCOILEUS_VIRGINIANUS_2022_extracted
ODOCOILEUS_VIRGINIANUS_video_IMG_0033_image002.jpg,9,ODOCOILEUS_VIRGINIANUS,,ODOCOILEUS_VIRGINIANUS_2022_extracted
ODOCOILEUS_VIRGINIANUS_video_IMG_0033_image003.jpg,9,ODOCOILEUS_VIRGINIANUS,,ODOCOILEUS_VIRGINIANUS_2022_extracted
ODOCOILEUS_VIRGINIANUS_video_IMG_0033_image004.jpg,9,ODOCOILEUS_VIRGINIANUS,,ODOCOILEUS_VIRGINIANUS_2022_extracted
ODOCOILEUS_VIRGINIANUS_video_IMG_0033_image005.jpg,9,ODOCOILEUS_VIRGINIANUS,,ODOCOILEUS_VIRGINIANUS_2022_extracted
ODOCOILEUS_VIRGINIANUS_video_IMG_0033_image006.jpg,9,ODOCOILEUS_VIRGINIANUS,,ODOCOILEUS_VIRGINIANUS_2022_extracted
ODOCOILEUS_VIRGINIANUS_video_IMG_0033_image007.jpg,9,ODOCOILEUS_VIRGINIANUS,,ODOCOILEUS_VIRGINIANUS_2022_extracted
ODOCOILEUS_VIRGINIANUS_video_IMG_0033_image008.jpg,9,ODOCOILEUS_VIRGINIANUS,,ODOCOILEUS_VIRGINIANUS_2022_extracted
ODOCOILEUS_VIRGINIANUS_video_IMG_0033_image009.jpg,9,ODOCOILEUS_VIRGINIANUS,,ODOCOILEUS_VIRGINIANUS_2022_extracted
ODOCOILEUS_VIRGINIANUS_video_IMG_0033_image010.jpg,9,ODOCOILEUS_VIRGINIANUS,,ODOCOILEUS_VIRGINIANUS_2022_extracted
ODOCOILEUS_VIRGINIANUS_video_IMG_0035_image001.jpg,9,ODOCOILEUS_VIRGINIANUS,2022-11-12 23:34:13,ODOCOILEUS_VIRGINIANUS_2022_extracted
ODOCOILEUS_VIRGINIANUS_video_IMG_0035_image002.jpg,9,ODOCOILEUS_VIRGINIANUS,2022-11-12 23:34:14,ODOCOILEUS_VIRGINIANUS_2022_extracted
ODOCOILEUS_VIRGINIANUS_video_IMG_0035_image003.jpg,9,ODOCOILEUS_VIRGINIANUS,2022-11-12 23:34:15,ODOCOILEUS_VIRGINIANUS_2022_extracted
ODOCOILEUS_VIRGINIANUS_video_IMG_0035_image004.jpg,9,ODOCOILEUS_VIRGINIANUS,2022-11-12 23:34:16,ODOCOILEUS_VIRGINIANUS_2022_extracted
ODOCOILEUS_VIRGINIANUS_video_IMG_0035_image005.jpg,9,ODOCOILEUS_VIRGINIANUS,2022-11-12 23:34:17,ODOCOILEUS_VIRGINIANUS_2022_extracted
ODOCOILEUS_VIRGINIANUS_video_IMG_0035_image006.jpg,9,ODOCOILEUS_VIRGINIANUS,2022-11-12 23:34:18,ODOCOILEUS_VIRGINIANUS_2022_extracted
ODOCOILEUS_VIRGINIANUS_video_IMG_0035_image007.jpg,9,ODOCOILEUS_VIRGINIANUS,2022-11-12 23:34:19,ODOCOILEUS_VIRGINIANUS_2022_extracted
ODOCOILEUS_VIRGINIANUS_video_IMG_0035_image008.jpg,9,ODOCOILEUS_VIRGINIANUS,2022-11-12 23:34:20,ODOCOILEUS_VIRGINIANUS_2022_extracted
ODOCOILEUS_VIRGINIANUS_video_IMG_0035_image009.jpg,9,ODOCOILEUS_VIRGINIANUS,2022-11-12 23:34:21,ODOCOILEUS_VIRGINIANUS_2022_extracted
ODOCOILEUS_VIRGINIANUS_video_IMG_0035_image010.jpg,9,ODOCOILEUS_VIRGINIANUS,2022-11-12 23:34:22,ODOCOILEUS_VIRGINIANUS_2022_extracted
ODOCOILEUS_VIRGINIANUS_video_IMG_0063_image001.jpg,9,ODOCOILEUS_VIRGINIANUS,2022-05-26 11:27:50,ODOCOILEUS_VIRGINIANUS_2022_extracted
ODOCOILEUS_VIRGINIANUS_video_IMG_0063_image002.jpg,9,ODOCOILEUS_VIRGINIANUS,2022-05-26 11:27:51,ODOCOILEUS_VIRGINIANUS_2022_extracted
ODOCOILEUS_VIRGINIANUS_video_IMG_0063_image003.jpg,9,ODOCOILEUS_VIRGINIANUS,2022-05-26 11:27:52,ODOCOILEUS_VIRGINIANUS_2022_extracted
ODOCOILEUS_VIRGINIANUS_video_IMG_0063_image004.jpg,9,ODOCOILEUS_VIRGINIANUS,2022-05-26 11:27:53,ODOCOILEUS_VIRGINIANUS_2022_extracted
ODOCOILEUS_VIRGINIANUS_video_IMG_0063_image005.jpg,9,ODOCOILEUS_VIRGINIANUS,2022-05-26 11:27:54,ODOCOILEUS_VIRGINIANUS_2022_extracted
ODOCOILEUS_VIRGINIANUS_video_IMG_0083_image001.jpg,9,ODOCOILEUS_VIRGINIANUS,,ODOCOILEUS_VIRGINIANUS_2022_extracted
ODOCOILEUS_VIRGINIANUS_video_IMG_0083_image002.jpg,9,ODOCOILEUS_VIRGINIANUS,,ODOCOILEUS_VIRGINIANUS_2022_extracted
ODOCOILEUS_VIRGINIANUS_video_IMG_0083_image002.jpg,9,ODOCOILEUS_VIRGINIANUS,,ODOCOILEUS_VIRGINIANUS_2022_extracted
ODOCOILEUS_VIRGINIANUS_video_IMG_0083_image003.jpg,9,ODOCOILEUS_VIRGINIANUS,,ODOCOILEUS_VIRGINIANUS_2022_extracted
ODOCOILEUS_VIRGINIANUS_video_IMG_0083_image003.jpg,9,ODOCOILEUS_VIRGINIANUS,,ODOCOILEUS_VIRGINIANUS_2022_extracted
ODOCOILEUS_VIRGINIANUS_video_IMG_0083_image004.jpg,9,ODOCOILEUS_VIRGINIANUS,,ODOCOILEUS_VIRGINIANUS_2022_extracted
ODOCOILEUS_VIRGINIANUS_video_IMG_0083_image004.jpg,9,ODOCOILEUS_VIRGINIANUS,,ODOCOILEUS_VIRGINIANUS_2022_extracted
ODOCOILEUS_VIRGINIANUS_video_IMG_0083_image005.jpg,9,ODOCOILEUS_VIRGINIANUS,,ODOCOILEUS_VIRGINIANUS_2022_extracted
ODOCOILEUS_VIRGINIANUS_video_IMG_0083_image005.jpg,9,ODOCOILEUS_VIRGINIANUS,,ODOCOILEUS_VIRGINIANUS_2022_extracted
ODOCOILEUS_VIRGINIANUS_video_IMG_0083_image006.jpg,9,ODOCOILEUS_VIRGINIANUS,,ODOCOILEUS_VIRGINIANUS_2022_extracted
ODOCOILEUS_VIRGINIANUS_video_IMG_0083_image006.jpg,9,ODOCOILEUS_VIRGINIANUS,,ODOCOILEUS_VIRGINIANUS_2022_extracted
ODOCOILEUS_VIRGINIANUS_video_IMG_0083_image007.jpg,9,ODOCOILEUS_VIRGINIANUS,,ODOCOILEUS_VIRGINIANUS_2022_extracted
ODOCOILEUS_VIRGINIANUS_video_IMG_0083_image008.jpg,9,ODOCOILEUS_VIRGINIANUS,,ODOCOILEUS_VIRGINIANUS_2022_extracted
ODOCOILEUS_VIRGINIANUS_video_IMG_0105_image001.jpg,9,ODOCOILEUS_VIRGINIANUS,,ODOCOILEUS_VIRGINIANUS_2022_extracted
ODOCOILEUS_VIRGINIANUS_video_IMG_0105_image002.jpg,9,ODOCOILEUS_VIRGINIANUS,,ODOCOILEUS_VIRGINIANUS_2022_extracted
ODOCOILEUS_VIRGINIANUS_video_IMG_0105_image003.jpg,9,ODOCOILEUS_VIRGINIANUS,,ODOCOILEUS_VIRGINIANUS_2022_extracted
ODOCOILEUS_VIRGINIANUS_video_IMG_0105_image004.jpg,9,ODOCOILEUS_VIRGINIANUS,,ODOCOILEUS_VIRGINIANUS_2022_extracted
ODOCOILEUS_VIRGINIANUS_video_IMG_0105_image005.jpg,9,ODOCOILEUS_VIRGINIANUS,,ODOCOILEUS_VIRGINIANUS_2022_extracted
ODOCOILEUS_VIRGINIANUS_video_IMG_0105_image006.jpg,9,ODOCOILEUS_VIRGINIANUS,,ODOCOILEUS_VIRGINIANUS_2022_extracted
ODOCOILEUS_VIRGINIANUS_video_IMG_0105_image007.jpg,9,ODOCOILEUS_VIRGINIANUS,,ODOCOILEUS_VIRGINIANUS_2022_extracted
ODOCOILEUS_VIRGINIANUS_video_IMG_0105_image008.jpg,9,ODOCOILEUS_VIRGINIANUS,,ODOCOILEUS_VIRGINIANUS_2022_extracted
ODOCOILEUS_VIRGINIANUS_video_IMG_0105_image009.jpg,9,ODOCOILEUS_VIRGINIANUS,,ODOCOILEUS_VIRGINIANUS_2022_extracted
ODOCOILEUS_VIRGINIANUS_video_IMG_0105_image010.jpg,9,ODOCOILEUS_VIRGINIANUS,,ODOCOILEUS_VIRGINIANUS_2022_extracted
ODOCOILEUS_VIRGINIANUS_video_IMG_0232_image001.jpg,9,ODOCOILEUS_VIRGINIANUS,,ODOCOILEUS_VIRGINIANUS_2022_extracted
ODOCOILEUS_VIRGINIANUS_video_IMG_0232_image002.jpg,9,ODOCOILEUS_VIRGINIANUS,,ODOCOILEUS_VIRGINIANUS_2022_extracted
ODOCOILEUS_VIRGINIANUS_video_IMG_0232_image003.jpg,9,ODOCOILEUS_VIRGINIANUS,,ODOCOILEUS_VIRGINIANUS_2022_extracted
ODOCOILEUS_VIRGINIANUS_video_IMG_0232_image004.jpg,9,ODOCOILEUS_VIRGINIANUS,,ODOCOILEUS_VIRGINIANUS_2022_extracted
ODOCOILEUS_VIRGINIANUS_video_IMG_0232_image005.jpg,9,ODOCOILEUS_VIRGINIANUS,,ODOCOILEUS_VIRGINIANUS_2022_extracted
ODOCOILEUS_VIRGINIANUS_video_IMG_0232_image006.jpg,9,ODOCOILEUS_VIRGINIANUS,,ODOCOILEUS_VIRGINIANUS_2022_extracted
ODOCOILEUS_VIRGINIANUS_video_IMG_0232_image007.jpg,9,ODOCOILEUS_VIRGINIANUS,,ODOCOILEUS_VIRGINIANUS_2022_extracted
ODOCOILEUS_VIRGINIANUS_video_IMG_0232_image008.jpg,9,ODOCOILEUS_VIRGINIANUS,,ODOCOILEUS_VIRGINIANUS_2022_extracted
ODOCOILEUS_VIRGINIANUS_video_IMG_0232_image009.jpg,9,ODOCOILEUS_VIRGINIANUS,,ODOCOILEUS_VIRGINIANUS_2022_extracted
ODOCOILEUS_VIRGINIANUS_video_IMG_0232_image010.jpg,9,ODOCOILEUS_VIRGINIANUS,,ODOCOILEUS_VIRGINIANUS_2022_extracted
ODOCOILEUS_VIRGINIANUS_video_IMG_0233_image001.jpg,9,ODOCOILEUS_VIRGINIANUS,,ODOCOILEUS_VIRGINIANUS_2022_extracted
ODOCOILEUS_VIRGINIANUS_video_IMG_0233_image002.jpg,9,ODOCOILEUS_VIRGINIANUS,,ODOCOILEUS_VIRGINIANUS_2022_extracted
ODOCOILEUS_VIRGINIANUS_video_IMG_0233_image003.jpg,9,ODOCOILEUS_VIRGINIANUS,,ODOCOILEUS_VIRGINIANUS_2022_extracted
ODOCOILEUS_VIRGINIANUS_video_IMG_0233_image004.jpg,9,ODOCOILEUS_VIRGINIANUS,,ODOCOILEUS_VIRGINIANUS_2022_extracted
ODOCOILEUS_VIRGINIANUS_video_IMG_0233_image005.jpg,9,ODOCOILEUS_VIRGINIANUS,,ODOCOILEUS_VIRGINIANUS_2022_extracted
ODOCOILEUS_VIRGINIANUS_video_IMG_0233_image006.jpg,9,ODOCOILEUS_VIRGINIANUS,,ODOCOILEUS_VIRGINIANUS_2022_extracted
ODOCOILEUS_VIRGINIANUS_video_IMG_0233_image007.jpg,9,ODOCOILEUS_VIRGINIANUS,,ODOCOILEUS_VIRGINIANUS_2022_extracted
ODOCOILEUS_VIRGINIANUS_video_IMG_0233_image008.jpg,9,ODOCOILEUS_VIRGINIANUS,,ODOCOILEUS_VIRGINIANUS_2022_extracted
ODOCOILEUS_VIRGINIANUS_video_IMG_0233_image009.jpg,9,ODOCOILEUS_VIRGINIANUS,,ODOCOILEUS_VIRGINIANUS_2022_extracted
ODOCOILEUS_VIRGINIANUS_video_IMG_0233_image010.jpg,9,ODOCOILEUS_VIRGINIANUS,,ODOCOILEUS_VIRGINIANUS_2022_extracted
ODOCOILEUS_VIRGINIANUS_video_IMG_0251_image001.jpg,9,ODOCOILEUS_VIRGINIANUS,,ODOCOILEUS_VIRGINIANUS_2022_extracted
ODOCOILEUS_VIRGINIANUS_video_IMG_0251_image002.jpg,9,ODOCOILEUS_VIRGINIANUS,,ODOCOILEUS_VIRGINIANUS_2022_extracted
ODOCOILEUS_VIRGINIANUS_video_IMG_0251_image003.jpg,9,ODOCOILEUS_VIRGINIANUS,,ODOCOILEUS_VIRGINIANUS_2022_extracted
ODOCOILEUS_VIRGINIANUS_video_IMG_0251_image004.jpg,9,ODOCOILEUS_VIRGINIANUS,,ODOCOILEUS_VIRGINIANUS_2022_extracted
ODOCOILEUS_VIRGINIANUS_video_IMG_0251_image005.jpg,9,ODOCOILEUS_VIRGINIANUS,,ODOCOILEUS_VIRGINIANUS_2022_extracted
ODOCOILEUS_VIRGINIANUS_video_IMG_0251_image006.jpg,9,ODOCOILEUS_VIRGINIANUS,,ODOCOILEUS_VIRGINIANUS_2022_extracted
ODOCOILEUS_VIRGINIANUS_video_IMG_0251_image007.jpg,9,ODOCOILEUS_VIRGINIANUS,,ODOCOILEUS_VIRGINIANUS_2022_extracted
ODOCOILEUS_VIRGINIANUS_video_IMG_0251_image008.jpg,9,ODOCOILEUS_VIRGINIANUS,,ODOCOILEUS_VIRGINIANUS_2022_extracted
ODOCOILEUS_VIRGINIANUS_video_IMG_0251_image009.jpg,9,ODOCOILEUS_VIRGINIANUS,,ODOCOILEUS_VIRGINIANUS_2022_extracted
ODOCOILEUS_VIRGINIANUS_video_IMG_0251_image010.jpg,9,ODOCOILEUS_VIRGINIANUS,,ODOCOILEUS_VIRGINIANUS_2022_extracted
ODOCOILEUS_VIRGINIANUS_video_IMG_0327_image001.jpg,9,ODOCOILEUS_VIRGINIANUS,2022-06-12 16:59:31,ODOCOILEUS_VIRGINIANUS_2022_extracted
ODOCOILEUS_VIRGINIANUS_video_IMG_0327_image002.jpg,9,ODOCOILEUS_VIRGINIANUS,2022-06-12 16:59:32,ODOCOILEUS_VIRGINIANUS_2022_extracted
ODOCOILEUS_VIRGINIANUS_video_IMG_0327_image003.jpg,9,ODOCOILEUS_VIRGINIANUS,2022-06-12 16:59:33,ODOCOILEUS_VIRGINIANUS_2022_extracted
ODOCOILEUS_VIRGINIANUS_video_IMG_0327_image004.jpg,9,ODOCOILEUS_VIRGINIANUS,2022-06-12 16:59:34,ODOCOILEUS_VIRGINIANUS_2022_extracted
ODOCOILEUS_VIRGINIANUS_video_IMG_0327_image005.jpg,9,ODOCOILEUS_VIRGINIANUS,2022-06-12 16:59:35,ODOCOILEUS_VIRGINIANUS_2022_extracted
ODOCOILEUS_VIRGINIANUS_video_IMG_0327_image006.jpg,9,ODOCOILEUS_VIRGINIANUS,2022-06-12 16:59:36,ODOCOILEUS_VIRGINIANUS_2022_extracted
ODOCOILEUS_VIRGINIANUS_video_IMG_0327_image007.jpg,9,ODOCOILEUS_VIRGINIANUS,2022-06-12 16:59:37,ODOCOILEUS_VIRGINIANUS_2022_extracted
ODOCOILEUS_VIRGINIANUS_video_IMG_0327_image008.jpg,9,ODOCOILEUS_VIRGINIANUS,2022-06-12 16:59:38,ODOCOILEUS_VIRGINIANUS_2022_extracted
ODOCOILEUS_VIRGINIANUS_video_IMG_0327_image009.jpg,9,ODOCOILEUS_VIRGINIANUS,2022-06-12 16:59:39,ODOCOILEUS_VIRGINIANUS_2022_extracted
ODOCOILEUS_VIRGINIANUS_video_IMG_0327_image010.jpg,9,ODOCOILEUS_VIRGINIANUS,2022-06-12 16:59:40,ODOCOILEUS_VIRGINIANUS_2022_extracted
ODOCOILEUS_VIRGINIANUS_video_IMG_0336_image001.jpg,9,ODOCOILEUS_VIRGINIANUS,2022-07-08 07:26:08,ODOCOILEUS_VIRGINIANUS_2022_extracted
ODOCOILEUS_VIRGINIANUS_video_IMG_0336_image002.jpg,9,ODOCOILEUS_VIRGINIANUS,2022-07-08 07:26:09,ODOCOILEUS_VIRGINIANUS_2022_extracted
ODOCOILEUS_VIRGINIANUS_video_IMG_0336_image003.jpg,9,ODOCOILEUS_VIRGINIANUS,2022-07-08 07:26:10,ODOCOILEUS_VIRGINIANUS_2022_extracted
ODOCOILEUS_VIRGINIANUS_video_IMG_0336_image004.jpg,9,ODOCOILEUS_VIRGINIANUS,2022-07-08 07:26:11,ODOCOILEUS_VIRGINIANUS_2022_extracted
ODOCOILEUS_VIRGINIANUS_video_IMG_0336_image005.jpg,9,ODOCOILEUS_VIRGINIANUS,2022-07-08 07:26:12,ODOCOILEUS_VIRGINIANUS_2022_extracted
ODOCOILEUS_VIRGINIANUS_video_IMG_0336_image006.jpg,9,ODOCOILEUS_VIRGINIANUS,2022-07-08 07:26:13,ODOCOILEUS_VIRGINIANUS_2022_extracted
ODOCOILEUS_VIRGINIANUS_video_IMG_0336_image007.jpg,9,ODOCOILEUS_VIRGINIANUS,2022-07-08 07:26:14,ODOCOILEUS_VIRGINIANUS_2022_extracted
ODOCOILEUS_VIRGINIANUS_video_IMG_0336_image008.jpg,9,ODOCOILEUS_VIRGINIANUS,2022-07-08 07:26:15,ODOCOILEUS_VIRGINIANUS_2022_extracted
ODOCOILEUS_VIRGINIANUS_video_IMG_0336_image009.jpg,9,ODOCOILEUS_VIRGINIANUS,2022-07-08 07:26:16,ODOCOILEUS_VIRGINIANUS_2022_extracted
ODOCOILEUS_VIRGINIANUS_video_IMG_0336_image010.jpg,9,ODOCOILEUS_VIRGINIANUS,2022-07-08 07:26:17,ODOCOILEUS_VIRGINIANUS_2022_extracted
ODOCOILEUS_VIRGINIANUS_video_IMG_0426_image001.jpg,9,ODOCOILEUS_VIRGINIANUS,2022-09-09 10:24:35,ODOCOILEUS_VIRGINIANUS_2022_extracted
ODOCOILEUS_VIRGINIANUS_video_IMG_0426_image002.jpg,9,ODOCOILEUS_VIRGINIANUS,2022-09-09 10:24:36,ODOCOILEUS_VIRGINIANUS_2022_extracted
ODOCOILEUS_VIRGINIANUS_video_IMG_0426_image003.jpg,9,ODOCOILEUS_VIRGINIANUS,2022-09-09 10:24:37,ODOCOILEUS_VIRGINIANUS_2022_extracted
ODOCOILEUS_VIRGINIANUS_video_IMG_0426_image004.jpg,9,ODOCOILEUS_VIRGINIANUS,2022-09-09 10:24:38,ODOCOILEUS_VIRGINIANUS_2022_extracted
ODOCOILEUS_VIRGINIANUS_video_IMG_0426_image005.jpg,9,ODOCOILEUS_VIRGINIANUS,2022-09-09 10:24:39,ODOCOILEUS_VIRGINIANUS_2022_extracted
ODOCOILEUS_VIRGINIANUS_video_IMG_0426_image006.jpg,9,ODOCOILEUS_VIRGINIANUS,2022-09-09 10:24:40,ODOCOILEUS_VIRGINIANUS_2022_extracted
ODOCOILEUS_VIRGINIANUS_video_IMG_0426_image007.jpg,9,ODOCOILEUS_VIRGINIANUS,2022-09-09 10:24:41,ODOCOILEUS_VIRGINIANUS_2022_extracted
ODOCOILEUS_VIRGINIANUS_video_IMG_0426_image008.jpg,9,ODOCOILEUS_VIRGINIANUS,2022-09-09 10:24:42,ODOCOILEUS_VIRGINIANUS_2022_extracted
ODOCOILEUS_VIRGINIANUS_video_IMG_0426_image009.jpg,9,ODOCOILEUS_VIRGINIANUS,2022-09-09 10:24:43,ODOCOILEUS_VIRGINIANUS_2022_extracted
ODOCOILEUS_VIRGINIANUS_video_IMG_0426_image010.jpg,9,ODOCOILEUS_VIRGINIANUS,2022-09-09 10:24:44,ODOCOILEUS_VIRGINIANUS_2022_extracted
ODOCOILEUS_VIRGINIANUS_video_MFDC3055_image001.jpg,9,ODOCOILEUS_VIRGINIANUS,,ODOCOILEUS_VIRGINIANUS_2022_extracted
ODOCOILEUS_VIRGINIANUS_video_MFDC3055_image001.jpg,9,ODOCOILEUS_VIRGINIANUS,,ODOCOILEUS_VIRGINIANUS_2022_extracted
ODOCOILEUS_VIRGINIANUS_video_MFDC3055_image001.jpg,9,ODOCOILEUS_VIRGINIANUS,,ODOCOILEUS_VIRGINIANUS_2022_extracted
ODOCOILEUS_VIRGINIANUS_video_MFDC3055_image002.jpg,9,ODOCOILEUS_VIRGINIANUS,,ODOCOILEUS_VIRGINIANUS_2022_extracted
ODOCOILEUS_VIRGINIANUS_video_MFDC3055_image002.jpg,9,ODOCOILEUS_VIRGINIANUS,,ODOCOILEUS_VIRGINIANUS_2022_extracted
ODOCOILEUS_VIRGINIANUS_video_MFDC3055_image003.jpg,9,ODOCOILEUS_VIRGINIANUS,,ODOCOILEUS_VIRGINIANUS_2022_extracted
ODOCOILEUS_VIRGINIANUS_video_MFDC3055_image003.jpg,9,ODOCOILEUS_VIRGINIANUS,,ODOCOILEUS_VIRGINIANUS_2022_extracted
ODOCOILEUS_VIRGINIANUS_video_MFDC3055_image004.jpg,9,ODOCOILEUS_VIRGINIANUS,,ODOCOILEUS_VIRGINIANUS_2022_extracted
ODOCOILEUS_VIRGINIANUS_video_MFDC3055_image004.jpg,9,ODOCOILEUS_VIRGINIANUS,,ODOCOILEUS_VIRGINIANUS_2022_extracted
ODOCOILEUS_VIRGINIANUS_video_MFDC3055_image005.jpg,9,ODOCOILEUS_VIRGINIANUS,,ODOCOILEUS_VIRGINIANUS_2022_extracted
ODOCOILEUS_VIRGINIANUS_video_MFDC3055_image005.jpg,9,ODOCOILEUS_VIRGINIANUS,,ODOCOILEUS_VIRGINIANUS_2022_extracted
ODOCOILEUS_VIRGINIANUS_video_MFDC3055_image006.jpg,9,ODOCOILEUS_VIRGINIANUS,,ODOCOILEUS_VIRGINIANUS_2022_extracted
ODOCOILEUS_VIRGINIANUS_video_MFDC3055_image006.jpg,9,ODOCOILEUS_VIRGINIANUS,,ODOCOILEUS_VIRGINIANUS_2022_extracted
ODOCOILEUS_VIRGINIANUS_video_MFDC3055_image007.jpg,9,ODOCOILEUS_VIRGINIANUS,,ODOCOILEUS_VIRGINIANUS_2022_extracted
ODOCOILEUS_VIRGINIANUS_video_MFDC3055_image007.jpg,9,ODOCOILEUS_VIRGINIANUS,,ODOCOILEUS_VIRGINIANUS_2022_extracted
ODOCOILEUS_VIRGINIANUS_video_MFDC3055_image007.jpg,9,ODOCOILEUS_VIRGINIANUS,,ODOCOILEUS_VIRGINIANUS_2022_extracted
ODOCOILEUS_VIRGINIANUS_video_MFDC3055_image008.jpg,9,ODOCOILEUS_VIRGINIANUS,,ODOCOILEUS_VIRGINIANUS_2022_extracted
ODOCOILEUS_VIRGINIANUS_video_MFDC3055_image008.jpg,9,ODOCOILEUS_VIRGINIANUS,,ODOCOILEUS_VIRGINIANUS_2022_extracted
ODOCOILEUS_VIRGINIANUS_video_MFDC3055_image008.jpg,9,ODOCOILEUS_VIRGINIANUS,,ODOCOILEUS_VIRGINIANUS_2022_extracted
ODOCOILEUS_VIRGINIANUS_video_MFDC3055_image008.jpg,9,ODOCOILEUS_VIRGINIANUS,,ODOCOILEUS_VIRGINIANUS_2022_extracted
ODOCOILEUS_VIRGINIANUS_video_MFDC3055_image009.jpg,9,ODOCOILEUS_VIRGINIANUS,,ODOCOILEUS_VIRGINIANUS_2022_extracted
ODOCOILEUS_VIRGINIANUS_video_MFDC3055_image009.jpg,9,ODOCOILEUS_VIRGINIANUS,,ODOCOILEUS_VIRGINIANUS_2022_extracted
ODOCOILEUS_VIRGINIANUS_video_MFDC3055_image009.jpg,9,ODOCOILEUS_VIRGINIANUS,,ODOCOILEUS_VIRGINIANUS_2022_extracted
ODOCOILEUS_VIRGINIANUS_video_MFDC3055_image010.jpg,9,ODOCOILEUS_VIRGINIANUS,,ODOCOILEUS_VIRGINIANUS_2022_extracted
ODOCOILEUS_VIRGINIANUS_video_MFDC3055_image010.jpg,9,ODOCOILEUS_VIRGINIANUS,,ODOCOILEUS_VIRGINIANUS_2022_extracted
ODOCOILEUS_VIRGINIANUS_video_MFDC3055_image010.jpg,9,ODOCOILEUS_VIRGINIANUS,,ODOCOILEUS_VIRGINIANUS_2022_extracted
ODOCOILEUS_VIRGINIANUS_video_MFDC3056_image001.jpg,9,ODOCOILEUS_VIRGINIANUS,,ODOCOILEUS_VIRGINIANUS_2022_extracted
ODOCOILEUS_VIRGINIANUS_video_MFDC3056_image001.jpg,9,ODOCOILEUS_VIRGINIANUS,,ODOCOILEUS_VIRGINIANUS_2022_extracted
ODOCOILEUS_VIRGINIANUS_video_MFDC3056_image002.jpg,9,ODOCOILEUS_VIRGINIANUS,,ODOCOILEUS_VIRGINIANUS_2022_extracted
ODOCOILEUS_VIRGINIANUS_video_MFDC3056_image002.jpg,9,ODOCOILEUS_VIRGINIANUS,,ODOCOILEUS_VIRGINIANUS_2022_extracted
ODOCOILEUS_VIRGINIANUS_video_MFDC3056_image003.jpg,9,ODOCOILEUS_VIRGINIANUS,,ODOCOILEUS_VIRGINIANUS_2022_extracted
ODOCOILEUS_VIRGINIANUS_video_MFDC3056_image004.jpg,9,ODOCOILEUS_VIRGINIANUS,,ODOCOILEUS_VIRGINIANUS_2022_extracted
ODOCOILEUS_VIRGINIANUS_video_MFDC3056_image005.jpg,9,ODOCOILEUS_VIRGINIANUS,,ODOCOILEUS_VIRGINIANUS_2022_extracted
ODOCOILEUS_VIRGINIANUS_video_MFDC3056_image006.jpg,9,ODOCOILEUS_VIRGINIANUS,,ODOCOILEUS_VIRGINIANUS_2022_extracted
ODOCOILEUS_VIRGINIANUS_video_MFDC3056_image007.jpg,9,ODOCOILEUS_VIRGINIANUS,,ODOCOILEUS_VIRGINIANUS_2022_extracted
ODOCOILEUS_VIRGINIANUS_video_MFDC3056_image008.jpg,9,ODOCOILEUS_VIRGINIANUS,,ODOCOILEUS_VIRGINIANUS_2022_extracted
ODOCOILEUS_VIRGINIANUS_video_MFDC3056_image009.jpg,9,ODOCOILEUS_VIRGINIANUS,,ODOCOILEUS_VIRGINIANUS_2022_extracted
ODOCOILEUS_VIRGINIANUS_video_MFDC3056_image009.jpg,9,ODOCOILEUS_VIRGINIANUS,,ODOCOILEUS_VIRGINIANUS_2022_extracted
ODOCOILEUS_VIRGINIANUS_video_MFDC3056_image010.jpg,9,ODOCOILEUS_VIRGINIANUS,,ODOCOILEUS_VIRGINIANUS_2022_extracted
ODOCOILEUS_VIRGINIANUS_video_MFDC3056_image010.jpg,9,ODOCOILEUS_VIRGINIANUS,,ODOCOILEUS_VIRGINIANUS_2022_extracted
ODOCOILEUS_VIRGINIANUS_video_MFDC3057_image001.jpg,9,ODOCOILEUS_VIRGINIANUS,,ODOCOILEUS_VIRGINIANUS_2022_extracted
ODOCOILEUS_VIRGINIANUS_video_MFDC3057_image001.jpg,9,ODOCOILEUS_VIRGINIANUS,,ODOCOILEUS_VIRGINIANUS_2022_extracted
ODOCOILEUS_VIRGINIANUS_video_MFDC3057_image002.jpg,9,ODOCOILEUS_VIRGINIANUS,,ODOCOILEUS_VIRGINIANUS_2022_extracted
ODOCOILEUS_VIRGINIANUS_video_MFDC3057_image002.jpg,9,ODOCOILEUS_VIRGINIANUS,,ODOCOILEUS_VIRGINIANUS_2022_extracted
ODOCOILEUS_VIRGINIANUS_video_MFDC3057_image003.jpg,9,ODOCOILEUS_VIRGINIANUS,,ODOCOILEUS_VIRGINIANUS_2022_extracted
ODOCOILEUS_VIRGINIANUS_video_MFDC3057_image003.jpg,9,ODOCOILEUS_VIRGINIANUS,,ODOCOILEUS_VIRGINIANUS_2022_extracted
ODOCOILEUS_VIRGINIANUS_video_MFDC3057_image004.jpg,9,ODOCOILEUS_VIRGINIANUS,,ODOCOILEUS_VIRGINIANUS_2022_extracted
ODOCOILEUS_VIRGINIANUS_video_MFDC3057_image004.jpg,9,ODOCOILEUS_VIRGINIANUS,,ODOCOILEUS_VIRGINIANUS_2022_extracted
ODOCOILEUS_VIRGINIANUS_video_MFDC3057_image005.jpg,9,ODOCOILEUS_VIRGINIANUS,,ODOCOILEUS_VIRGINIANUS_2022_extracted
ODOCOILEUS_VIRGINIANUS_video_MFDC3057_image005.jpg,9,ODOCOILEUS_VIRGINIANUS,,ODOCOILEUS_VIRGINIANUS_2022_extracted
ODOCOILEUS_VIRGINIANUS_video_MFDC3057_image006.jpg,9,ODOCOILEUS_VIRGINIANUS,,ODOCOILEUS_VIRGINIANUS_2022_extracted
ODOCOILEUS_VIRGINIANUS_video_MFDC3057_image006.jpg,9,ODOCOILEUS_VIRGINIANUS,,ODOCOILEUS_VIRGINIANUS_2022_extracted
ODOCOILEUS_VIRGINIANUS_video_MFDC3057_image007.jpg,9,ODOCOILEUS_VIRGINIANUS,,ODOCOILEUS_VIRGINIANUS_2022_extracted
ODOCOILEUS_VIRGINIANUS_video_MFDC3057_image007.jpg,9,ODOCOILEUS_VIRGINIANUS,,ODOCOILEUS_VIRGINIANUS_2022_extracted
ODOCOILEUS_VIRGINIANUS_video_MFDC3057_image008.jpg,9,ODOCOILEUS_VIRGINIANUS,,ODOCOILEUS_VIRGINIANUS_2022_extracted
ODOCOILEUS_VIRGINIANUS_video_MFDC3057_image008.jpg,9,ODOCOILEUS_VIRGINIANUS,,ODOCOILEUS_VIRGINIANUS_2022_extracted
ODOCOILEUS_VIRGINIANUS_video_MFDC3057_image009.jpg,9,ODOCOILEUS_VIRGINIANUS,,ODOCOILEUS_VIRGINIANUS_2022_extracted
ODOCOILEUS_VIRGINIANUS_video_MFDC3057_image010.jpg,9,ODOCOILEUS_VIRGINIANUS,,ODOCOILEUS_VIRGINIANUS_2022_extracted
ODOCOILEUS_VIRGINIANUS_video_MFDC3057_image010.jpg,9,ODOCOILEUS_VIRGINIANUS,,ODOCOILEUS_VIRGINIANUS_2022_extracted
ODOCOILEUS_VIRGINIANUS_video_MFDC3058_image001.jpg,9,ODOCOILEUS_VIRGINIANUS,,ODOCOILEUS_VIRGINIANUS_2022_extracted
ODOCOILEUS_VIRGINIANUS_video_MFDC3058_image001.jpg,9,ODOCOILEUS_VIRGINIANUS,,ODOCOILEUS_VIRGINIANUS_2022_extracted
ODOCOILEUS_VIRGINIANUS_video_MFDC3058_image002.jpg,9,ODOCOILEUS_VIRGINIANUS,,ODOCOILEUS_VIRGINIANUS_2022_extracted
ODOCOILEUS_VIRGINIANUS_video_MFDC3058_image002.jpg,9,ODOCOILEUS_VIRGINIANUS,,ODOCOILEUS_VIRGINIANUS_2022_extracted
ODOCOILEUS_VIRGINIANUS_video_MFDC3058_image003.jpg,9,ODOCOILEUS_VIRGINIANUS,,ODOCOILEUS_VIRGINIANUS_2022_extracted
ODOCOILEUS_VIRGINIANUS_video_MFDC3058_image003.jpg,9,ODOCOILEUS_VIRGINIANUS,,ODOCOILEUS_VIRGINIANUS_2022_extracted
ODOCOILEUS_VIRGINIANUS_video_MFDC3058_image004.jpg,9,ODOCOILEUS_VIRGINIANUS,,ODOCOILEUS_VIRGINIANUS_2022_extracted
ODOCOILEUS_VIRGINIANUS_video_MFDC3058_image005.jpg,9,ODOCOILEUS_VIRGINIANUS,,ODOCOILEUS_VIRGINIANUS_2022_extracted
ODOCOILEUS_VIRGINIANUS_video_MFDC3058_image005.jpg,9,ODOCOILEUS_VIRGINIANUS,,ODOCOILEUS_VIRGINIANUS_2022_extracted
ODOCOILEUS_VIRGINIANUS_video_MFDC3058_image006.jpg,9,ODOCOILEUS_VIRGINIANUS,,ODOCOILEUS_VIRGINIANUS_2022_extracted
ODOCOILEUS_VIRGINIANUS_video_MFDC3058_image007.jpg,9,ODOCOILEUS_VIRGINIANUS,,ODOCOILEUS_VIRGINIANUS_2022_extracted
ODOCOILEUS_VIRGINIANUS_video_MFDC3058_image007.jpg,9,ODOCOILEUS_VIRGINIANUS,,ODOCOILEUS_VIRGINIANUS_2022_extracted
ODOCOILEUS_VIRGINIANUS_video_MFDC3058_image008.jpg,9,ODOCOILEUS_VIRGINIANUS,,ODOCOILEUS_VIRGINIANUS_2022_extracted
ODOCOILEUS_VIRGINIANUS_video_MFDC3058_image009.jpg,9,ODOCOILEUS_VIRGINIANUS,,ODOCOILEUS_VIRGINIANUS_2022_extracted
ODOCOILEUS_VIRGINIANUS_video_MFDC3058_image010.jpg,9,ODOCOILEUS_VIRGINIANUS,,ODOCOILEUS_VIRGINIANUS_2022_extracted
ODOCOILEUS_VIRGINIANUS_video_MFDC3059_image001.jpg,9,ODOCOILEUS_VIRGINIANUS,,ODOCOILEUS_VIRGINIANUS_2022_extracted
ODOCOILEUS_VIRGINIANUS_video_MFDC3059_image001.jpg,9,ODOCOILEUS_VIRGINIANUS,,ODOCOILEUS_VIRGINIANUS_2022_extracted
ODOCOILEUS_VIRGINIANUS_video_MFDC3059_image002.jpg,9,ODOCOILEUS_VIRGINIANUS,,ODOCOILEUS_VIRGINIANUS_2022_extracted
ODOCOILEUS_VIRGINIANUS_video_MFDC3059_image002.jpg,9,ODOCOILEUS_VIRGINIANUS,,ODOCOILEUS_VIRGINIANUS_2022_extracted
ODOCOILEUS_VIRGINIANUS_video_MFDC3059_image003.jpg,9,ODOCOILEUS_VIRGINIANUS,,ODOCOILEUS_VIRGINIANUS_2022_extracted
ODOCOILEUS_VIRGINIANUS_video_MFDC3059_image003.jpg,9,ODOCOILEUS_VIRGINIANUS,,ODOCOILEUS_VIRGINIANUS_2022_extracted
ODOCOILEUS_VIRGINIANUS_video_MFDC3059_image004.jpg,9,ODOCOILEUS_VIRGINIANUS,,ODOCOILEUS_VIRGINIANUS_2022_extracted
ODOCOILEUS_VIRGINIANUS_video_MFDC3059_image004.jpg,9,ODOCOILEUS_VIRGINIANUS,,ODOCOILEUS_VIRGINIANUS_2022_extracted
ODOCOILEUS_VIRGINIANUS_video_MFDC3059_image005.jpg,9,ODOCOILEUS_VIRGINIANUS,,ODOCOILEUS_VIRGINIANUS_2022_extracted
ODOCOILEUS_VIRGINIANUS_video_MFDC3059_image005.jpg,9,ODOCOILEUS_VIRGINIANUS,,ODOCOILEUS_VIRGINIANUS_2022_extracted
ODOCOILEUS_VIRGINIANUS_video_MFDC3059_image006.jpg,9,ODOCOILEUS_VIRGINIANUS,,ODOCOILEUS_VIRGINIANUS_2022_extracted
ODOCOILEUS_VIRGINIANUS_video_MFDC3059_image006.jpg,9,ODOCOILEUS_VIRGINIANUS,,ODOCOILEUS_VIRGINIANUS_2022_extracted
ODOCOILEUS_VIRGINIANUS_video_MFDC3059_image007.jpg,9,ODOCOILEUS_VIRGINIANUS,,ODOCOILEUS_VIRGINIANUS_2022_extracted
ODOCOILEUS_VIRGINIANUS_video_MFDC3059_image007.jpg,9,ODOCOILEUS_VIRGINIANUS,,ODOCOILEUS_VIRGINIANUS_2022_extracted
ODOCOILEUS_VIRGINIANUS_video_MFDC3059_image008.jpg,9,ODOCOILEUS_VIRGINIANUS,,ODOCOILEUS_VIRGINIANUS_2022_extracted
ODOCOILEUS_VIRGINIANUS_video_MFDC3059_image008.jpg,9,ODOCOILEUS_VIRGINIANUS,,ODOCOILEUS_VIRGINIANUS_2022_extracted
ODOCOILEUS_VIRGINIANUS_video_MFDC3059_image009.jpg,9,ODOCOILEUS_VIRGINIANUS,,ODOCOILEUS_VIRGINIANUS_2022_extracted
ODOCOILEUS_VIRGINIANUS_video_MFDC3059_image009.jpg,9,ODOCOILEUS_VIRGINIANUS,,ODOCOILEUS_VIRGINIANUS_2022_extracted
ODOCOILEUS_VIRGINIANUS_video_MFDC3059_image010.jpg,9,ODOCOILEUS_VIRGINIANUS,,ODOCOILEUS_VIRGINIANUS_2022_extracted
ODOCOILEUS_VIRGINIANUS_video_MFDC3059_image010.jpg,9,ODOCOILEUS_VIRGINIANUS,,ODOCOILEUS_VIRGINIANUS_2022_extracted
ODOCOILEUS_VIRGINIANUS_video_MFDC3066_image001.jpg,9,ODOCOILEUS_VIRGINIANUS,,ODOCOILEUS_VIRGINIANUS_2022_extracted
ODOCOILEUS_VIRGINIANUS_video_MFDC3066_image002.jpg,9,ODOCOILEUS_VIRGINIANUS,,ODOCOILEUS_VIRGINIANUS_2022_extracted
ODOCOILEUS_VIRGINIANUS_video_MFDC3066_image003.jpg,9,ODOCOILEUS_VIRGINIANUS,,ODOCOILEUS_VIRGINIANUS_2022_extracted
ODOCOILEUS_VIRGINIANUS_video_MFDC3066_image004.jpg,9,ODOCOILEUS_VIRGINIANUS,,ODOCOILEUS_VIRGINIANUS_2022_extracted
ODOCOILEUS_VIRGINIANUS_video_MFDC3066_image004.jpg,9,ODOCOILEUS_VIRGINIANUS,,ODOCOILEUS_VIRGINIANUS_2022_extracted
ODOCOILEUS_VIRGINIANUS_video_MFDC3066_image004.jpg,9,ODOCOILEUS_VIRGINIANUS,,ODOCOILEUS_VIRGINIANUS_2022_extracted
ODOCOILEUS_VIRGINIANUS_video_MFDC3066_image005.jpg,9,ODOCOILEUS_VIRGINIANUS,,ODOCOILEUS_VIRGINIANUS_2022_extracted
ODOCOILEUS_VIRGINIANUS_video_MFDC3066_image006.jpg,9,ODOCOILEUS_VIRGINIANUS,,ODOCOILEUS_VIRGINIANUS_2022_extracted
ODOCOILEUS_VIRGINIANUS_video_MFDC3066_image007.jpg,9,ODOCOILEUS_VIRGINIANUS,,ODOCOILEUS_VIRGINIANUS_2022_extracted
ODOCOILEUS_VIRGINIANUS_video_MFDC3066_image008.jpg,9,ODOCOILEUS_VIRGINIANUS,,ODOCOILEUS_VIRGINIANUS_2022_extracted
ODOCOILEUS_VIRGINIANUS_video_MFDC3066_image009.jpg,9,ODOCOILEUS_VIRGINIANUS,,ODOCOILEUS_VIRGINIANUS_2022_extracted
ODOCOILEUS_VIRGINIANUS_video_MFDC3066_image010.jpg,9,ODOCOILEUS_VIRGINIANUS,,ODOCOILEUS_VIRGINIANUS_2022_extracted
ODOCOILEUS_VIRGINIANUS_video_MFDC3067_image001.jpg,9,ODOCOILEUS_VIRGINIANUS,,ODOCOILEUS_VIRGINIANUS_2022_extracted
ODOCOILEUS_VIRGINIANUS_video_MFDC3067_image002.jpg,9,ODOCOILEUS_VIRGINIANUS,,ODOCOILEUS_VIRGINIANUS_2022_extracted
ODOCOILEUS_VIRGINIANUS_video_MFDC3067_image003.jpg,9,ODOCOILEUS_VIRGINIANUS,,ODOCOILEUS_VIRGINIANUS_2022_extracted
ODOCOILEUS_VIRGINIANUS_video_MFDC3067_image004.jpg,9,ODOCOILEUS_VIRGINIANUS,,ODOCOILEUS_VIRGINIANUS_2022_extracted
ODOCOILEUS_VIRGINIANUS_video_MFDC3067_image005.jpg,9,ODOCOILEUS_VIRGINIANUS,,ODOCOILEUS_VIRGINIANUS_2022_extracted
ODOCOILEUS_VIRGINIANUS_video_MFDC3067_image006.jpg,9,ODOCOILEUS_VIRGINIANUS,,ODOCOILEUS_VIRGINIANUS_2022_extracted
ODOCOILEUS_VIRGINIANUS_video_MFDC3067_image007.jpg,9,ODOCOILEUS_VIRGINIANUS,,ODOCOILEUS_VIRGINIANUS_2022_extracted
ODOCOILEUS_VIRGINIANUS_video_MFDC3067_image008.jpg,9,ODOCOILEUS_VIRGINIANUS,,ODOCOILEUS_VIRGINIANUS_2022_extracted
ODOCOILEUS_VIRGINIANUS_video_MFDC3067_image009.jpg,9,ODOCOILEUS_VIRGINIANUS,,ODOCOILEUS_VIRGINIANUS_2022_extracted
ODOCOILEUS_VIRGINIANUS_video_MFDC3067_image010.jpg,9,ODOCOILEUS_VIRGINIANUS,,ODOCOILEUS_VIRGINIANUS_2022_extracted
ODOCOILEUS_VIRGINIANUS_video_MFDC3078_image001.jpg,9,ODOCOILEUS_VIRGINIANUS,,ODOCOILEUS_VIRGINIANUS_2022_extracted
ODOCOILEUS_VIRGINIANUS_video_MFDC3078_image002.jpg,9,ODOCOILEUS_VIRGINIANUS,,ODOCOILEUS_VIRGINIANUS_2022_extracted
ODOCOILEUS_VIRGINIANUS_video_MFDC3078_image003.jpg,9,ODOCOILEUS_VIRGINIANUS,,ODOCOILEUS_VIRGINIANUS_2022_extracted
ODOCOILEUS_VIRGINIANUS_video_MFDC3078_image004.jpg,9,ODOCOILEUS_VIRGINIANUS,,ODOCOILEUS_VIRGINIANUS_2022_extracted
ODOCOILEUS_VIRGINIANUS_video_MFDC3078_image005.jpg,9,ODOCOILEUS_VIRGINIANUS,,ODOCOILEUS_VIRGINIANUS_2022_extracted
ODOCOILEUS_VIRGINIANUS_video_MFDC3078_image006.jpg,9,ODOCOILEUS_VIRGINIANUS,,ODOCOILEUS_VIRGINIANUS_2022_extracted
ODOCOILEUS_VIRGINIANUS_video_MFDC3078_image007.jpg,9,ODOCOILEUS_VIRGINIANUS,,ODOCOILEUS_VIRGINIANUS_2022_extracted
ODOCOILEUS_VIRGINIANUS_video_MFDC3078_image008.jpg,9,ODOCOILEUS_VIRGINIANUS,,ODOCOILEUS_VIRGINIANUS_2022_extracted
ODOCOILEUS_VIRGINIANUS_video_MFDC3078_image009.jpg,9,ODOCOILEUS_VIRGINIANUS,,ODOCOILEUS_VIRGINIANUS_2022_extracted
ODOCOILEUS_VIRGINIANUS_video_MFDC3078_image010.jpg,9,ODOCOILEUS_VIRGINIANUS,,ODOCOILEUS_VIRGINIANUS_2022_extracted
ODOCOILEUS_VIRGINIANUS_video_MFDC3079_image001.jpg,9,ODOCOILEUS_VIRGINIANUS,,ODOCOILEUS_VIRGINIANUS_2022_extracted
ODOCOILEUS_VIRGINIANUS_video_MFDC3079_image002.jpg,9,ODOCOILEUS_VIRGINIANUS,,ODOCOILEUS_VIRGINIANUS_2022_extracted
ODOCOILEUS_VIRGINIANUS_video_MFDC3079_image003.jpg,9,ODOCOILEUS_VIRGINIANUS,,ODOCOILEUS_VIRGINIANUS_2022_extracted
ODOCOILEUS_VIRGINIANUS_video_MFDC3079_image004.jpg,9,ODOCOILEUS_VIRGINIANUS,,ODOCOILEUS_VIRGINIANUS_2022_extracted
ODOCOILEUS_VIRGINIANUS_video_MFDC3079_image005.jpg,9,ODOCOILEUS_VIRGINIANUS,,ODOCOILEUS_VIRGINIANUS_2022_extracted
ODOCOILEUS_VIRGINIANUS_video_MFDC3079_image006.jpg,9,ODOCOILEUS_VIRGINIANUS,,ODOCOILEUS_VIRGINIANUS_2022_extracted
ODOCOILEUS_VIRGINIANUS_video_MFDC3079_image007.jpg,9,ODOCOILEUS_VIRGINIANUS,,ODOCOILEUS_VIRGINIANUS_2022_extracted
ODOCOILEUS_VIRGINIANUS_video_MFDC3079_image008.jpg,9,ODOCOILEUS_VIRGINIANUS,,ODOCOILEUS_VIRGINIANUS_2022_extracted
ODOCOILEUS_VIRGINIANUS_video_MFDC3079_image009.jpg,9,ODOCOILEUS_VIRGINIANUS,,ODOCOILEUS_VIRGINIANUS_2022_extracted
ODOCOILEUS_VIRGINIANUS_video_MFDC3079_image010.jpg,9,ODOCOILEUS_VIRGINIANUS,,ODOCOILEUS_VIRGINIANUS_2022_extracted
ODOCOILEUS_VIRGINIANUS_video_MFDC3080_image001.jpg,9,ODOCOILEUS_VIRGINIANUS,,ODOCOILEUS_VIRGINIANUS_2022_extracted
ODOCOILEUS_VIRGINIANUS_video_MFDC3080_image002.jpg,9,ODOCOILEUS_VIRGINIANUS,,ODOCOILEUS_VIRGINIANUS_2022_extracted
ODOCOILEUS_VIRGINIANUS_video_MFDC3080_image003.jpg,9,ODOCOILEUS_VIRGINIANUS,,ODOCOILEUS_VIRGINIANUS_2022_extracted
ODOCOILEUS_VIRGINIANUS_video_MFDC3080_image004.jpg,9,ODOCOILEUS_VIRGINIANUS,,ODOCOILEUS_VIRGINIANUS_2022_extracted
ODOCOILEUS_VIRGINIANUS_video_MFDC3080_image005.jpg,9,ODOCOILEUS_VIRGINIANUS,,ODOCOILEUS_VIRGINIANUS_2022_extracted
ODOCOILEUS_VIRGINIANUS_video_MFDC3080_image006.jpg,9,ODOCOILEUS_VIRGINIANUS,,ODOCOILEUS_VIRGINIANUS_2022_extracted
ODOCOILEUS_VIRGINIANUS_video_MFDC3080_image007.jpg,9,ODOCOILEUS_VIRGINIANUS,,ODOCOILEUS_VIRGINIANUS_2022_extracted
ODOCOILEUS_VIRGINIANUS_video_MFDC3080_image008.jpg,9,ODOCOILEUS_VIRGINIANUS,,ODOCOILEUS_VIRGINIANUS_2022_extracted
ODOCOILEUS_VIRGINIANUS_video_MFDC3080_image009.jpg,9,ODOCOILEUS_VIRGINIANUS,,ODOCOILEUS_VIRGINIANUS_2022_extracted
ODOCOILEUS_VIRGINIANUS_video_MFDC3080_image010.jpg,9,ODOCOILEUS_VIRGINIANUS,,ODOCOILEUS_VIRGINIANUS_2022_extracted
ODOCOILEUS_VIRGINIANUS_video_MFDC3081_image001.jpg,9,ODOCOILEUS_VIRGINIANUS,,ODOCOILEUS_VIRGINIANUS_2022_extracted
ODOCOILEUS_VIRGINIANUS_video_MFDC3081_image002.jpg,9,ODOCOILEUS_VIRGINIANUS,,ODOCOILEUS_VIRGINIANUS_2022_extracted
ODOCOILEUS_VIRGINIANUS_video_MFDC3081_image003.jpg,9,ODOCOILEUS_VIRGINIANUS,,ODOCOILEUS_VIRGINIANUS_2022_extracted
ODOCOILEUS_VIRGINIANUS_video_MFDC3081_image004.jpg,9,ODOCOILEUS_VIRGINIANUS,,ODOCOILEUS_VIRGINIANUS_2022_extracted
ODOCOILEUS_VIRGINIANUS_video_MFDC3081_image005.jpg,9,ODOCOILEUS_VIRGINIANUS,,ODOCOILEUS_VIRGINIANUS_2022_extracted
ODOCOILEUS_VIRGINIANUS_video_MFDC3081_image006.jpg,9,ODOCOILEUS_VIRGINIANUS,,ODOCOILEUS_VIRGINIANUS_2022_extracted
ODOCOILEUS_VIRGINIANUS_video_MFDC3081_image007.jpg,9,ODOCOILEUS_VIRGINIANUS,,ODOCOILEUS_VIRGINIANUS_2022_extracted
ODOCOILEUS_VIRGINIANUS_video_MFDC3081_image008.jpg,9,ODOCOILEUS_VIRGINIANUS,,ODOCOILEUS_VIRGINIANUS_2022_extracted
ODOCOILEUS_VIRGINIANUS_video_MFDC3081_image009.jpg,9,ODOCOILEUS_VIRGINIANUS,,ODOCOILEUS_VIRGINIANUS_2022_extracted
ODOCOILEUS_VIRGINIANUS_video_MFDC3081_image010.jpg,9,ODOCOILEUS_VIRGINIANUS,,ODOCOILEUS_VIRGINIANUS_2022_extracted
ODOCOILEUS_VIRGINIANUS_video_MFDC3082_image001.jpg,9,ODOCOILEUS_VIRGINIANUS,,ODOCOILEUS_VIRGINIANUS_2022_extracted
ODOCOILEUS_VIRGINIANUS_video_MFDC3082_image002.jpg,9,ODOCOILEUS_VIRGINIANUS,,ODOCOILEUS_VIRGINIANUS_2022_extracted
ODOCOILEUS_VIRGINIANUS_video_MFDC3082_image003.jpg,9,ODOCOILEUS_VIRGINIANUS,,ODOCOILEUS_VIRGINIANUS_2022_extracted
ODOCOILEUS_VIRGINIANUS_video_MFDC3082_image004.jpg,9,ODOCOILEUS_VIRGINIANUS,,ODOCOILEUS_VIRGINIANUS_2022_extracted
ODOCOILEUS_VIRGINIANUS_video_MFDC3082_image005.jpg,9,ODOCOILEUS_VIRGINIANUS,,ODOCOILEUS_VIRGINIANUS_2022_extracted
ODOCOILEUS_VIRGINIANUS_video_MFDC3082_image006.jpg,9,ODOCOILEUS_VIRGINIANUS,,ODOCOILEUS_VIRGINIANUS_2022_extracted
ODOCOILEUS_VIRGINIANUS_video_MFDC3082_image007.jpg,9,ODOCOILEUS_VIRGINIANUS,,ODOCOILEUS_VIRGINIANUS_2022_extracted
ODOCOILEUS_VIRGINIANUS_video_MFDC3082_image008.jpg,9,ODOCOILEUS_VIRGINIANUS,,ODOCOILEUS_VIRGINIANUS_2022_extracted
ODOCOILEUS_VIRGINIANUS_video_MFDC3082_image009.jpg,9,ODOCOILEUS_VIRGINIANUS,,ODOCOILEUS_VIRGINIANUS_2022_extracted
ODOCOILEUS_VIRGINIANUS_video_MFDC3082_image010.jpg,9,ODOCOILEUS_VIRGINIANUS,,ODOCOILEUS_VIRGINIANUS_2022_extracted
ODOCOILEUS_VIRGINIANUS_video_MFDC3083_image001.jpg,9,ODOCOILEUS_VIRGINIANUS,,ODOCOILEUS_VIRGINIANUS_2022_extracted
ODOCOILEUS_VIRGINIANUS_video_MFDC3083_image006.jpg,9,ODOCOILEUS_VIRGINIANUS,,ODOCOILEUS_VIRGINIANUS_2022_extracted
ODOCOILEUS_VIRGINIANUS_video_MFDC3083_image006.jpg,9,ODOCOILEUS_VIRGINIANUS,,ODOCOILEUS_VIRGINIANUS_2022_extracted
ODOCOILEUS_VIRGINIANUS_video_MFDC3083_image007.jpg,9,ODOCOILEUS_VIRGINIANUS,,ODOCOILEUS_VIRGINIANUS_2022_extracted
ODOCOILEUS_VIRGINIANUS_video_MFDC3083_image008.jpg,9,ODOCOILEUS_VIRGINIANUS,,ODOCOILEUS_VIRGINIANUS_2022_extracted
ODOCOILEUS_VIRGINIANUS_video_MFDC3083_image009.jpg,9,ODOCOILEUS_VIRGINIANUS,,ODOCOILEUS_VIRGINIANUS_2022_extracted
ODOCOILEUS_VIRGINIANUS_video_MFDC3083_image010.jpg,9,ODOCOILEUS_VIRGINIANUS,,ODOCOILEUS_VIRGINIANUS_2022_extracted
ODOCOILEUS_VIRGINIANUS_video_MFDC3108_image001.jpg,9,ODOCOILEUS_VIRGINIANUS,,ODOCOILEUS_VIRGINIANUS_2022_extracted
ODOCOILEUS_VIRGINIANUS_video_MFDC3108_image002.jpg,9,ODOCOILEUS_VIRGINIANUS,,ODOCOILEUS_VIRGINIANUS_2022_extracted
ODOCOILEUS_VIRGINIANUS_video_MFDC3108_image003.jpg,9,ODOCOILEUS_VIRGINIANUS,,ODOCOILEUS_VIRGINIANUS_2022_extracted
ODOCOILEUS_VIRGINIANUS_video_MFDC3108_image004.jpg,9,ODOCOILEUS_VIRGINIANUS,,ODOCOILEUS_VIRGINIANUS_2022_extracted
ODOCOILEUS_VIRGINIANUS_video_MFDC3108_image005.jpg,9,ODOCOILEUS_VIRGINIANUS,,ODOCOILEUS_VIRGINIANUS_2022_extracted
ODOCOILEUS_VIRGINIANUS_video_MFDC3108_image006.jpg,9,ODOCOILEUS_VIRGINIANUS,,ODOCOILEUS_VIRGINIANUS_2022_extracted
ODOCOILEUS_VIRGINIANUS_video_MFDC3108_image007.jpg,9,ODOCOILEUS_VIRGINIANUS,,ODOCOILEUS_VIRGINIANUS_2022_extracted
ODOCOILEUS_VIRGINIANUS_video_MFDC3108_image008.jpg,9,ODOCOILEUS_VIRGINIANUS,,ODOCOILEUS_VIRGINIANUS_2022_extracted
ODOCOILEUS_VIRGINIANUS_video_MFDC3108_image009.jpg,9,ODOCOILEUS_VIRGINIANUS,,ODOCOILEUS_VIRGINIANUS_2022_extracted
ODOCOILEUS_VIRGINIANUS_video_MFDC3108_image010.jpg,9,ODOCOILEUS_VIRGINIANUS,,ODOCOILEUS_VIRGINIANUS_2022_extracted
ODOCOILEUS_VIRGINIANUS_video_MFDC3303_image001.jpg,9,ODOCOILEUS_VIRGINIANUS,,ODOCOILEUS_VIRGINIANUS_2022_extracted
ODOCOILEUS_VIRGINIANUS_video_MFDC3303_image002.jpg,9,ODOCOILEUS_VIRGINIANUS,,ODOCOILEUS_VIRGINIANUS_2022_extracted
ODOCOILEUS_VIRGINIANUS_video_MFDC3303_image003.jpg,9,ODOCOILEUS_VIRGINIANUS,,ODOCOILEUS_VIRGINIANUS_2022_extracted
ODOCOILEUS_VIRGINIANUS_video_MFDC3303_image003.jpg,9,ODOCOILEUS_VIRGINIANUS,,ODOCOILEUS_VIRGINIANUS_2022_extracted
ODOCOILEUS_VIRGINIANUS_video_MFDC3303_image004.jpg,9,ODOCOILEUS_VIRGINIANUS,,ODOCOILEUS_VIRGINIANUS_2022_extracted
ODOCOILEUS_VIRGINIANUS_video_MFDC3303_image004.jpg,9,ODOCOILEUS_VIRGINIANUS,,ODOCOILEUS_VIRGINIANUS_2022_extracted
ODOCOILEUS_VIRGINIANUS_video_MFDC3303_image005.jpg,9,ODOCOILEUS_VIRGINIANUS,,ODOCOILEUS_VIRGINIANUS_2022_extracted
ODOCOILEUS_VIRGINIANUS_video_MFDC3303_image006.jpg,9,ODOCOILEUS_VIRGINIANUS,,ODOCOILEUS_VIRGINIANUS_2022_extracted
ODOCOILEUS_VIRGINIANUS_video_MFDC3303_image007.jpg,9,ODOCOILEUS_VIRGINIANUS,,ODOCOILEUS_VIRGINIANUS_2022_extracted
ODOCOILEUS_VIRGINIANUS_video_MFDC3304_image002.jpg,9,ODOCOILEUS_VIRGINIANUS,,ODOCOILEUS_VIRGINIANUS_2022_extracted
ODOCOILEUS_VIRGINIANUS_video_MFDC3304_image003.jpg,9,ODOCOILEUS_VIRGINIANUS,,ODOCOILEUS_VIRGINIANUS_2022_extracted
ODOCOILEUS_VIRGINIANUS_video_MFDC3304_image004.jpg,9,ODOCOILEUS_VIRGINIANUS,,ODOCOILEUS_VIRGINIANUS_2022_extracted
ODOCOILEUS_VIRGINIANUS_video_MFDC3304_image005.jpg,9,ODOCOILEUS_VIRGINIANUS,,ODOCOILEUS_VIRGINIANUS_2022_extracted
ODOCOILEUS_VIRGINIANUS_video_MFDC3304_image006.jpg,9,ODOCOILEUS_VIRGINIANUS,,ODOCOILEUS_VIRGINIANUS_2022_extracted
ODOCOILEUS_VIRGINIANUS_video_MFDC3304_image007.jpg,9,ODOCOILEUS_VIRGINIANUS,,ODOCOILEUS_VIRGINIANUS_2022_extracted
ODOCOILEUS_VIRGINIANUS_video_MFDC3304_image008.jpg,9,ODOCOILEUS_VIRGINIANUS,,ODOCOILEUS_VIRGINIANUS_2022_extracted
ODOCOILEUS_VIRGINIANUS_video_MFDC3304_image009.jpg,9,ODOCOILEUS_VIRGINIANUS,,ODOCOILEUS_VIRGINIANUS_2022_extracted
ODOCOILEUS_VIRGINIANUS_video_MFDC3304_image010.jpg,9,ODOCOILEUS_VIRGINIANUS,,ODOCOILEUS_VIRGINIANUS_2022_extracted
ODOCOILEUS_VIRGINIANUS_video_MFDC3305_image001.jpg,9,ODOCOILEUS_VIRGINIANUS,,ODOCOILEUS_VIRGINIANUS_2022_extracted
ODOCOILEUS_VIRGINIANUS_video_MFDC3305_image002.jpg,9,ODOCOILEUS_VIRGINIANUS,,ODOCOILEUS_VIRGINIANUS_2022_extracted
ODOCOILEUS_VIRGINIANUS_video_MFDC3305_image002.jpg,9,ODOCOILEUS_VIRGINIANUS,,ODOCOILEUS_VIRGINIANUS_2022_extracted
ODOCOILEUS_VIRGINIANUS_video_MFDC3305_image003.jpg,9,ODOCOILEUS_VIRGINIANUS,,ODOCOILEUS_VIRGINIANUS_2022_extracted
ODOCOILEUS_VIRGINIANUS_video_MFDC3305_image003.jpg,9,ODOCOILEUS_VIRGINIANUS,,ODOCOILEUS_VIRGINIANUS_2022_extracted
ODOCOILEUS_VIRGINIANUS_video_MFDC3305_image004.jpg,9,ODOCOILEUS_VIRGINIANUS,,ODOCOILEUS_VIRGINIANUS_2022_extracted
ODOCOILEUS_VIRGINIANUS_video_MFDC3305_image004.jpg,9,ODOCOILEUS_VIRGINIANUS,,ODOCOILEUS_VIRGINIANUS_2022_extracted
ODOCOILEUS_VIRGINIANUS_video_MFDC3305_image005.jpg,9,ODOCOILEUS_VIRGINIANUS,,ODOCOILEUS_VIRGINIANUS_2022_extracted
ODOCOILEUS_VIRGINIANUS_video_MFDC3305_image005.jpg,9,ODOCOILEUS_VIRGINIANUS,,ODOCOILEUS_VIRGINIANUS_2022_extracted
ODOCOILEUS_VIRGINIANUS_video_MFDC3305_image006.jpg,9,ODOCOILEUS_VIRGINIANUS,,ODOCOILEUS_VIRGINIANUS_2022_extracted
ODOCOILEUS_VIRGINIANUS_video_MFDC3305_image006.jpg,9,ODOCOILEUS_VIRGINIANUS,,ODOCOILEUS_VIRGINIANUS_2022_extracted
ODOCOILEUS_VIRGINIANUS_video_MFDC3305_image006.jpg,9,ODOCOILEUS_VIRGINIANUS,,ODOCOILEUS_VIRGINIANUS_2022_extracted
ODOCOILEUS_VIRGINIANUS_video_MFDC3305_image007.jpg,9,ODOCOILEUS_VIRGINIANUS,,ODOCOILEUS_VIRGINIANUS_2022_extracted
ODOCOILEUS_VIRGINIANUS_video_MFDC3305_image008.jpg,9,ODOCOILEUS_VIRGINIANUS,,ODOCOILEUS_VIRGINIANUS_2022_extracted
ODOCOILEUS_VIRGINIANUS_video_MFDC3305_image009.jpg,9,ODOCOILEUS_VIRGINIANUS,,ODOCOILEUS_VIRGINIANUS_2022_extracted
ODOCOILEUS_VIRGINIANUS_video_MFDC3305_image009.jpg,9,ODOCOILEUS_VIRGINIANUS,,ODOCOILEUS_VIRGINIANUS_2022_extracted
ODOCOILEUS_VIRGINIANUS_video_MFDC3305_image010.jpg,9,ODOCOILEUS_VIRGINIANUS,,ODOCOILEUS_VIRGINIANUS_2022_extracted
ODOCOILEUS_VIRGINIANUS_video_MFDC3305_image010.jpg,9,ODOCOILEUS_VIRGINIANUS,,ODOCOILEUS_VIRGINIANUS_2022_extracted
ODOCOILEUS_VIRGINIANUS_video_MFDC3316_image001.jpg,9,ODOCOILEUS_VIRGINIANUS,,ODOCOILEUS_VIRGINIANUS_2022_extracted
ODOCOILEUS_VIRGINIANUS_video_MFDC3316_image002.jpg,9,ODOCOILEUS_VIRGINIANUS,,ODOCOILEUS_VIRGINIANUS_2022_extracted
ODOCOILEUS_VIRGINIANUS_video_MFDC3316_image003.jpg,9,ODOCOILEUS_VIRGINIANUS,,ODOCOILEUS_VIRGINIANUS_2022_extracted
ODOCOILEUS_VIRGINIANUS_video_MFDC3316_image004.jpg,9,ODOCOILEUS_VIRGINIANUS,,ODOCOILEUS_VIRGINIANUS_2022_extracted
ODOCOILEUS_VIRGINIANUS_video_MFDC3316_image005.jpg,9,ODOCOILEUS_VIRGINIANUS,,ODOCOILEUS_VIRGINIANUS_2022_extracted
ODOCOILEUS_VIRGINIANUS_video_MFDC3316_image006.jpg,9,ODOCOILEUS_VIRGINIANUS,,ODOCOILEUS_VIRGINIANUS_2022_extracted
ODOCOILEUS_VIRGINIANUS_video_MFDC3316_image007.jpg,9,ODOCOILEUS_VIRGINIANUS,,ODOCOILEUS_VIRGINIANUS_2022_extracted
ODOCOILEUS_VIRGINIANUS_video_MFDC3316_image008.jpg,9,ODOCOILEUS_VIRGINIANUS,,ODOCOILEUS_VIRGINIANUS_2022_extracted
ODOCOILEUS_VIRGINIANUS_video_MFDC3316_image009.jpg,9,ODOCOILEUS_VIRGINIANUS,,ODOCOILEUS_VIRGINIANUS_2022_extracted
ODOCOILEUS_VIRGINIANUS_video_MFDC3316_image010.jpg,9,ODOCOILEUS_VIRGINIANUS,,ODOCOILEUS_VIRGINIANUS_2022_extracted
ODOCOILEUS_VIRGINIANUS_video_MFDC3317_image001.jpg,9,ODOCOILEUS_VIRGINIANUS,,ODOCOILEUS_VIRGINIANUS_2022_extracted
ODOCOILEUS_VIRGINIANUS_video_MFDC3317_image001.jpg,9,ODOCOILEUS_VIRGINIANUS,,ODOCOILEUS_VIRGINIANUS_2022_extracted
ODOCOILEUS_VIRGINIANUS_video_MFDC3317_image001.jpg,9,ODOCOILEUS_VIRGINIANUS,,ODOCOILEUS_VIRGINIANUS_2022_extracted
ODOCOILEUS_VIRGINIANUS_video_MFDC3317_image001.jpg,9,ODOCOILEUS_VIRGINIANUS,,ODOCOILEUS_VIRGINIANUS_2022_extracted
ODOCOILEUS_VIRGINIANUS_video_MFDC3317_image002.jpg,9,ODOCOILEUS_VIRGINIANUS,,ODOCOILEUS_VIRGINIANUS_2022_extracted
ODOCOILEUS_VIRGINIANUS_video_MFDC3317_image003.jpg,9,ODOCOILEUS_VIRGINIANUS,,ODOCOILEUS_VIRGINIANUS_2022_extracted
ODOCOILEUS_VIRGINIANUS_video_MFDC3317_image004.jpg,9,ODOCOILEUS_VIRGINIANUS,,ODOCOILEUS_VIRGINIANUS_2022_extracted
ODOCOILEUS_VIRGINIANUS_video_MFDC3317_image004.jpg,9,ODOCOILEUS_VIRGINIANUS,,ODOCOILEUS_VIRGINIANUS_2022_extracted
ODOCOILEUS_VIRGINIANUS_video_MFDC3317_image005.jpg,9,ODOCOILEUS_VIRGINIANUS,,ODOCOILEUS_VIRGINIANUS_2022_extracted
ODOCOILEUS_VIRGINIANUS_video_MFDC3317_image005.jpg,9,ODOCOILEUS_VIRGINIANUS,,ODOCOILEUS_VIRGINIANUS_2022_extracted
ODOCOILEUS_VIRGINIANUS_video_MFDC3317_image006.jpg,9,ODOCOILEUS_VIRGINIANUS,,ODOCOILEUS_VIRGINIANUS_2022_extracted
ODOCOILEUS_VIRGINIANUS_video_MFDC3317_image007.jpg,9,ODOCOILEUS_VIRGINIANUS,,ODOCOILEUS_VIRGINIANUS_2022_extracted
ODOCOILEUS_VIRGINIANUS_video_MFDC3317_image007.jpg,9,ODOCOILEUS_VIRGINIANUS,,ODOCOILEUS_VIRGINIANUS_2022_extracted
ODOCOILEUS_VIRGINIANUS_video_MFDC3317_image008.jpg,9,ODOCOILEUS_VIRGINIANUS,,ODOCOILEUS_VIRGINIANUS_2022_extracted
ODOCOILEUS_VIRGINIANUS_video_MFDC3317_image008.jpg,9,ODOCOILEUS_VIRGINIANUS,,ODOCOILEUS_VIRGINIANUS_2022_extracted
ODOCOILEUS_VIRGINIANUS_video_MFDC3317_image009.jpg,9,ODOCOILEUS_VIRGINIANUS,,ODOCOILEUS_VIRGINIANUS_2022_extracted
ODOCOILEUS_VIRGINIANUS_video_MFDC3317_image010.jpg,9,ODOCOILEUS_VIRGINIANUS,,ODOCOILEUS_VIRGINIANUS_2022_extracted
ODOCOILEUS_VIRGINIANUS_video_MFDC3318_image001.jpg,9,ODOCOILEUS_VIRGINIANUS,,ODOCOILEUS_VIRGINIANUS_2022_extracted
ODOCOILEUS_VIRGINIANUS_video_MFDC3318_image002.jpg,9,ODOCOILEUS_VIRGINIANUS,,ODOCOILEUS_VIRGINIANUS_2022_extracted
ODOCOILEUS_VIRGINIANUS_video_MFDC3318_image002.jpg,9,ODOCOILEUS_VIRGINIANUS,,ODOCOILEUS_VIRGINIANUS_2022_extracted
ODOCOILEUS_VIRGINIANUS_video_MFDC3318_image003.jpg,9,ODOCOILEUS_VIRGINIANUS,,ODOCOILEUS_VIRGINIANUS_2022_extracted
ODOCOILEUS_VIRGINIANUS_video_MFDC3318_image004.jpg,9,ODOCOILEUS_VIRGINIANUS,,ODOCOILEUS_VIRGINIANUS_2022_extracted
ODOCOILEUS_VIRGINIANUS_video_MFDC3318_image005.jpg,9,ODOCOILEUS_VIRGINIANUS,,ODOCOILEUS_VIRGINIANUS_2022_extracted
ODOCOILEUS_VIRGINIANUS_video_MFDC3318_image006.jpg,9,ODOCOILEUS_VIRGINIANUS,,ODOCOILEUS_VIRGINIANUS_2022_extracted
ODOCOILEUS_VIRGINIANUS_video_MFDC3318_image006.jpg,9,ODOCOILEUS_VIRGINIANUS,,ODOCOILEUS_VIRGINIANUS_2022_extracted
ODOCOILEUS_VIRGINIANUS_video_MFDC3318_image007.jpg,9,ODOCOILEUS_VIRGINIANUS,,ODOCOILEUS_VIRGINIANUS_2022_extracted
ODOCOILEUS_VIRGINIANUS_video_MFDC3318_image008.jpg,9,ODOCOILEUS_VIRGINIANUS,,ODOCOILEUS_VIRGINIANUS_2022_extracted
ODOCOILEUS_VIRGINIANUS_video_MFDC3318_image009.jpg,9,ODOCOILEUS_VIRGINIANUS,,ODOCOILEUS_VIRGINIANUS_2022_extracted
ODOCOILEUS_VIRGINIANUS_video_MFDC3318_image010.jpg,9,ODOCOILEUS_VIRGINIANUS,,ODOCOILEUS_VIRGINIANUS_2022_extracted
ODOCOILEUS_VIRGINIANUS_video_MFDC3319_image001.jpg,9,ODOCOILEUS_VIRGINIANUS,,ODOCOILEUS_VIRGINIANUS_2022_extracted
ODOCOILEUS_VIRGINIANUS_video_MFDC3319_image002.jpg,9,ODOCOILEUS_VIRGINIANUS,,ODOCOILEUS_VIRGINIANUS_2022_extracted
ODOCOILEUS_VIRGINIANUS_video_MFDC3319_image002.jpg,9,ODOCOILEUS_VIRGINIANUS,,ODOCOILEUS_VIRGINIANUS_2022_extracted
ODOCOILEUS_VIRGINIANUS_video_MFDC3319_image003.jpg,9,ODOCOILEUS_VIRGINIANUS,,ODOCOILEUS_VIRGINIANUS_2022_extracted
ODOCOILEUS_VIRGINIANUS_video_MFDC3319_image003.jpg,9,ODOCOILEUS_VIRGINIANUS,,ODOCOILEUS_VIRGINIANUS_2022_extracted
ODOCOILEUS_VIRGINIANUS_video_MFDC3319_image004.jpg,9,ODOCOILEUS_VIRGINIANUS,,ODOCOILEUS_VIRGINIANUS_2022_extracted
ODOCOILEUS_VIRGINIANUS_video_MFDC3319_image005.jpg,9,ODOCOILEUS_VIRGINIANUS,,ODOCOILEUS_VIRGINIANUS_2022_extracted
ODOCOILEUS_VIRGINIANUS_video_MFDC3319_image006.jpg,9,ODOCOILEUS_VIRGINIANUS,,ODOCOILEUS_VIRGINIANUS_2022_extracted
ODOCOILEUS_VIRGINIANUS_video_MFDC3319_image006.jpg,9,ODOCOILEUS_VIRGINIANUS,,ODOCOILEUS_VIRGINIANUS_2022_extracted
ODOCOILEUS_VIRGINIANUS_video_MFDC3319_image007.jpg,9,ODOCOILEUS_VIRGINIANUS,,ODOCOILEUS_VIRGINIANUS_2022_extracted
ODOCOILEUS_VIRGINIANUS_video_MFDC3319_image008.jpg,9,ODOCOILEUS_VIRGINIANUS,,ODOCOILEUS_VIRGINIANUS_2022_extracted
ODOCOILEUS_VIRGINIANUS_video_MFDC3319_image009.jpg,9,ODOCOILEUS_VIRGINIANUS,,ODOCOILEUS_VIRGINIANUS_2022_extracted
ODOCOILEUS_VIRGINIANUS_video_MFDC3319_image009.jpg,9,ODOCOILEUS_VIRGINIANUS,,ODOCOILEUS_VIRGINIANUS_2022_extracted
ODOCOILEUS_VIRGINIANUS_video_MFDC3319_image010.jpg,9,ODOCOILEUS_VIRGINIANUS,,ODOCOILEUS_VIRGINIANUS_2022_extracted
ODOCOILEUS_VIRGINIANUS_video_MFDC3320_image001.jpg,9,ODOCOILEUS_VIRGINIANUS,,ODOCOILEUS_VIRGINIANUS_2022_extracted
ODOCOILEUS_VIRGINIANUS_video_MFDC3320_image002.jpg,9,ODOCOILEUS_VIRGINIANUS,,ODOCOILEUS_VIRGINIANUS_2022_extracted
ODOCOILEUS_VIRGINIANUS_video_MFDC3320_image003.jpg,9,ODOCOILEUS_VIRGINIANUS,,ODOCOILEUS_VIRGINIANUS_2022_extracted
ODOCOILEUS_VIRGINIANUS_video_MFDC3320_image004.jpg,9,ODOCOILEUS_VIRGINIANUS,,ODOCOILEUS_VIRGINIANUS_2022_extracted
ODOCOILEUS_VIRGINIANUS_video_MFDC3320_image005.jpg,9,ODOCOILEUS_VIRGINIANUS,,ODOCOILEUS_VIRGINIANUS_2022_extracted
ODOCOILEUS_VIRGINIANUS_video_MFDC3320_image006.jpg,9,ODOCOILEUS_VIRGINIANUS,,ODOCOILEUS_VIRGINIANUS_2022_extracted
ODOCOILEUS_VIRGINIANUS_video_MFDC3320_image007.jpg,9,ODOCOILEUS_VIRGINIANUS,,ODOCOILEUS_VIRGINIANUS_2022_extracted
ODOCOILEUS_VIRGINIANUS_video_MFDC3320_image008.jpg,9,ODOCOILEUS_VIRGINIANUS,,ODOCOILEUS_VIRGINIANUS_2022_extracted
ODOCOILEUS_VIRGINIANUS_video_MFDC3320_image009.jpg,9,ODOCOILEUS_VIRGINIANUS,,ODOCOILEUS_VIRGINIANUS_2022_extracted
ODOCOILEUS_VIRGINIANUS_video_MFDC3320_image010.jpg,9,ODOCOILEUS_VIRGINIANUS,,ODOCOILEUS_VIRGINIANUS_2022_extracted
ODOCOILEUS_VIRGINIANUS_video_MFDC3454_image001.jpg,9,ODOCOILEUS_VIRGINIANUS,,ODOCOILEUS_VIRGINIANUS_2022_extracted
ODOCOILEUS_VIRGINIANUS_video_MFDC3454_image002.jpg,9,ODOCOILEUS_VIRGINIANUS,,ODOCOILEUS_VIRGINIANUS_2022_extracted
ODOCOILEUS_VIRGINIANUS_video_MFDC3454_image003.jpg,9,ODOCOILEUS_VIRGINIANUS,,ODOCOILEUS_VIRGINIANUS_2022_extracted
ODOCOILEUS_VIRGINIANUS_video_MFDC3454_image004.jpg,9,ODOCOILEUS_VIRGINIANUS,,ODOCOILEUS_VIRGINIANUS_2022_extracted
ODOCOILEUS_VIRGINIANUS_video_MFDC3454_image005.jpg,9,ODOCOILEUS_VIRGINIANUS,,ODOCOILEUS_VIRGINIANUS_2022_extracted
ODOCOILEUS_VIRGINIANUS_video_MFDC3454_image006.jpg,9,ODOCOILEUS_VIRGINIANUS,,ODOCOILEUS_VIRGINIANUS_2022_extracted
ODOCOILEUS_VIRGINIANUS_video_MFDC3454_image007.jpg,9,ODOCOILEUS_VIRGINIANUS,,ODOCOILEUS_VIRGINIANUS_2022_extracted
ODOCOILEUS_VIRGINIANUS_video_MFDC3454_image008.jpg,9,ODOCOILEUS_VIRGINIANUS,,ODOCOILEUS_VIRGINIANUS_2022_extracted
ODOCOILEUS_VIRGINIANUS_video_MFDC3454_image008.jpg,9,ODOCOILEUS_VIRGINIANUS,,ODOCOILEUS_VIRGINIANUS_2022_extracted
ODOCOILEUS_VIRGINIANUS_video_MFDC3454_image009.jpg,9,ODOCOILEUS_VIRGINIANUS,,ODOCOILEUS_VIRGINIANUS_2022_extracted
ODOCOILEUS_VIRGINIANUS_video_MFDC3454_image009.jpg,9,ODOCOILEUS_VIRGINIANUS,,ODOCOILEUS_VIRGINIANUS_2022_extracted
ODOCOILEUS_VIRGINIANUS_video_MFDC3454_image009.jpg,9,ODOCOILEUS_VIRGINIANUS,,ODOCOILEUS_VIRGINIANUS_2022_extracted
ODOCOILEUS_VIRGINIANUS_video_MFDC3454_image010.jpg,9,ODOCOILEUS_VIRGINIANUS,,ODOCOILEUS_VIRGINIANUS_2022_extracted
ODOCOILEUS_VIRGINIANUS_video_MFDC3455_image001.jpg,9,ODOCOILEUS_VIRGINIANUS,,ODOCOILEUS_VIRGINIANUS_2022_extracted
ODOCOILEUS_VIRGINIANUS_video_MFDC3455_image002.jpg,9,ODOCOILEUS_VIRGINIANUS,,ODOCOILEUS_VIRGINIANUS_2022_extracted
ODOCOILEUS_VIRGINIANUS_video_MFDC3455_image003.jpg,9,ODOCOILEUS_VIRGINIANUS,,ODOCOILEUS_VIRGINIANUS_2022_extracted
ODOCOILEUS_VIRGINIANUS_video_MFDC3455_image004.jpg,9,ODOCOILEUS_VIRGINIANUS,,ODOCOILEUS_VIRGINIANUS_2022_extracted
ODOCOILEUS_VIRGINIANUS_video_MFDC3455_image005.jpg,9,ODOCOILEUS_VIRGINIANUS,,ODOCOILEUS_VIRGINIANUS_2022_extracted
ODOCOILEUS_VIRGINIANUS_video_MFDC3455_image006.jpg,9,ODOCOILEUS_VIRGINIANUS,,ODOCOILEUS_VIRGINIANUS_2022_extracted
ODOCOILEUS_VIRGINIANUS_video_MFDC3455_image007.jpg,9,ODOCOILEUS_VIRGINIANUS,,ODOCOILEUS_VIRGINIANUS_2022_extracted
ODOCOILEUS_VIRGINIANUS_video_MFDC3455_image008.jpg,9,ODOCOILEUS_VIRGINIANUS,,ODOCOILEUS_VIRGINIANUS_2022_extracted
ODOCOILEUS_VIRGINIANUS_video_MFDC3455_image009.jpg,9,ODOCOILEUS_VIRGINIANUS,,ODOCOILEUS_VIRGINIANUS_2022_extracted
ODOCOILEUS_VIRGINIANUS_video_MFDC3455_image010.jpg,9,ODOCOILEUS_VIRGINIANUS,,ODOCOILEUS_VIRGINIANUS_2022_extracted
ODOCOILEUS_VIRGINIANUS_video_MFDC3600_image001.jpg,9,ODOCOILEUS_VIRGINIANUS,,ODOCOILEUS_VIRGINIANUS_2022_extracted
ODOCOILEUS_VIRGINIANUS_video_MFDC3600_image001.jpg,9,ODOCOILEUS_VIRGINIANUS,,ODOCOILEUS_VIRGINIANUS_2022_extracted
ODOCOILEUS_VIRGINIANUS_video_MFDC3600_image002.jpg,9,ODOCOILEUS_VIRGINIANUS,,ODOCOILEUS_VIRGINIANUS_2022_extracted
ODOCOILEUS_VIRGINIANUS_video_MFDC3600_image002.jpg,9,ODOCOILEUS_VIRGINIANUS,,ODOCOILEUS_VIRGINIANUS_2022_extracted
ODOCOILEUS_VIRGINIANUS_video_MFDC3600_image003.jpg,9,ODOCOILEUS_VIRGINIANUS,,ODOCOILEUS_VIRGINIANUS_2022_extracted
ODOCOILEUS_VIRGINIANUS_video_MFDC3600_image003.jpg,9,ODOCOILEUS_VIRGINIANUS,,ODOCOILEUS_VIRGINIANUS_2022_extracted
ODOCOILEUS_VIRGINIANUS_video_MFDC3600_image004.jpg,9,ODOCOILEUS_VIRGINIANUS,,ODOCOILEUS_VIRGINIANUS_2022_extracted
ODOCOILEUS_VIRGINIANUS_video_MFDC3600_image004.jpg,9,ODOCOILEUS_VIRGINIANUS,,ODOCOILEUS_VIRGINIANUS_2022_extracted
ODOCOILEUS_VIRGINIANUS_video_MFDC3600_image005.jpg,9,ODOCOILEUS_VIRGINIANUS,,ODOCOILEUS_VIRGINIANUS_2022_extracted
ODOCOILEUS_VIRGINIANUS_video_MFDC3600_image006.jpg,9,ODOCOILEUS_VIRGINIANUS,,ODOCOILEUS_VIRGINIANUS_2022_extracted
ODOCOILEUS_VIRGINIANUS_video_MFDC3600_image007.jpg,9,ODOCOILEUS_VIRGINIANUS,,ODOCOILEUS_VIRGINIANUS_2022_extracted
ODOCOILEUS_VIRGINIANUS_video_MFDC3600_image008.jpg,9,ODOCOILEUS_VIRGINIANUS,,ODOCOILEUS_VIRGINIANUS_2022_extracted
ODOCOILEUS_VIRGINIANUS_video_MFDC3600_image009.jpg,9,ODOCOILEUS_VIRGINIANUS,,ODOCOILEUS_VIRGINIANUS_2022_extracted
ODOCOILEUS_VIRGINIANUS_video_MFDC3600_image010.jpg,9,ODOCOILEUS_VIRGINIANUS,,ODOCOILEUS_VIRGINIANUS_2022_extracted
ODOCOILEUS_VIRGINIANUS_video_MFDC3600_image010.jpg,9,ODOCOILEUS_VIRGINIANUS,,ODOCOILEUS_VIRGINIANUS_2022_extracted
ODOCOILEUS_VIRGINIANUS_video_MFDC3602_image001.jpg,9,ODOCOILEUS_VIRGINIANUS,,ODOCOILEUS_VIRGINIANUS_2022_extracted
ODOCOILEUS_VIRGINIANUS_video_MFDC3602_image002.jpg,9,ODOCOILEUS_VIRGINIANUS,,ODOCOILEUS_VIRGINIANUS_2022_extracted
ODOCOILEUS_VIRGINIANUS_video_MFDC3602_image002.jpg,9,ODOCOILEUS_VIRGINIANUS,,ODOCOILEUS_VIRGINIANUS_2022_extracted
ODOCOILEUS_VIRGINIANUS_video_MFDC3602_image003.jpg,9,ODOCOILEUS_VIRGINIANUS,,ODOCOILEUS_VIRGINIANUS_2022_extracted
ODOCOILEUS_VIRGINIANUS_video_MFDC3602_image004.jpg,9,ODOCOILEUS_VIRGINIANUS,,ODOCOILEUS_VIRGINIANUS_2022_extracted
ODOCOILEUS_VIRGINIANUS_video_MFDC3602_image004.jpg,9,ODOCOILEUS_VIRGINIANUS,,ODOCOILEUS_VIRGINIANUS_2022_extracted
ODOCOILEUS_VIRGINIANUS_video_MFDC3602_image005.jpg,9,ODOCOILEUS_VIRGINIANUS,,ODOCOILEUS_VIRGINIANUS_2022_extracted
ODOCOILEUS_VIRGINIANUS_video_MFDC3602_image005.jpg,9,ODOCOILEUS_VIRGINIANUS,,ODOCOILEUS_VIRGINIANUS_2022_extracted
ODOCOILEUS_VIRGINIANUS_video_MFDC3602_image006.jpg,9,ODOCOILEUS_VIRGINIANUS,,ODOCOILEUS_VIRGINIANUS_2022_extracted
ODOCOILEUS_VIRGINIANUS_video_MFDC3602_image007.jpg,9,ODOCOILEUS_VIRGINIANUS,,ODOCOILEUS_VIRGINIANUS_2022_extracted
ODOCOILEUS_VIRGINIANUS_video_MFDC3602_image008.jpg,9,ODOCOILEUS_VIRGINIANUS,,ODOCOILEUS_VIRGINIANUS_2022_extracted
ODOCOILEUS_VIRGINIANUS_video_MFDC3602_image009.jpg,9,ODOCOILEUS_VIRGINIANUS,,ODOCOILEUS_VIRGINIANUS_2022_extracted
ODOCOILEUS_VIRGINIANUS_video_MFDC3602_image009.jpg,9,ODOCOILEUS_VIRGINIANUS,,ODOCOILEUS_VIRGINIANUS_2022_extracted
ODOCOILEUS_VIRGINIANUS_video_MFDC3602_image010.jpg,9,ODOCOILEUS_VIRGINIANUS,,ODOCOILEUS_VIRGINIANUS_2022_extracted
ODOCOILEUS_VIRGINIANUS_video_MFDC3602_image010.jpg,9,ODOCOILEUS_VIRGINIANUS,,ODOCOILEUS_VIRGINIANUS_2022_extracted
ODOCOILEUS_VIRGINIANUS_video_MFDC3603_image001.jpg,9,ODOCOILEUS_VIRGINIANUS,,ODOCOILEUS_VIRGINIANUS_2022_extracted
ODOCOILEUS_VIRGINIANUS_video_MFDC3603_image001.jpg,9,ODOCOILEUS_VIRGINIANUS,,ODOCOILEUS_VIRGINIANUS_2022_extracted
ODOCOILEUS_VIRGINIANUS_video_MFDC3603_image002.jpg,9,ODOCOILEUS_VIRGINIANUS,,ODOCOILEUS_VIRGINIANUS_2022_extracted
ODOCOILEUS_VIRGINIANUS_video_MFDC3603_image002.jpg,9,ODOCOILEUS_VIRGINIANUS,,ODOCOILEUS_VIRGINIANUS_2022_extracted
ODOCOILEUS_VIRGINIANUS_video_MFDC3603_image003.jpg,9,ODOCOILEUS_VIRGINIANUS,,ODOCOILEUS_VIRGINIANUS_2022_extracted
ODOCOILEUS_VIRGINIANUS_video_MFDC3603_image003.jpg,9,ODOCOILEUS_VIRGINIANUS,,ODOCOILEUS_VIRGINIANUS_2022_extracted
ODOCOILEUS_VIRGINIANUS_video_MFDC3603_image003.jpg,9,ODOCOILEUS_VIRGINIANUS,,ODOCOILEUS_VIRGINIANUS_2022_extracted
ODOCOILEUS_VIRGINIANUS_video_MFDC3603_image004.jpg,9,ODOCOILEUS_VIRGINIANUS,,ODOCOILEUS_VIRGINIANUS_2022_extracted
ODOCOILEUS_VIRGINIANUS_video_MFDC3603_image004.jpg,9,ODOCOILEUS_VIRGINIANUS,,ODOCOILEUS_VIRGINIANUS_2022_extracted
ODOCOILEUS_VIRGINIANUS_video_MFDC3603_image005.jpg,9,ODOCOILEUS_VIRGINIANUS,,ODOCOILEUS_VIRGINIANUS_2022_extracted
ODOCOILEUS_VIRGINIANUS_video_MFDC3603_image005.jpg,9,ODOCOILEUS_VIRGINIANUS,,ODOCOILEUS_VIRGINIANUS_2022_extracted
ODOCOILEUS_VIRGINIANUS_video_MFDC3603_image005.jpg,9,ODOCOILEUS_VIRGINIANUS,,ODOCOILEUS_VIRGINIANUS_2022_extracted
ODOCOILEUS_VIRGINIANUS_video_MFDC3603_image006.jpg,9,ODOCOILEUS_VIRGINIANUS,,ODOCOILEUS_VIRGINIANUS_2022_extracted
ODOCOILEUS_VIRGINIANUS_video_MFDC3603_image006.jpg,9,ODOCOILEUS_VIRGINIANUS,,ODOCOILEUS_VIRGINIANUS_2022_extracted
ODOCOILEUS_VIRGINIANUS_video_MFDC3603_image006.jpg,9,ODOCOILEUS_VIRGINIANUS,,ODOCOILEUS_VIRGINIANUS_2022_extracted
ODOCOILEUS_VIRGINIANUS_video_MFDC3603_image007.jpg,9,ODOCOILEUS_VIRGINIANUS,,ODOCOILEUS_VIRGINIANUS_2022_extracted
ODOCOILEUS_VIRGINIANUS_video_MFDC3603_image007.jpg,9,ODOCOILEUS_VIRGINIANUS,,ODOCOILEUS_VIRGINIANUS_2022_extracted
ODOCOILEUS_VIRGINIANUS_video_MFDC3603_image007.jpg,9,ODOCOILEUS_VIRGINIANUS,,ODOCOILEUS_VIRGINIANUS_2022_extracted
ODOCOILEUS_VIRGINIANUS_video_MFDC3603_image008.jpg,9,ODOCOILEUS_VIRGINIANUS,,ODOCOILEUS_VIRGINIANUS_2022_extracted
ODOCOILEUS_VIRGINIANUS_video_MFDC3603_image008.jpg,9,ODOCOILEUS_VIRGINIANUS,,ODOCOILEUS_VIRGINIANUS_2022_extracted
ODOCOILEUS_VIRGINIANUS_video_MFDC3603_image008.jpg,9,ODOCOILEUS_VIRGINIANUS,,ODOCOILEUS_VIRGINIANUS_2022_extracted
ODOCOILEUS_VIRGINIANUS_video_MFDC3603_image008.jpg,9,ODOCOILEUS_VIRGINIANUS,,ODOCOILEUS_VIRGINIANUS_2022_extracted
ODOCOILEUS_VIRGINIANUS_video_MFDC3603_image009.jpg,9,ODOCOILEUS_VIRGINIANUS,,ODOCOILEUS_VIRGINIANUS_2022_extracted
ODOCOILEUS_VIRGINIANUS_video_MFDC3603_image009.jpg,9,ODOCOILEUS_VIRGINIANUS,,ODOCOILEUS_VIRGINIANUS_2022_extracted
ODOCOILEUS_VIRGINIANUS_video_MFDC3603_image010.jpg,9,ODOCOILEUS_VIRGINIANUS,,ODOCOILEUS_VIRGINIANUS_2022_extracted
ODOCOILEUS_VIRGINIANUS_video_MFDC3603_image010.jpg,9,ODOCOILEUS_VIRGINIANUS,,ODOCOILEUS_VIRGINIANUS_2022_extracted
ODOCOILEUS_VIRGINIANUS_video_MFDC3603_image010.jpg,9,ODOCOILEUS_VIRGINIANUS,,ODOCOILEUS_VIRGINIANUS_2022_extracted
ODOCOILEUS_VIRGINIANUS_video_MFDC3613_image001.jpg,9,ODOCOILEUS_VIRGINIANUS,,ODOCOILEUS_VIRGINIANUS_2022_extracted
ODOCOILEUS_VIRGINIANUS_video_MFDC3613_image002.jpg,9,ODOCOILEUS_VIRGINIANUS,,ODOCOILEUS_VIRGINIANUS_2022_extracted
ODOCOILEUS_VIRGINIANUS_video_MFDC3613_image003.jpg,9,ODOCOILEUS_VIRGINIANUS,,ODOCOILEUS_VIRGINIANUS_2022_extracted
ODOCOILEUS_VIRGINIANUS_video_MFDC3613_image004.jpg,9,ODOCOILEUS_VIRGINIANUS,,ODOCOILEUS_VIRGINIANUS_2022_extracted
ODOCOILEUS_VIRGINIANUS_video_MFDC3613_image005.jpg,9,ODOCOILEUS_VIRGINIANUS,,ODOCOILEUS_VIRGINIANUS_2022_extracted
ODOCOILEUS_VIRGINIANUS_video_MFDC3613_image006.jpg,9,ODOCOILEUS_VIRGINIANUS,,ODOCOILEUS_VIRGINIANUS_2022_extracted
ODOCOILEUS_VIRGINIANUS_video_MFDC3613_image007.jpg,9,ODOCOILEUS_VIRGINIANUS,,ODOCOILEUS_VIRGINIANUS_2022_extracted
ODOCOILEUS_VIRGINIANUS_video_MFDC3613_image008.jpg,9,ODOCOILEUS_VIRGINIANUS,,ODOCOILEUS_VIRGINIANUS_2022_extracted
ODOCOILEUS_VIRGINIANUS_video_MFDC3613_image009.jpg,9,ODOCOILEUS_VIRGINIANUS,,ODOCOILEUS_VIRGINIANUS_2022_extracted
ODOCOILEUS_VIRGINIANUS_video_MFDC3613_image010.jpg,9,ODOCOILEUS_VIRGINIANUS,,ODOCOILEUS_VIRGINIANUS_2022_extracted
ODOCOILEUS_VIRGINIANUS_video_MFDC3623_image001.jpg,9,ODOCOILEUS_VIRGINIANUS,,ODOCOILEUS_VIRGINIANUS_2022_extracted
ODOCOILEUS_VIRGINIANUS_video_MFDC3623_image002.jpg,9,ODOCOILEUS_VIRGINIANUS,,ODOCOILEUS_VIRGINIANUS_2022_extracted
ODOCOILEUS_VIRGINIANUS_video_MFDC3623_image003.jpg,9,ODOCOILEUS_VIRGINIANUS,,ODOCOILEUS_VIRGINIANUS_2022_extracted
ODOCOILEUS_VIRGINIANUS_video_MFDC3623_image004.jpg,9,ODOCOILEUS_VIRGINIANUS,,ODOCOILEUS_VIRGINIANUS_2022_extracted
ODOCOILEUS_VIRGINIANUS_video_MFDC3623_image005.jpg,9,ODOCOILEUS_VIRGINIANUS,,ODOCOILEUS_VIRGINIANUS_2022_extracted
ODOCOILEUS_VIRGINIANUS_video_MFDC3623_image006.jpg,9,ODOCOILEUS_VIRGINIANUS,,ODOCOILEUS_VIRGINIANUS_2022_extracted
ODOCOILEUS_VIRGINIANUS_video_MFDC3623_image007.jpg,9,ODOCOILEUS_VIRGINIANUS,,ODOCOILEUS_VIRGINIANUS_2022_extracted
ODOCOILEUS_VIRGINIANUS_video_MFDC3623_image008.jpg,9,ODOCOILEUS_VIRGINIANUS,,ODOCOILEUS_VIRGINIANUS_2022_extracted
ODOCOILEUS_VIRGINIANUS_video_MFDC3623_image009.jpg,9,ODOCOILEUS_VIRGINIANUS,,ODOCOILEUS_VIRGINIANUS_2022_extracted
ODOCOILEUS_VIRGINIANUS_video_MFDC3623_image010.jpg,9,ODOCOILEUS_VIRGINIANUS,,ODOCOILEUS_VIRGINIANUS_2022_extracted
ODOCOILEUS_VIRGINIANUS_video_MFDC3652_image001.jpg,9,ODOCOILEUS_VIRGINIANUS,,ODOCOILEUS_VIRGINIANUS_2022_extracted
ODOCOILEUS_VIRGINIANUS_video_MFDC3652_image002.jpg,9,ODOCOILEUS_VIRGINIANUS,,ODOCOILEUS_VIRGINIANUS_2022_extracted
ODOCOILEUS_VIRGINIANUS_video_MFDC3652_image003.jpg,9,ODOCOILEUS_VIRGINIANUS,,ODOCOILEUS_VIRGINIANUS_2022_extracted
ODOCOILEUS_VIRGINIANUS_video_MFDC3652_image004.jpg,9,ODOCOILEUS_VIRGINIANUS,,ODOCOILEUS_VIRGINIANUS_2022_extracted
ODOCOILEUS_VIRGINIANUS_video_MFDC3652_image005.jpg,9,ODOCOILEUS_VIRGINIANUS,,ODOCOILEUS_VIRGINIANUS_2022_extracted
ODOCOILEUS_VIRGINIANUS_video_MFDC3652_image006.jpg,9,ODOCOILEUS_VIRGINIANUS,,ODOCOILEUS_VIRGINIANUS_2022_extracted
ODOCOILEUS_VIRGINIANUS_video_MFDC3652_image007.jpg,9,ODOCOILEUS_VIRGINIANUS,,ODOCOILEUS_VIRGINIANUS_2022_extracted
ODOCOILEUS_VIRGINIANUS_video_MFDC3652_image008.jpg,9,ODOCOILEUS_VIRGINIANUS,,ODOCOILEUS_VIRGINIANUS_2022_extracted
ODOCOILEUS_VIRGINIANUS_video_MFDC3652_image009.jpg,9,ODOCOILEUS_VIRGINIANUS,,ODOCOILEUS_VIRGINIANUS_2022_extracted
ODOCOILEUS_VIRGINIANUS_video_MFDC3652_image010.jpg,9,ODOCOILEUS_VIRGINIANUS,,ODOCOILEUS_VIRGINIANUS_2022_extracted
ODOCOILEUS_VIRGINIANUS_video_MFDC3740_image001.jpg,9,ODOCOILEUS_VIRGINIANUS,,ODOCOILEUS_VIRGINIANUS_2022_extracted
ODOCOILEUS_VIRGINIANUS_video_MFDC3740_image002.jpg,9,ODOCOILEUS_VIRGINIANUS,,ODOCOILEUS_VIRGINIANUS_2022_extracted
ODOCOILEUS_VIRGINIANUS_video_MFDC3740_image003.jpg,9,ODOCOILEUS_VIRGINIANUS,,ODOCOILEUS_VIRGINIANUS_2022_extracted
ODOCOILEUS_VIRGINIANUS_video_MFDC3740_image004.jpg,9,ODOCOILEUS_VIRGINIANUS,,ODOCOILEUS_VIRGINIANUS_2022_extracted
ODOCOILEUS_VIRGINIANUS_video_MFDC3740_image005.jpg,9,ODOCOILEUS_VIRGINIANUS,,ODOCOILEUS_VIRGINIANUS_2022_extracted
ODOCOILEUS_VIRGINIANUS_video_MFDC3740_image006.jpg,9,ODOCOILEUS_VIRGINIANUS,,ODOCOILEUS_VIRGINIANUS_2022_extracted
ODOCOILEUS_VIRGINIANUS_video_MFDC3740_image007.jpg,9,ODOCOILEUS_VIRGINIANUS,,ODOCOILEUS_VIRGINIANUS_2022_extracted
ODOCOILEUS_VIRGINIANUS_video_MFDC3740_image008.jpg,9,ODOCOILEUS_VIRGINIANUS,,ODOCOILEUS_VIRGINIANUS_2022_extracted
ODOCOILEUS_VIRGINIANUS_video_MFDC3740_image009.jpg,9,ODOCOILEUS_VIRGINIANUS,,ODOCOILEUS_VIRGINIANUS_2022_extracted
ODOCOILEUS_VIRGINIANUS_video_MFDC3740_image010.jpg,9,ODOCOILEUS_VIRGINIANUS,,ODOCOILEUS_VIRGINIANUS_2022_extracted
ROEDORES_video_IMG_0024_image001.jpg,19,ROEDORES,2022-05-24 00:15:00,ROEDORES_extracted
ROEDORES_video_IMG_0024_image002.jpg,19,ROEDORES,2022-05-24 00:15:01,ROEDORES_extracted
ROEDORES_video_IMG_0024_image003.jpg,19,ROEDORES,2022-05-24 00:15:02,ROEDORES_extracted
ROEDORES_video_IMG_0024_image004.jpg,19,ROEDORES,2022-05-24 00:15:03,ROEDORES_extracted
ROEDORES_video_IMG_0024_image005.jpg,19,ROEDORES,2022-05-24 00:15:04,ROEDORES_extracted
ROEDORES_video_IMG_0024_image006.jpg,19,ROEDORES,2022-05-24 00:15:05,ROEDORES_extracted
ROEDORES_video_IMG_0024_image006.jpg,19,ROEDORES,2022-05-24 00:15:05,ROEDORES_extracted
ROEDORES_video_IMG_0024_image007.jpg,19,ROEDORES,2022-05-24 00:15:06,ROEDORES_extracted
ROEDORES_video_IMG_0024_image008.jpg,19,ROEDORES,2022-05-24 00:15:07,ROEDORES_extracted
ROEDORES_video_IMG_0024_image008.jpg,19,ROEDORES,2022-05-24 00:15:07,ROEDORES_extracted
ROEDORES_video_IMG_0024_image009.jpg,19,ROEDORES,2022-05-24 00:15:08,ROEDORES_extracted
ROEDORES_video_IMG_0024_image010.jpg,19,ROEDORES,2022-05-24 00:15:09,ROEDORES_extracted
ROEDORES_video_IMG_0029_image001.jpg,19,ROEDORES,2022-05-31 03:53:41,ROEDORES_extracted
ROEDORES_video_IMG_0029_image002.jpg,19,ROEDORES,2022-05-31 03:53:42,ROEDORES_extracted
ROEDORES_video_IMG_0029_image003.jpg,19,ROEDORES,2022-05-31 03:53:43,ROEDORES_extracted
ROEDORES_video_IMG_0029_image004.jpg,19,ROEDORES,2022-05-31 03:53:44,ROEDORES_extracted
ROEDORES_video_IMG_0029_image005.jpg,19,ROEDORES,2022-05-31 03:53:45,ROEDORES_extracted
ROEDORES_video_IMG_0029_image005.jpg,19,ROEDORES,2022-05-31 03:53:45,ROEDORES_extracted
ROEDORES_video_IMG_0029_image006.jpg,19,ROEDORES,2022-05-31 03:53:46,ROEDORES_extracted
ROEDORES_video_IMG_0029_image006.jpg,19,ROEDORES,2022-05-31 03:53:46,ROEDORES_extracted
ROEDORES_video_IMG_0029_image006.jpg,19,ROEDORES,2022-05-31 03:53:46,ROEDORES_extracted
ROEDORES_video_IMG_0029_image007.jpg,19,ROEDORES,2022-05-31 03:53:47,ROEDORES_extracted
ROEDORES_video_IMG_0029_image008.jpg,19,ROEDORES,2022-05-31 03:53:48,ROEDORES_extracted
ROEDORES_video_IMG_0029_image009.jpg,19,ROEDORES,2022-05-31 03:53:49,ROEDORES_extracted
ROEDORES_video_IMG_0029_image009.jpg,19,ROEDORES,2022-05-31 03:53:49,ROEDORES_extracted
ROEDORES_video_IMG_0029_image010.jpg,19,ROEDORES,2022-05-31 03:53:50,ROEDORES_extracted
ROEDORES_video_IMG_0061_image001.jpg,19,ROEDORES,,ROEDORES_extracted
ROEDORES_video_IMG_0061_image002.jpg,19,ROEDORES,,ROEDORES_extracted
ROEDORES_video_IMG_0061_image002.jpg,19,ROEDORES,,ROEDORES_extracted
ROEDORES_video_IMG_0061_image003.jpg,19,ROEDORES,,ROEDORES_extracted
ROEDORES_video_IMG_0061_image004.jpg,19,ROEDORES,,ROEDORES_extracted
ROEDORES_video_IMG_0061_image005.jpg,19,ROEDORES,,ROEDORES_extracted
ROEDORES_video_IMG_0061_image006.jpg,19,ROEDORES,,ROEDORES_extracted
ROEDORES_video_IMG_0061_image007.jpg,19,ROEDORES,,ROEDORES_extracted
ROEDORES_video_IMG_0061_image008.jpg,19,ROEDORES,,ROEDORES_extracted
ROEDORES_video_IMG_0061_image009.jpg,19,ROEDORES,,ROEDORES_extracted
ROEDORES_video_IMG_0061_image010.jpg,19,ROEDORES,,ROEDORES_extracted
ROEDORES_video_IMG_0062_image001.jpg,19,ROEDORES,,ROEDORES_extracted
ROEDORES_video_IMG_0062_image001.jpg,19,ROEDORES,,ROEDORES_extracted
ROEDORES_video_IMG_0062_image002.jpg,19,ROEDORES,,ROEDORES_extracted
ROEDORES_video_IMG_0062_image003.jpg,19,ROEDORES,,ROEDORES_extracted
ROEDORES_video_IMG_0062_image004.jpg,19,ROEDORES,,ROEDORES_extracted
ROEDORES_video_IMG_0062_image005.jpg,19,ROEDORES,,ROEDORES_extracted
ROEDORES_video_IMG_0062_image006.jpg,19,ROEDORES,,ROEDORES_extracted
ROEDORES_video_IMG_0062_image007.jpg,19,ROEDORES,,ROEDORES_extracted
ROEDORES_video_IMG_0062_image008.jpg,19,ROEDORES,,ROEDORES_extracted
ROEDORES_video_IMG_0062_image009.jpg,19,ROEDORES,,ROEDORES_extracted
ROEDORES_video_IMG_0062_image010.jpg,19,ROEDORES,,ROEDORES_extracted
ROEDORES_video_IMG_0064_image001.jpg,19,ROEDORES,2022-06-29 23:44:28,ROEDORES_extracted
ROEDORES_video_IMG_0084_image001.jpg,19,ROEDORES,,ROEDORES_extracted
ROEDORES_video_IMG_0084_image005.jpg,19,ROEDORES,,ROEDORES_extracted
ROEDORES_video_IMG_0084_image006.jpg,19,ROEDORES,,ROEDORES_extracted
ROEDORES_video_IMG_0084_image009.jpg,19,ROEDORES,,ROEDORES_extracted
ROEDORES_video_IMG_0084_image010.jpg,19,ROEDORES,,ROEDORES_extracted
ROEDORES_video_IMG_0153_image001.jpg,19,ROEDORES,,ROEDORES_extracted
ROEDORES_video_IMG_0153_image002.jpg,19,ROEDORES,,ROEDORES_extracted
ROEDORES_video_IMG_0153_image004.jpg,19,ROEDORES,,ROEDORES_extracted
ROEDORES_video_IMG_0153_image005.jpg,19,ROEDORES,,ROEDORES_extracted
ROEDORES_video_IMG_0153_image008.jpg,19,ROEDORES,,ROEDORES_extracted
ROEDORES_video_IMG_0186_image001.jpg,19,ROEDORES,,ROEDORES_extracted
ROEDORES_video_IMG_0186_image001.jpg,19,ROEDORES,,ROEDORES_extracted
ROEDORES_video_IMG_0186_image002.jpg,19,ROEDORES,,ROEDORES_extracted
ROEDORES_video_IMG_0186_image002.jpg,19,ROEDORES,,ROEDORES_extracted
ROEDORES_video_IMG_0186_image003.jpg,19,ROEDORES,,ROEDORES_extracted
ROEDORES_video_IMG_0186_image004.jpg,19,ROEDORES,,ROEDORES_extracted
ROEDORES_video_IMG_0186_image005.jpg,19,ROEDORES,,ROEDORES_extracted
ROEDORES_video_IMG_0186_image006.jpg,19,ROEDORES,,ROEDORES_extracted
ROEDORES_video_IMG_0186_image007.jpg,19,ROEDORES,,ROEDORES_extracted
ROEDORES_video_IMG_0186_image008.jpg,19,ROEDORES,,ROEDORES_extracted
ROEDORES_video_IMG_0186_image009.jpg,19,ROEDORES,,ROEDORES_extracted
ROEDORES_video_IMG_0186_image009.jpg,19,ROEDORES,,ROEDORES_extracted
ROEDORES_video_IMG_0186_image009.jpg,19,ROEDORES,,ROEDORES_extracted
ROEDORES_video_IMG_0186_image010.jpg,19,ROEDORES,,ROEDORES_extracted
ROEDORES_video_IMG_0255_image001.jpg,19,ROEDORES,,ROEDORES_extracted
ROEDORES_video_IMG_0255_image002.jpg,19,ROEDORES,,ROEDORES_extracted
ROEDORES_video_IMG_0255_image003.jpg,19,ROEDORES,,ROEDORES_extracted
ROEDORES_video_IMG_0255_image004.jpg,19,ROEDORES,,ROEDORES_extracted
SCIURUS_OCOLATUS_video_IMG_0005_image001.jpg,12,SCIURUS_OCOLATUS,2022-08-23 07:41:37,SCIURUS_OCOLATUS_extracted
SCIURUS_OCOLATUS_video_IMG_0005_image002.jpg,12,SCIURUS_OCOLATUS,2022-08-23 07:41:38,SCIURUS_OCOLATUS_extracted
SCIURUS_OCOLATUS_video_IMG_0005_image003.jpg,12,SCIURUS_OCOLATUS,2022-08-23 07:41:39,SCIURUS_OCOLATUS_extracted
SCIURUS_OCOLATUS_video_IMG_0005_image003.jpg,12,SCIURUS_OCOLATUS,2022-08-23 07:41:39,SCIURUS_OCOLATUS_extracted
SCIURUS_OCOLATUS_video_IMG_0005_image004.jpg,12,SCIURUS_OCOLATUS,2022-08-23 07:41:40,SCIURUS_OCOLATUS_extracted
SCIURUS_OCOLATUS_video_IMG_0005_image005.jpg,12,SCIURUS_OCOLATUS,2022-08-23 07:41:41,SCIURUS_OCOLATUS_extracted
SCIURUS_OCOLATUS_video_IMG_0005_image006.jpg,12,SCIURUS_OCOLATUS,2022-08-23 07:41:42,SCIURUS_OCOLATUS_extracted
SCIURUS_OCOLATUS_video_IMG_0005_image008.jpg,12,SCIURUS_OCOLATUS,2022-08-23 07:41:44,SCIURUS_OCOLATUS_extracted
SCIURUS_OCOLATUS_video_IMG_0006_image001.jpg,12,SCIURUS_OCOLATUS,2022-07-05 15:11:21,SCIURUS_OCOLATUS_extracted
SCIURUS_OCOLATUS_video_IMG_0006_image002.jpg,12,SCIURUS_OCOLATUS,2022-07-05 15:11:22,SCIURUS_OCOLATUS_extracted
SCIURUS_OCOLATUS_video_IMG_0006_image003.jpg,12,SCIURUS_OCOLATUS,2022-07-05 15:11:23,SCIURUS_OCOLATUS_extracted
SCIURUS_OCOLATUS_video_IMG_0006_image004.jpg,12,SCIURUS_OCOLATUS,2022-07-05 15:11:24,SCIURUS_OCOLATUS_extracted
SCIURUS_OCOLATUS_video_IMG_0006_image005.jpg,12,SCIURUS_OCOLATUS,2022-07-05 15:11:25,SCIURUS_OCOLATUS_extracted
SCIURUS_OCOLATUS_video_IMG_0006_image006.jpg,12,SCIURUS_OCOLATUS,2022-07-05 15:11:26,SCIURUS_OCOLATUS_extracted
SCIURUS_OCOLATUS_video_IMG_0007_image001.jpg,12,SCIURUS_OCOLATUS,2022-08-22 08:40:26,SCIURUS_OCOLATUS_extracted
SCIURUS_OCOLATUS_video_IMG_0007_image004.jpg,12,SCIURUS_OCOLATUS,2022-08-22 08:40:29,SCIURUS_OCOLATUS_extracted
SCIURUS_OCOLATUS_video_IMG_0007_image005.jpg,12,SCIURUS_OCOLATUS,2022-08-22 08:40:30,SCIURUS_OCOLATUS_extracted
SCIURUS_OCOLATUS_video_IMG_0007_image006.jpg,12,SCIURUS_OCOLATUS,2022-08-22 08:40:31,SCIURUS_OCOLATUS_extracted
SCIURUS_OCOLATUS_video_IMG_0007_image007.jpg,12,SCIURUS_OCOLATUS,2022-08-22 08:40:32,SCIURUS_OCOLATUS_extracted
SCIURUS_OCOLATUS_video_IMG_0007_image008.jpg,12,SCIURUS_OCOLATUS,2022-08-22 08:40:33,SCIURUS_OCOLATUS_extracted
SCIURUS_OCOLATUS_video_IMG_0007_image009.jpg,12,SCIURUS_OCOLATUS,2022-08-22 08:40:34,SCIURUS_OCOLATUS_extracted
SCIURUS_OCOLATUS_video_IMG_0007_image010.jpg,12,SCIURUS_OCOLATUS,2022-08-22 08:40:35,SCIURUS_OCOLATUS_extracted
SCIURUS_OCOLATUS_video_IMG_0008_image010.jpg,12,SCIURUS_OCOLATUS,2022-08-22 08:47:52,SCIURUS_OCOLATUS_extracted
SCIURUS_OCOLATUS_video_IMG_0009_image001.jpg,12,SCIURUS_OCOLATUS,2022-07-06 16:24:20,SCIURUS_OCOLATUS_extracted
SCIURUS_OCOLATUS_video_IMG_0009_image002.jpg,12,SCIURUS_OCOLATUS,2022-07-06 16:24:21,SCIURUS_OCOLATUS_extracted
SCIURUS_OCOLATUS_video_IMG_0009_image003.jpg,12,SCIURUS_OCOLATUS,2022-07-06 16:24:22,SCIURUS_OCOLATUS_extracted
SCIURUS_OCOLATUS_video_IMG_0009_image004.jpg,12,SCIURUS_OCOLATUS,2022-07-06 16:24:23,SCIURUS_OCOLATUS_extracted
SCIURUS_OCOLATUS_video_IMG_0009_image005.jpg,12,SCIURUS_OCOLATUS,2022-07-06 16:24:24,SCIURUS_OCOLATUS_extracted
SCIURUS_OCOLATUS_video_IMG_0011_image001.jpg,12,SCIURUS_OCOLATUS,2022-09-02 09:38:42,SCIURUS_OCOLATUS_extracted
SCIURUS_OCOLATUS_video_IMG_0011_image002.jpg,12,SCIURUS_OCOLATUS,2022-09-02 09:38:43,SCIURUS_OCOLATUS_extracted
SCIURUS_OCOLATUS_video_IMG_0011_image003.jpg,12,SCIURUS_OCOLATUS,2022-09-02 09:38:44,SCIURUS_OCOLATUS_extracted
SCIURUS_OCOLATUS_video_IMG_0011_image004.jpg,12,SCIURUS_OCOLATUS,2022-09-02 09:38:45,SCIURUS_OCOLATUS_extracted
SCIURUS_OCOLATUS_video_IMG_0013 (2)_image001.jpg,12,SCIURUS_OCOLATUS,2022-10-23 07:37:46,SCIURUS_OCOLATUS_extracted
SCIURUS_OCOLATUS_video_IMG_0013 (2)_image002.jpg,12,SCIURUS_OCOLATUS,2022-10-23 07:37:47,SCIURUS_OCOLATUS_extracted
SCIURUS_OCOLATUS_video_IMG_0013 (2)_image003.jpg,12,SCIURUS_OCOLATUS,2022-10-23 07:37:48,SCIURUS_OCOLATUS_extracted
SCIURUS_OCOLATUS_video_IMG_0013 (2)_image004.jpg,12,SCIURUS_OCOLATUS,2022-10-23 07:37:49,SCIURUS_OCOLATUS_extracted
SCIURUS_OCOLATUS_video_IMG_0013 (2)_image005.jpg,12,SCIURUS_OCOLATUS,2022-10-23 07:37:50,SCIURUS_OCOLATUS_extracted
SCIURUS_OCOLATUS_video_IMG_0013 (2)_image006.jpg,12,SCIURUS_OCOLATUS,2022-10-23 07:37:51,SCIURUS_OCOLATUS_extracted
SCIURUS_OCOLATUS_video_IMG_0013 (2)_image007.jpg,12,SCIURUS_OCOLATUS,2022-10-23 07:37:52,SCIURUS_OCOLATUS_extracted
SCIURUS_OCOLATUS_video_IMG_0013 (2)_image008.jpg,12,SCIURUS_OCOLATUS,2022-10-23 07:37:53,SCIURUS_OCOLATUS_extracted
SCIURUS_OCOLATUS_video_IMG_0013 (2)_image009.jpg,12,SCIURUS_OCOLATUS,2022-10-23 07:37:54,SCIURUS_OCOLATUS_extracted
SCIURUS_OCOLATUS_video_IMG_0013 (2)_image010.jpg,12,SCIURUS_OCOLATUS,2022-10-23 07:37:55,SCIURUS_OCOLATUS_extracted
SCIURUS_OCOLATUS_video_IMG_0013_image001.jpg,12,SCIURUS_OCOLATUS,2022-10-23 07:37:46,SCIURUS_OCOLATUS_extracted
SCIURUS_OCOLATUS_video_IMG_0013_image002.jpg,12,SCIURUS_OCOLATUS,2022-10-23 07:37:47,SCIURUS_OCOLATUS_extracted
SCIURUS_OCOLATUS_video_IMG_0013_image003.jpg,12,SCIURUS_OCOLATUS,2022-10-23 07:37:48,SCIURUS_OCOLATUS_extracted
SCIURUS_OCOLATUS_video_IMG_0013_image004.jpg,12,SCIURUS_OCOLATUS,2022-10-23 07:37:49,SCIURUS_OCOLATUS_extracted
SCIURUS_OCOLATUS_video_IMG_0013_image005.jpg,12,SCIURUS_OCOLATUS,2022-10-23 07:37:50,SCIURUS_OCOLATUS_extracted
SCIURUS_OCOLATUS_video_IMG_0013_image006.jpg,12,SCIURUS_OCOLATUS,2022-10-23 07:37:51,SCIURUS_OCOLATUS_extracted
SCIURUS_OCOLATUS_video_IMG_0013_image007.jpg,12,SCIURUS_OCOLATUS,2022-10-23 07:37:52,SCIURUS_OCOLATUS_extracted
SCIURUS_OCOLATUS_video_IMG_0013_image008.jpg,12,SCIURUS_OCOLATUS,2022-10-23 07:37:53,SCIURUS_OCOLATUS_extracted
SCIURUS_OCOLATUS_video_IMG_0013_image009.jpg,12,SCIURUS_OCOLATUS,2022-10-23 07:37:54,SCIURUS_OCOLATUS_extracted
SCIURUS_OCOLATUS_video_IMG_0013_image010.jpg,12,SCIURUS_OCOLATUS,2022-10-23 07:37:55,SCIURUS_OCOLATUS_extracted
SCIURUS_OCOLATUS_video_IMG_0014_MP4_image001.jpg,12,SCIURUS_OCOLATUS,2022-05-08 07:06:51,SCIURUS_OCOLATUS_extracted
SCIURUS_OCOLATUS_video_IMG_0014_MP4_image002.jpg,12,SCIURUS_OCOLATUS,2022-05-08 07:06:52,SCIURUS_OCOLATUS_extracted
SCIURUS_OCOLATUS_video_IMG_0014_MP4_image003.jpg,12,SCIURUS_OCOLATUS,2022-05-08 07:06:53,SCIURUS_OCOLATUS_extracted
SCIURUS_OCOLATUS_video_IMG_0014_MP4_image004.jpg,12,SCIURUS_OCOLATUS,2022-05-08 07:06:54,SCIURUS_OCOLATUS_extracted
SCIURUS_OCOLATUS_video_IMG_0014_MP4_image005.jpg,12,SCIURUS_OCOLATUS,2022-05-08 07:06:55,SCIURUS_OCOLATUS_extracted
SCIURUS_OCOLATUS_video_IMG_0014_MP4_image006.jpg,12,SCIURUS_OCOLATUS,2022-05-08 07:06:56,SCIURUS_OCOLATUS_extracted
SCIURUS_OCOLATUS_video_IMG_0014_MP4_image007.jpg,12,SCIURUS_OCOLATUS,2022-05-08 07:06:57,SCIURUS_OCOLATUS_extracted
SCIURUS_OCOLATUS_video_IMG_0014_MP4_image008.jpg,12,SCIURUS_OCOLATUS,2022-05-08 07:06:58,SCIURUS_OCOLATUS_extracted
SCIURUS_OCOLATUS_video_IMG_0014_MP4_image010.jpg,12,SCIURUS_OCOLATUS,2022-05-08 07:07:00,SCIURUS_OCOLATUS_extracted
SCIURUS_OCOLATUS_video_IMG_0015_image001.jpg,12,SCIURUS_OCOLATUS,2022-09-04 08:06:21,SCIURUS_OCOLATUS_extracted
SCIURUS_OCOLATUS_video_IMG_0015_image003.jpg,12,SCIURUS_OCOLATUS,2022-09-04 08:06:23,SCIURUS_OCOLATUS_extracted
SCIURUS_OCOLATUS_video_IMG_0019_image001.jpg,12,SCIURUS_OCOLATUS,2022-07-16 07:40:53,SCIURUS_OCOLATUS_extracted
SCIURUS_OCOLATUS_video_IMG_0019_image002.jpg,12,SCIURUS_OCOLATUS,2022-07-16 07:40:54,SCIURUS_OCOLATUS_extracted
SCIURUS_OCOLATUS_video_IMG_0022_image001.jpg,12,SCIURUS_OCOLATUS,2022-10-08 09:09:37,SCIURUS_OCOLATUS_extracted
SCIURUS_OCOLATUS_video_IMG_0022_image001.jpg,12,SCIURUS_OCOLATUS,2022-10-08 09:09:37,SCIURUS_OCOLATUS_extracted
SCIURUS_OCOLATUS_video_IMG_0022_image002.jpg,12,SCIURUS_OCOLATUS,2022-10-08 09:09:38,SCIURUS_OCOLATUS_extracted
SCIURUS_OCOLATUS_video_IMG_0022_image003.jpg,12,SCIURUS_OCOLATUS,2022-10-08 09:09:39,SCIURUS_OCOLATUS_extracted
SCIURUS_OCOLATUS_video_IMG_0023_image002.jpg,12,SCIURUS_OCOLATUS,2022-05-18 06:35:17,SCIURUS_OCOLATUS_extracted
SCIURUS_OCOLATUS_video_IMG_0023_image003.jpg,12,SCIURUS_OCOLATUS,2022-05-18 06:35:18,SCIURUS_OCOLATUS_extracted
SCIURUS_OCOLATUS_video_IMG_0024_image001.jpg,12,SCIURUS_OCOLATUS,2022-05-19 09:51:44,SCIURUS_OCOLATUS_extracted
SCIURUS_OCOLATUS_video_IMG_0024_image002.jpg,12,SCIURUS_OCOLATUS,2022-05-19 09:51:45,SCIURUS_OCOLATUS_extracted
SCIURUS_OCOLATUS_video_IMG_0024_image003.jpg,12,SCIURUS_OCOLATUS,2022-05-19 09:51:46,SCIURUS_OCOLATUS_extracted
SCIURUS_OCOLATUS_video_IMG_0025_image001.jpg,12,SCIURUS_OCOLATUS,2022-05-24 12:24:53,SCIURUS_OCOLATUS_extracted
SCIURUS_OCOLATUS_video_IMG_0025_image002.jpg,12,SCIURUS_OCOLATUS,2022-05-24 12:24:54,SCIURUS_OCOLATUS_extracted
SCIURUS_OCOLATUS_video_IMG_0025_image003.jpg,12,SCIURUS_OCOLATUS,2022-05-24 12:24:55,SCIURUS_OCOLATUS_extracted
SCIURUS_OCOLATUS_video_IMG_0030_image001.jpg,12,SCIURUS_OCOLATUS,2022-08-30 14:31:18,SCIURUS_OCOLATUS_extracted
SCIURUS_OCOLATUS_video_IMG_0032_image004.jpg,12,SCIURUS_OCOLATUS,2022-07-30 11:17:41,SCIURUS_OCOLATUS_extracted
SCIURUS_OCOLATUS_video_IMG_0032_image004.jpg,12,SCIURUS_OCOLATUS,2022-07-30 11:17:41,SCIURUS_OCOLATUS_extracted
SCIURUS_OCOLATUS_video_IMG_0035_image001.jpg,12,SCIURUS_OCOLATUS,2022-05-31 10:59:02,SCIURUS_OCOLATUS_extracted
SCIURUS_OCOLATUS_video_IMG_0035_image002.jpg,12,SCIURUS_OCOLATUS,2022-05-31 10:59:03,SCIURUS_OCOLATUS_extracted
SCIURUS_OCOLATUS_video_IMG_0035_image003.jpg,12,SCIURUS_OCOLATUS,2022-05-31 10:59:04,SCIURUS_OCOLATUS_extracted
SCIURUS_OCOLATUS_video_IMG_0035_image004.jpg,12,SCIURUS_OCOLATUS,2022-05-31 10:59:05,SCIURUS_OCOLATUS_extracted
SCIURUS_OCOLATUS_video_IMG_0036_image001.jpg,12,SCIURUS_OCOLATUS,2022-08-01 08:33:48,SCIURUS_OCOLATUS_extracted
SCIURUS_OCOLATUS_video_IMG_0036_image001.jpg,12,SCIURUS_OCOLATUS,2022-08-01 08:33:48,SCIURUS_OCOLATUS_extracted
SCIURUS_OCOLATUS_video_IMG_0036_image001.jpg,12,SCIURUS_OCOLATUS,2022-08-01 08:33:48,SCIURUS_OCOLATUS_extracted
SCIURUS_OCOLATUS_video_IMG_0036_image002.jpg,12,SCIURUS_OCOLATUS,2022-08-01 08:33:49,SCIURUS_OCOLATUS_extracted
SCIURUS_OCOLATUS_video_IMG_0038_image001.jpg,12,SCIURUS_OCOLATUS,2022-06-06 06:54:15,SCIURUS_OCOLATUS_extracted
SCIURUS_OCOLATUS_video_IMG_0038_image001.jpg,12,SCIURUS_OCOLATUS,2022-06-06 06:54:15,SCIURUS_OCOLATUS_extracted
SCIURUS_OCOLATUS_video_IMG_0038_image001.jpg,12,SCIURUS_OCOLATUS,2022-06-06 06:54:15,SCIURUS_OCOLATUS_extracted
SCIURUS_OCOLATUS_video_IMG_0038_image001.jpg,12,SCIURUS_OCOLATUS,2022-06-06 06:54:15,SCIURUS_OCOLATUS_extracted
SCIURUS_OCOLATUS_video_IMG_0038_image002.jpg,12,SCIURUS_OCOLATUS,2022-06-06 06:54:16,SCIURUS_OCOLATUS_extracted
SCIURUS_OCOLATUS_video_IMG_0038_image003.jpg,12,SCIURUS_OCOLATUS,2022-06-06 06:54:17,SCIURUS_OCOLATUS_extracted
SCIURUS_OCOLATUS_video_IMG_0038_image003.jpg,12,SCIURUS_OCOLATUS,2022-06-06 06:54:17,SCIURUS_OCOLATUS_extracted
SCIURUS_OCOLATUS_video_IMG_0038_image003.jpg,12,SCIURUS_OCOLATUS,2022-06-06 06:54:17,SCIURUS_OCOLATUS_extracted
SCIURUS_OCOLATUS_video_IMG_0040_image001.jpg,12,SCIURUS_OCOLATUS,2022-08-04 08:38:47,SCIURUS_OCOLATUS_extracted
SCIURUS_OCOLATUS_video_IMG_0040_image002.jpg,12,SCIURUS_OCOLATUS,2022-08-04 08:38:48,SCIURUS_OCOLATUS_extracted
SCIURUS_OCOLATUS_video_IMG_0040_image004.jpg,12,SCIURUS_OCOLATUS,2022-08-04 08:38:50,SCIURUS_OCOLATUS_extracted
SCIURUS_OCOLATUS_video_IMG_0040_image004.jpg,12,SCIURUS_OCOLATUS,2022-08-04 08:38:50,SCIURUS_OCOLATUS_extracted
SCIURUS_OCOLATUS_video_IMG_0040_image006.jpg,12,SCIURUS_OCOLATUS,2022-08-04 08:38:52,SCIURUS_OCOLATUS_extracted
SCIURUS_OCOLATUS_video_IMG_0040_image008.jpg,12,SCIURUS_OCOLATUS,2022-08-04 08:38:54,SCIURUS_OCOLATUS_extracted
SCIURUS_OCOLATUS_video_IMG_0040_image009.jpg,12,SCIURUS_OCOLATUS,2022-08-04 08:38:55,SCIURUS_OCOLATUS_extracted
SCIURUS_OCOLATUS_video_IMG_0044 (2)_image001.jpg,12,SCIURUS_OCOLATUS,2022-06-18 07:47:14,SCIURUS_OCOLATUS_extracted
SCIURUS_OCOLATUS_video_IMG_0044 (2)_image002.jpg,12,SCIURUS_OCOLATUS,2022-06-18 07:47:15,SCIURUS_OCOLATUS_extracted
SCIURUS_OCOLATUS_video_IMG_0044 (2)_image003.jpg,12,SCIURUS_OCOLATUS,2022-06-18 07:47:16,SCIURUS_OCOLATUS_extracted
SCIURUS_OCOLATUS_video_IMG_0044 (2)_image004.jpg,12,SCIURUS_OCOLATUS,2022-06-18 07:47:17,SCIURUS_OCOLATUS_extracted
SCIURUS_OCOLATUS_video_IMG_0044 (2)_image005.jpg,12,SCIURUS_OCOLATUS,2022-06-18 07:47:18,SCIURUS_OCOLATUS_extracted
SCIURUS_OCOLATUS_video_IMG_0044 (2)_image006.jpg,12,SCIURUS_OCOLATUS,2022-06-18 07:47:19,SCIURUS_OCOLATUS_extracted
SCIURUS_OCOLATUS_video_IMG_0044 (2)_image007.jpg,12,SCIURUS_OCOLATUS,2022-06-18 07:47:20,SCIURUS_OCOLATUS_extracted
SCIURUS_OCOLATUS_video_IMG_0044 (2)_image008.jpg,12,SCIURUS_OCOLATUS,2022-06-18 07:47:21,SCIURUS_OCOLATUS_extracted
SCIURUS_OCOLATUS_video_IMG_0044 (2)_image009.jpg,12,SCIURUS_OCOLATUS,2022-06-18 07:47:22,SCIURUS_OCOLATUS_extracted
SCIURUS_OCOLATUS_video_IMG_0044 (2)_image010.jpg,12,SCIURUS_OCOLATUS,2022-06-18 07:47:23,SCIURUS_OCOLATUS_extracted
SCIURUS_OCOLATUS_video_IMG_0044_MP4_image001.jpg,12,SCIURUS_OCOLATUS,2022-09-24 07:47:42,SCIURUS_OCOLATUS_extracted
SCIURUS_OCOLATUS_video_IMG_0044_MP4_image002.jpg,12,SCIURUS_OCOLATUS,2022-09-24 07:47:43,SCIURUS_OCOLATUS_extracted
SCIURUS_OCOLATUS_video_IMG_0044_MP4_image005.jpg,12,SCIURUS_OCOLATUS,2022-09-24 07:47:46,SCIURUS_OCOLATUS_extracted
SCIURUS_OCOLATUS_video_IMG_0044_MP4_image006.jpg,12,SCIURUS_OCOLATUS,2022-09-24 07:47:47,SCIURUS_OCOLATUS_extracted
SCIURUS_OCOLATUS_video_IMG_0044_MP4_image007.jpg,12,SCIURUS_OCOLATUS,2022-09-24 07:47:48,SCIURUS_OCOLATUS_extracted
SCIURUS_OCOLATUS_video_IMG_0044_MP4_image007.jpg,12,SCIURUS_OCOLATUS,2022-09-24 07:47:48,SCIURUS_OCOLATUS_extracted
SCIURUS_OCOLATUS_video_IMG_0044_MP4_image008.jpg,12,SCIURUS_OCOLATUS,2022-09-24 07:47:49,SCIURUS_OCOLATUS_extracted
SCIURUS_OCOLATUS_video_IMG_0044_MP4_image009.jpg,12,SCIURUS_OCOLATUS,2022-09-24 07:47:50,SCIURUS_OCOLATUS_extracted
SCIURUS_OCOLATUS_video_IMG_0044_image002.jpg,12,SCIURUS_OCOLATUS,,SCIURUS_OCOLATUS_extracted
SCIURUS_OCOLATUS_video_IMG_0044_image003.jpg,12,SCIURUS_OCOLATUS,,SCIURUS_OCOLATUS_extracted
SCIURUS_OCOLATUS_video_IMG_0048_image001.jpg,12,SCIURUS_OCOLATUS,2022-09-27 15:54:24,SCIURUS_OCOLATUS_extracted
SCIURUS_OCOLATUS_video_IMG_0048_image001.jpg,12,SCIURUS_OCOLATUS,2022-09-27 15:54:24,SCIURUS_OCOLATUS_extracted
SCIURUS_OCOLATUS_video_IMG_0050_image001.jpg,12,SCIURUS_OCOLATUS,2022-09-29 17:36:10,SCIURUS_OCOLATUS_extracted
SCIURUS_OCOLATUS_video_IMG_0050_image001.jpg,12,SCIURUS_OCOLATUS,2022-09-29 17:36:10,SCIURUS_OCOLATUS_extracted
SCIURUS_OCOLATUS_video_IMG_0050_image002.jpg,12,SCIURUS_OCOLATUS,2022-09-29 17:36:11,SCIURUS_OCOLATUS_extracted
SCIURUS_OCOLATUS_video_IMG_0050_image003.jpg,12,SCIURUS_OCOLATUS,2022-09-29 17:36:12,SCIURUS_OCOLATUS_extracted
SCIURUS_OCOLATUS_video_IMG_0050_image004.jpg,12,SCIURUS_OCOLATUS,2022-09-29 17:36:13,SCIURUS_OCOLATUS_extracted
SCIURUS_OCOLATUS_video_IMG_0050_image005.jpg,12,SCIURUS_OCOLATUS,2022-09-29 17:36:14,SCIURUS_OCOLATUS_extracted
SCIURUS_OCOLATUS_video_IMG_0050_image006.jpg,12,SCIURUS_OCOLATUS,2022-09-29 17:36:15,SCIURUS_OCOLATUS_extracted
SCIURUS_OCOLATUS_video_IMG_0050_image007.jpg,12,SCIURUS_OCOLATUS,2022-09-29 17:36:16,SCIURUS_OCOLATUS_extracted
SCIURUS_OCOLATUS_video_IMG_0050_image008.jpg,12,SCIURUS_OCOLATUS,2022-09-29 17:36:17,SCIURUS_OCOLATUS_extracted
SCIURUS_OCOLATUS_video_IMG_0050_image009.jpg,12,SCIURUS_OCOLATUS,2022-09-29 17:36:18,SCIURUS_OCOLATUS_extracted
SCIURUS_OCOLATUS_video_IMG_0050_image010.jpg,12,SCIURUS_OCOLATUS,2022-09-29 17:36:19,SCIURUS_OCOLATUS_extracted
SCIURUS_OCOLATUS_video_IMG_0051_image001.jpg,12,SCIURUS_OCOLATUS,2022-06-21 07:20:25,SCIURUS_OCOLATUS_extracted
SCIURUS_OCOLATUS_video_IMG_0051_image004.jpg,12,SCIURUS_OCOLATUS,2022-06-21 07:20:28,SCIURUS_OCOLATUS_extracted
SCIURUS_OCOLATUS_video_IMG_0051_image005.jpg,12,SCIURUS_OCOLATUS,2022-06-21 07:20:29,SCIURUS_OCOLATUS_extracted
SCIURUS_OCOLATUS_video_IMG_0051_image007.jpg,12,SCIURUS_OCOLATUS,2022-06-21 07:20:31,SCIURUS_OCOLATUS_extracted
SCIURUS_OCOLATUS_video_IMG_0051_image007.jpg,12,SCIURUS_OCOLATUS,2022-06-21 07:20:31,SCIURUS_OCOLATUS_extracted
SCIURUS_OCOLATUS_video_IMG_0052_image001.jpg,12,SCIURUS_OCOLATUS,2022-09-30 11:55:34,SCIURUS_OCOLATUS_extracted
SCIURUS_OCOLATUS_video_IMG_0052_image002.jpg,12,SCIURUS_OCOLATUS,2022-09-30 11:55:35,SCIURUS_OCOLATUS_extracted
SCIURUS_OCOLATUS_video_IMG_0053_image001.jpg,12,SCIURUS_OCOLATUS,2022-09-30 12:35:13,SCIURUS_OCOLATUS_extracted
SCIURUS_OCOLATUS_video_IMG_0053_image002.jpg,12,SCIURUS_OCOLATUS,2022-09-30 12:35:14,SCIURUS_OCOLATUS_extracted
SCIURUS_OCOLATUS_video_IMG_0053_image003.jpg,12,SCIURUS_OCOLATUS,2022-09-30 12:35:15,SCIURUS_OCOLATUS_extracted
SCIURUS_OCOLATUS_video_IMG_0053_image004.jpg,12,SCIURUS_OCOLATUS,2022-09-30 12:35:16,SCIURUS_OCOLATUS_extracted
SCIURUS_OCOLATUS_video_IMG_0053_image005.jpg,12,SCIURUS_OCOLATUS,2022-09-30 12:35:17,SCIURUS_OCOLATUS_extracted
SCIURUS_OCOLATUS_video_IMG_0053_image006.jpg,12,SCIURUS_OCOLATUS,2022-09-30 12:35:18,SCIURUS_OCOLATUS_extracted
SCIURUS_OCOLATUS_video_IMG_0053_image007.jpg,12,SCIURUS_OCOLATUS,2022-09-30 12:35:19,SCIURUS_OCOLATUS_extracted
SCIURUS_OCOLATUS_video_IMG_0053_image008.jpg,12,SCIURUS_OCOLATUS,2022-09-30 12:35:20,SCIURUS_OCOLATUS_extracted
SCIURUS_OCOLATUS_video_IMG_0053_image010.jpg,12,SCIURUS_OCOLATUS,2022-09-30 12:35:22,SCIURUS_OCOLATUS_extracted
SCIURUS_OCOLATUS_video_IMG_0054_image001.jpg,12,SCIURUS_OCOLATUS,2022-08-20 06:58:59,SCIURUS_OCOLATUS_extracted
SCIURUS_OCOLATUS_video_IMG_0054_image002.jpg,12,SCIURUS_OCOLATUS,2022-08-20 06:59:00,SCIURUS_OCOLATUS_extracted
SCIURUS_OCOLATUS_video_IMG_0054_image003.jpg,12,SCIURUS_OCOLATUS,2022-08-20 06:59:01,SCIURUS_OCOLATUS_extracted
SCIURUS_OCOLATUS_video_IMG_0054_image004.jpg,12,SCIURUS_OCOLATUS,2022-08-20 06:59:02,SCIURUS_OCOLATUS_extracted
SCIURUS_OCOLATUS_video_IMG_0054_image005.jpg,12,SCIURUS_OCOLATUS,2022-08-20 06:59:03,SCIURUS_OCOLATUS_extracted
SCIURUS_OCOLATUS_video_IMG_0062_image001.jpg,12,SCIURUS_OCOLATUS,2022-08-17 12:20:08,SCIURUS_OCOLATUS_extracted
SCIURUS_OCOLATUS_video_IMG_0062_image002.jpg,12,SCIURUS_OCOLATUS,2022-08-17 12:20:09,SCIURUS_OCOLATUS_extracted
SCIURUS_OCOLATUS_video_IMG_0062_image003.jpg,12,SCIURUS_OCOLATUS,2022-08-17 12:20:10,SCIURUS_OCOLATUS_extracted
SCIURUS_OCOLATUS_video_IMG_0062_image004.jpg,12,SCIURUS_OCOLATUS,2022-08-17 12:20:11,SCIURUS_OCOLATUS_extracted
SCIURUS_OCOLATUS_video_IMG_0062_image005.jpg,12,SCIURUS_OCOLATUS,2022-08-17 12:20:12,SCIURUS_OCOLATUS_extracted
SCIURUS_OCOLATUS_video_IMG_0063_image001.jpg,12,SCIURUS_OCOLATUS,2022-10-03 14:06:58,SCIURUS_OCOLATUS_extracted
SCIURUS_OCOLATUS_video_IMG_0063_image002.jpg,12,SCIURUS_OCOLATUS,2022-10-03 14:06:59,SCIURUS_OCOLATUS_extracted
SCIURUS_OCOLATUS_video_IMG_0063_image002.jpg,12,SCIURUS_OCOLATUS,2022-10-03 14:06:59,SCIURUS_OCOLATUS_extracted
SCIURUS_OCOLATUS_video_IMG_0063_image003.jpg,12,SCIURUS_OCOLATUS,2022-10-03 14:07:00,SCIURUS_OCOLATUS_extracted
SCIURUS_OCOLATUS_video_IMG_0063_image004.jpg,12,SCIURUS_OCOLATUS,2022-10-03 14:07:01,SCIURUS_OCOLATUS_extracted
SCIURUS_OCOLATUS_video_IMG_0063_image005.jpg,12,SCIURUS_OCOLATUS,2022-10-03 14:07:02,SCIURUS_OCOLATUS_extracted
SCIURUS_OCOLATUS_video_IMG_0063_image006.jpg,12,SCIURUS_OCOLATUS,2022-10-03 14:07:03,SCIURUS_OCOLATUS_extracted
SCIURUS_OCOLATUS_video_IMG_0063_image007.jpg,12,SCIURUS_OCOLATUS,2022-10-03 14:07:04,SCIURUS_OCOLATUS_extracted
SCIURUS_OCOLATUS_video_IMG_0063_image008.jpg,12,SCIURUS_OCOLATUS,2022-10-03 14:07:05,SCIURUS_OCOLATUS_extracted
SCIURUS_OCOLATUS_video_IMG_0063_image009.jpg,12,SCIURUS_OCOLATUS,2022-10-03 14:07:06,SCIURUS_OCOLATUS_extracted
SCIURUS_OCOLATUS_video_IMG_0063_image010.jpg,12,SCIURUS_OCOLATUS,2022-10-03 14:07:07,SCIURUS_OCOLATUS_extracted
SCIURUS_OCOLATUS_video_IMG_0066_image002.jpg,12,SCIURUS_OCOLATUS,2022-08-16 07:18:00,SCIURUS_OCOLATUS_extracted
SCIURUS_OCOLATUS_video_IMG_0066_image003.jpg,12,SCIURUS_OCOLATUS,2022-08-16 07:18:01,SCIURUS_OCOLATUS_extracted
SCIURUS_OCOLATUS_video_IMG_0068_image001.jpg,12,SCIURUS_OCOLATUS,2022-10-04 14:07:01,SCIURUS_OCOLATUS_extracted
SCIURUS_OCOLATUS_video_IMG_0068_image002.jpg,12,SCIURUS_OCOLATUS,2022-10-04 14:07:02,SCIURUS_OCOLATUS_extracted
SCIURUS_OCOLATUS_video_IMG_0068_image003.jpg,12,SCIURUS_OCOLATUS,2022-10-04 14:07:03,SCIURUS_OCOLATUS_extracted
SCIURUS_OCOLATUS_video_IMG_0068_image004.jpg,12,SCIURUS_OCOLATUS,2022-10-04 14:07:04,SCIURUS_OCOLATUS_extracted
SCIURUS_OCOLATUS_video_IMG_0071_image001.jpg,12,SCIURUS_OCOLATUS,2022-10-05 12:03:03,SCIURUS_OCOLATUS_extracted
SCIURUS_OCOLATUS_video_IMG_0071_image002.jpg,12,SCIURUS_OCOLATUS,2022-10-05 12:03:04,SCIURUS_OCOLATUS_extracted
SCIURUS_OCOLATUS_video_IMG_0071_image003.jpg,12,SCIURUS_OCOLATUS,2022-10-05 12:03:05,SCIURUS_OCOLATUS_extracted
SCIURUS_OCOLATUS_video_IMG_0071_image004.jpg,12,SCIURUS_OCOLATUS,2022-10-05 12:03:06,SCIURUS_OCOLATUS_extracted
SCIURUS_OCOLATUS_video_IMG_0071_image004.jpg,12,SCIURUS_OCOLATUS,2022-10-05 12:03:06,SCIURUS_OCOLATUS_extracted
SCIURUS_OCOLATUS_video_IMG_0071_image005.jpg,12,SCIURUS_OCOLATUS,2022-10-05 12:03:07,SCIURUS_OCOLATUS_extracted
SCIURUS_OCOLATUS_video_IMG_0073_image001.jpg,12,SCIURUS_OCOLATUS,,SCIURUS_OCOLATUS_extracted
SCIURUS_OCOLATUS_video_IMG_0073_image002.jpg,12,SCIURUS_OCOLATUS,,SCIURUS_OCOLATUS_extracted
SCIURUS_OCOLATUS_video_IMG_0073_image003.jpg,12,SCIURUS_OCOLATUS,,SCIURUS_OCOLATUS_extracted
SCIURUS_OCOLATUS_video_IMG_0073_image004.jpg,12,SCIURUS_OCOLATUS,,SCIURUS_OCOLATUS_extracted
SCIURUS_OCOLATUS_video_IMG_0073_image005.jpg,12,SCIURUS_OCOLATUS,,SCIURUS_OCOLATUS_extracted
SCIURUS_OCOLATUS_video_IMG_0095_image001.jpg,12,SCIURUS_OCOLATUS,,SCIURUS_OCOLATUS_extracted
SCIURUS_OCOLATUS_video_IMG_0095_image002.jpg,12,SCIURUS_OCOLATUS,,SCIURUS_OCOLATUS_extracted
SCIURUS_OCOLATUS_video_IMG_0095_image003.jpg,12,SCIURUS_OCOLATUS,,SCIURUS_OCOLATUS_extracted
SCIURUS_OCOLATUS_video_IMG_0095_image004.jpg,12,SCIURUS_OCOLATUS,,SCIURUS_OCOLATUS_extracted
SCIURUS_OCOLATUS_video_IMG_0103_image001.jpg,12,SCIURUS_OCOLATUS,,SCIURUS_OCOLATUS_extracted
SCIURUS_OCOLATUS_video_IMG_0103_image001.jpg,12,SCIURUS_OCOLATUS,,SCIURUS_OCOLATUS_extracted
SCIURUS_OCOLATUS_video_IMG_0103_image002.jpg,12,SCIURUS_OCOLATUS,,SCIURUS_OCOLATUS_extracted
SCIURUS_OCOLATUS_video_IMG_0103_image002.jpg,12,SCIURUS_OCOLATUS,,SCIURUS_OCOLATUS_extracted
SCIURUS_OCOLATUS_video_IMG_0103_image003.jpg,12,SCIURUS_OCOLATUS,,SCIURUS_OCOLATUS_extracted
SCIURUS_OCOLATUS_video_IMG_0103_image004.jpg,12,SCIURUS_OCOLATUS,,SCIURUS_OCOLATUS_extracted
SCIURUS_OCOLATUS_video_IMG_0103_image004.jpg,12,SCIURUS_OCOLATUS,,SCIURUS_OCOLATUS_extracted
SCIURUS_OCOLATUS_video_IMG_0253_image001.jpg,12,SCIURUS_OCOLATUS,,SCIURUS_OCOLATUS_extracted
SCIURUS_OCOLATUS_video_IMG_0253_image002.jpg,12,SCIURUS_OCOLATUS,,SCIURUS_OCOLATUS_extracted
SCIURUS_OCOLATUS_video_IMG_0253_image002.jpg,12,SCIURUS_OCOLATUS,,SCIURUS_OCOLATUS_extracted
SCIURUS_OCOLATUS_video_IMG_0253_image002.jpg,12,SCIURUS_OCOLATUS,,SCIURUS_OCOLATUS_extracted
SCIURUS_OCOLATUS_video_IMG_0253_image003.jpg,12,SCIURUS_OCOLATUS,,SCIURUS_OCOLATUS_extracted
SCIURUS_OCOLATUS_video_IMG_0253_image003.jpg,12,SCIURUS_OCOLATUS,,SCIURUS_OCOLATUS_extracted
SCIURUS_OCOLATUS_video_IMG_0253_image003.jpg,12,SCIURUS_OCOLATUS,,SCIURUS_OCOLATUS_extracted
SCIURUS_OCOLATUS_video_IMG_0253_image004.jpg,12,SCIURUS_OCOLATUS,,SCIURUS_OCOLATUS_extracted
SCIURUS_OCOLATUS_video_IMG_0253_image004.jpg,12,SCIURUS_OCOLATUS,,SCIURUS_OCOLATUS_extracted
SCIURUS_OCOLATUS_video_IMG_0253_image005.jpg,12,SCIURUS_OCOLATUS,,SCIURUS_OCOLATUS_extracted
SCIURUS_OCOLATUS_video_IMG_0253_image005.jpg,12,SCIURUS_OCOLATUS,,SCIURUS_OCOLATUS_extracted
SCIURUS_OCOLATUS_video_IMG_0253_image005.jpg,12,SCIURUS_OCOLATUS,,SCIURUS_OCOLATUS_extracted
SCIURUS_OCOLATUS_video_IMG_0253_image006.jpg,12,SCIURUS_OCOLATUS,,SCIURUS_OCOLATUS_extracted
SCIURUS_OCOLATUS_video_IMG_0253_image006.jpg,12,SCIURUS_OCOLATUS,,SCIURUS_OCOLATUS_extracted
SCIURUS_OCOLATUS_video_IMG_0253_image006.jpg,12,SCIURUS_OCOLATUS,,SCIURUS_OCOLATUS_extracted
SCIURUS_OCOLATUS_video_IMG_0253_image007.jpg,12,SCIURUS_OCOLATUS,,SCIURUS_OCOLATUS_extracted
SCIURUS_OCOLATUS_video_IMG_0253_image007.jpg,12,SCIURUS_OCOLATUS,,SCIURUS_OCOLATUS_extracted
SCIURUS_OCOLATUS_video_IMG_0253_image008.jpg,12,SCIURUS_OCOLATUS,,SCIURUS_OCOLATUS_extracted
SCIURUS_OCOLATUS_video_IMG_0253_image009.jpg,12,SCIURUS_OCOLATUS,,SCIURUS_OCOLATUS_extracted
SCIURUS_OCOLATUS_video_IMG_0253_image009.jpg,12,SCIURUS_OCOLATUS,,SCIURUS_OCOLATUS_extracted
SCIURUS_OCOLATUS_video_IMG_0253_image009.jpg,12,SCIURUS_OCOLATUS,,SCIURUS_OCOLATUS_extracted
SCIURUS_OCOLATUS_video_IMG_0253_image010.jpg,12,SCIURUS_OCOLATUS,,SCIURUS_OCOLATUS_extracted
SCIURUS_OCOLATUS_video_IMG_0312_image001.jpg,12,SCIURUS_OCOLATUS,2022-06-11 16:04:25,SCIURUS_OCOLATUS_extracted
SCIURUS_OCOLATUS_video_IMG_0312_image002.jpg,12,SCIURUS_OCOLATUS,2022-06-11 16:04:26,SCIURUS_OCOLATUS_extracted
SCIURUS_OCOLATUS_video_IMG_0312_image003.jpg,12,SCIURUS_OCOLATUS,2022-06-11 16:04:27,SCIURUS_OCOLATUS_extracted
SCIURUS_OCOLATUS_video_IMG_0312_image004.jpg,12,SCIURUS_OCOLATUS,2022-06-11 16:04:28,SCIURUS_OCOLATUS_extracted
SCIURUS_OCOLATUS_video_IMG_0312_image005.jpg,12,SCIURUS_OCOLATUS,2022-06-11 16:04:29,SCIURUS_OCOLATUS_extracted
SCIURUS_OCOLATUS_video_IMG_0312_image006.jpg,12,SCIURUS_OCOLATUS,2022-06-11 16:04:30,SCIURUS_OCOLATUS_extracted
SCIURUS_OCOLATUS_video_IMG_0312_image007.jpg,12,SCIURUS_OCOLATUS,2022-06-11 16:04:31,SCIURUS_OCOLATUS_extracted
SYLVILAGUS_SP_video_IMG_0002_image001.jpg,14,SYLVILAGUS_SP,,SYLVILAGUS_SP_extracted
SYLVILAGUS_SP_video_IMG_0002_image002.jpg,14,SYLVILAGUS_SP,,SYLVILAGUS_SP_extracted
SYLVILAGUS_SP_video_IMG_0002_image003.jpg,14,SYLVILAGUS_SP,,SYLVILAGUS_SP_extracted
SYLVILAGUS_SP_video_IMG_0005_MP4_image001.jpg,14,SYLVILAGUS_SP,2022-07-04 05:13:27,SYLVILAGUS_SP_extracted
SYLVILAGUS_SP_video_IMG_0005_MP4_image002.jpg,14,SYLVILAGUS_SP,2022-07-04 05:13:28,SYLVILAGUS_SP_extracted
SYLVILAGUS_SP_video_IMG_0005_MP4_image003.jpg,14,SYLVILAGUS_SP,2022-07-04 05:13:29,SYLVILAGUS_SP_extracted
SYLVILAGUS_SP_video_IMG_0005_MP4_image005.jpg,14,SYLVILAGUS_SP,2022-07-04 05:13:31,SYLVILAGUS_SP_extracted
SYLVILAGUS_SP_video_IMG_0005_MP4_image006.jpg,14,SYLVILAGUS_SP,2022-07-04 05:13:32,SYLVILAGUS_SP_extracted
SYLVILAGUS_SP_video_IMG_0005_MP4_image007.jpg,14,SYLVILAGUS_SP,2022-07-04 05:13:33,SYLVILAGUS_SP_extracted
SYLVILAGUS_SP_video_IMG_0005_MP4_image008.jpg,14,SYLVILAGUS_SP,2022-07-04 05:13:34,SYLVILAGUS_SP_extracted
SYLVILAGUS_SP_video_IMG_0005_MP4_image009.jpg,14,SYLVILAGUS_SP,2022-07-04 05:13:35,SYLVILAGUS_SP_extracted
SYLVILAGUS_SP_video_IMG_0005_MP4_image010.jpg,14,SYLVILAGUS_SP,2022-07-04 05:13:36,SYLVILAGUS_SP_extracted
SYLVILAGUS_SP_video_IMG_0006_image001.jpg,14,SYLVILAGUS_SP,,SYLVILAGUS_SP_extracted
SYLVILAGUS_SP_video_IMG_0006_image001.jpg,14,SYLVILAGUS_SP,,SYLVILAGUS_SP_extracted
SYLVILAGUS_SP_video_IMG_0006_image002.jpg,14,SYLVILAGUS_SP,,SYLVILAGUS_SP_extracted
SYLVILAGUS_SP_video_IMG_0006_image002.jpg,14,SYLVILAGUS_SP,,SYLVILAGUS_SP_extracted
SYLVILAGUS_SP_video_IMG_0006_image003.jpg,14,SYLVILAGUS_SP,,SYLVILAGUS_SP_extracted
SYLVILAGUS_SP_video_IMG_0006_image004.jpg,14,SYLVILAGUS_SP,,SYLVILAGUS_SP_extracted
SYLVILAGUS_SP_video_IMG_0006_image005.jpg,14,SYLVILAGUS_SP,,SYLVILAGUS_SP_extracted
SYLVILAGUS_SP_video_IMG_0006_image006.jpg,14,SYLVILAGUS_SP,,SYLVILAGUS_SP_extracted
SYLVILAGUS_SP_video_IMG_0006_image007.jpg,14,SYLVILAGUS_SP,,SYLVILAGUS_SP_extracted
SYLVILAGUS_SP_video_IMG_0006_image007.jpg,14,SYLVILAGUS_SP,,SYLVILAGUS_SP_extracted
SYLVILAGUS_SP_video_IMG_0006_image008.jpg,14,SYLVILAGUS_SP,,SYLVILAGUS_SP_extracted
SYLVILAGUS_SP_video_IMG_0006_image009.jpg,14,SYLVILAGUS_SP,,SYLVILAGUS_SP_extracted
SYLVILAGUS_SP_video_IMG_0006_image010.jpg,14,SYLVILAGUS_SP,,SYLVILAGUS_SP_extracted
SYLVILAGUS_SP_video_IMG_0008_image001.jpg,14,SYLVILAGUS_SP,2022-05-04 03:07:42,SYLVILAGUS_SP_extracted
SYLVILAGUS_SP_video_IMG_0008_image002.jpg,14,SYLVILAGUS_SP,2022-05-04 03:07:43,SYLVILAGUS_SP_extracted
SYLVILAGUS_SP_video_IMG_0008_image003.jpg,14,SYLVILAGUS_SP,2022-05-04 03:07:44,SYLVILAGUS_SP_extracted
SYLVILAGUS_SP_video_IMG_0008_image004.jpg,14,SYLVILAGUS_SP,2022-05-04 03:07:45,SYLVILAGUS_SP_extracted
SYLVILAGUS_SP_video_IMG_0008_image005.jpg,14,SYLVILAGUS_SP,2022-05-04 03:07:46,SYLVILAGUS_SP_extracted
SYLVILAGUS_SP_video_IMG_0008_image006.jpg,14,SYLVILAGUS_SP,2022-05-04 03:07:47,SYLVILAGUS_SP_extracted
SYLVILAGUS_SP_video_IMG_0008_image007.jpg,14,SYLVILAGUS_SP,2022-05-04 03:07:48,SYLVILAGUS_SP_extracted
SYLVILAGUS_SP_video_IMG_0008_image008.jpg,14,SYLVILAGUS_SP,2022-05-04 03:07:49,SYLVILAGUS_SP_extracted
SYLVILAGUS_SP_video_IMG_0008_image008.jpg,14,SYLVILAGUS_SP,2022-05-04 03:07:49,SYLVILAGUS_SP_extracted
SYLVILAGUS_SP_video_IMG_0008_image009.jpg,14,SYLVILAGUS_SP,2022-05-04 03:07:50,SYLVILAGUS_SP_extracted
SYLVILAGUS_SP_video_IMG_0008_image009.jpg,14,SYLVILAGUS_SP,2022-05-04 03:07:50,SYLVILAGUS_SP_extracted
SYLVILAGUS_SP_video_IMG_0008_image010.jpg,14,SYLVILAGUS_SP,2022-05-04 03:07:51,SYLVILAGUS_SP_extracted
SYLVILAGUS_SP_video_IMG_0008_image010.jpg,14,SYLVILAGUS_SP,2022-05-04 03:07:51,SYLVILAGUS_SP_extracted
SYLVILAGUS_SP_video_IMG_0011_image001.jpg,14,SYLVILAGUS_SP,2022-05-19 19:58:57,SYLVILAGUS_SP_extracted
SYLVILAGUS_SP_video_IMG_0011_image002.jpg,14,SYLVILAGUS_SP,2022-05-19 19:58:57,SYLVILAGUS_SP_extracted
SYLVILAGUS_SP_video_IMG_0011_image003.jpg,14,SYLVILAGUS_SP,2022-05-19 19:58:57,SYLVILAGUS_SP_extracted
SYLVILAGUS_SP_video_IMG_0011_image004.jpg,14,SYLVILAGUS_SP,2022-05-19 19:58:57,SYLVILAGUS_SP_extracted
SYLVILAGUS_SP_video_IMG_0011_image005.jpg,14,SYLVILAGUS_SP,2022-05-19 19:58:57,SYLVILAGUS_SP_extracted
SYLVILAGUS_SP_video_IMG_0011_image006.jpg,14,SYLVILAGUS_SP,2022-05-19 19:58:57,SYLVILAGUS_SP_extracted
SYLVILAGUS_SP_video_IMG_0011_image007.jpg,14,SYLVILAGUS_SP,2022-05-19 19:58:57,SYLVILAGUS_SP_extracted
SYLVILAGUS_SP_video_IMG_0011_image008.jpg,14,SYLVILAGUS_SP,2022-05-19 19:58:57,SYLVILAGUS_SP_extracted
SYLVILAGUS_SP_video_IMG_0011_image009.jpg,14,SYLVILAGUS_SP,2022-05-19 19:58:57,SYLVILAGUS_SP_extracted
SYLVILAGUS_SP_video_IMG_0011_image010.jpg,14,SYLVILAGUS_SP,2022-05-19 19:58:57,SYLVILAGUS_SP_extracted
SYLVILAGUS_SP_video_IMG_0012_image001.jpg,14,SYLVILAGUS_SP,2022-05-19 20:21:12,SYLVILAGUS_SP_extracted
SYLVILAGUS_SP_video_IMG_0012_image002.jpg,14,SYLVILAGUS_SP,2022-05-19 20:21:12,SYLVILAGUS_SP_extracted
SYLVILAGUS_SP_video_IMG_0012_image003.jpg,14,SYLVILAGUS_SP,2022-05-19 20:21:12,SYLVILAGUS_SP_extracted
SYLVILAGUS_SP_video_IMG_0012_image004.jpg,14,SYLVILAGUS_SP,2022-05-19 20:21:12,SYLVILAGUS_SP_extracted
SYLVILAGUS_SP_video_IMG_0012_image005.jpg,14,SYLVILAGUS_SP,2022-05-19 20:21:12,SYLVILAGUS_SP_extracted
SYLVILAGUS_SP_video_IMG_0012_image006.jpg,14,SYLVILAGUS_SP,2022-05-19 20:21:12,SYLVILAGUS_SP_extracted
SYLVILAGUS_SP_video_IMG_0012_image007.jpg,14,SYLVILAGUS_SP,2022-05-19 20:21:12,SYLVILAGUS_SP_extracted
SYLVILAGUS_SP_video_IMG_0012_image008.jpg,14,SYLVILAGUS_SP,2022-05-19 20:21:12,SYLVILAGUS_SP_extracted
SYLVILAGUS_SP_video_IMG_0012_image009.jpg,14,SYLVILAGUS_SP,2022-05-19 20:21:12,SYLVILAGUS_SP_extracted
SYLVILAGUS_SP_video_IMG_0012_image010.jpg,14,SYLVILAGUS_SP,2022-05-19 20:21:12,SYLVILAGUS_SP_extracted
SYLVILAGUS_SP_video_IMG_0013_image001.jpg,14,SYLVILAGUS_SP,,SYLVILAGUS_SP_extracted
SYLVILAGUS_SP_video_IMG_0013_image002.jpg,14,SYLVILAGUS_SP,,SYLVILAGUS_SP_extracted
SYLVILAGUS_SP_video_IMG_0013_image003.jpg,14,SYLVILAGUS_SP,,SYLVILAGUS_SP_extracted
SYLVILAGUS_SP_video_IMG_0014_image001.jpg,14,SYLVILAGUS_SP,,SYLVILAGUS_SP_extracted
SYLVILAGUS_SP_video_IMG_0014_image002.jpg,14,SYLVILAGUS_SP,,SYLVILAGUS_SP_extracted
SYLVILAGUS_SP_video_IMG_0014_image003.jpg,14,SYLVILAGUS_SP,,SYLVILAGUS_SP_extracted
SYLVILAGUS_SP_video_IMG_0015_image001.jpg,14,SYLVILAGUS_SP,,SYLVILAGUS_SP_extracted
SYLVILAGUS_SP_video_IMG_0015_image001.jpg,14,SYLVILAGUS_SP,,SYLVILAGUS_SP_extracted
SYLVILAGUS_SP_video_IMG_0015_image002.jpg,14,SYLVILAGUS_SP,,SYLVILAGUS_SP_extracted
SYLVILAGUS_SP_video_IMG_0015_image002.jpg,14,SYLVILAGUS_SP,,SYLVILAGUS_SP_extracted
SYLVILAGUS_SP_video_IMG_0015_image003.jpg,14,SYLVILAGUS_SP,,SYLVILAGUS_SP_extracted
SYLVILAGUS_SP_video_IMG_0015_image004.jpg,14,SYLVILAGUS_SP,,SYLVILAGUS_SP_extracted
SYLVILAGUS_SP_video_IMG_0015_image005.jpg,14,SYLVILAGUS_SP,,SYLVILAGUS_SP_extracted
SYLVILAGUS_SP_video_IMG_0015_image006.jpg,14,SYLVILAGUS_SP,,SYLVILAGUS_SP_extracted
SYLVILAGUS_SP_video_IMG_0015_image006.jpg,14,SYLVILAGUS_SP,,SYLVILAGUS_SP_extracted
SYLVILAGUS_SP_video_IMG_0015_image007.jpg,14,SYLVILAGUS_SP,,SYLVILAGUS_SP_extracted
SYLVILAGUS_SP_video_IMG_0015_image008.jpg,14,SYLVILAGUS_SP,,SYLVILAGUS_SP_extracted
SYLVILAGUS_SP_video_IMG_0015_image009.jpg,14,SYLVILAGUS_SP,,SYLVILAGUS_SP_extracted
SYLVILAGUS_SP_video_IMG_0015_image010.jpg,14,SYLVILAGUS_SP,,SYLVILAGUS_SP_extracted
SYLVILAGUS_SP_video_IMG_0016 (2)_image001.jpg,14,SYLVILAGUS_SP,2022-05-21 02:02:18,SYLVILAGUS_SP_extracted
SYLVILAGUS_SP_video_IMG_0016 (2)_image002.jpg,14,SYLVILAGUS_SP,2022-05-21 02:02:18,SYLVILAGUS_SP_extracted
SYLVILAGUS_SP_video_IMG_0016 (2)_image003.jpg,14,SYLVILAGUS_SP,2022-05-21 02:02:18,SYLVILAGUS_SP_extracted
SYLVILAGUS_SP_video_IMG_0016 (2)_image004.jpg,14,SYLVILAGUS_SP,2022-05-21 02:02:18,SYLVILAGUS_SP_extracted
SYLVILAGUS_SP_video_IMG_0016 (2)_image005.jpg,14,SYLVILAGUS_SP,2022-05-21 02:02:18,SYLVILAGUS_SP_extracted
SYLVILAGUS_SP_video_IMG_0016 (2)_image006.jpg,14,SYLVILAGUS_SP,2022-05-21 02:02:18,SYLVILAGUS_SP_extracted
SYLVILAGUS_SP_video_IMG_0016 (2)_image007.jpg,14,SYLVILAGUS_SP,2022-05-21 02:02:18,SYLVILAGUS_SP_extracted
SYLVILAGUS_SP_video_IMG_0016 (2)_image008.jpg,14,SYLVILAGUS_SP,2022-05-21 02:02:18,SYLVILAGUS_SP_extracted
SYLVILAGUS_SP_video_IMG_0016 (2)_image009.jpg,14,SYLVILAGUS_SP,2022-05-21 02:02:18,SYLVILAGUS_SP_extracted
SYLVILAGUS_SP_video_IMG_0016 (2)_image010.jpg,14,SYLVILAGUS_SP,2022-05-21 02:02:18,SYLVILAGUS_SP_extracted
SYLVILAGUS_SP_video_IMG_0016_image001.jpg,14,SYLVILAGUS_SP,2022-10-14 01:36:33,SYLVILAGUS_SP_extracted
SYLVILAGUS_SP_video_IMG_0016_image002.jpg,14,SYLVILAGUS_SP,2022-10-14 01:36:34,SYLVILAGUS_SP_extracted
SYLVILAGUS_SP_video_IMG_0016_image003.jpg,14,SYLVILAGUS_SP,2022-10-14 01:36:35,SYLVILAGUS_SP_extracted
SYLVILAGUS_SP_video_IMG_0016_image004.jpg,14,SYLVILAGUS_SP,2022-10-14 01:36:36,SYLVILAGUS_SP_extracted
SYLVILAGUS_SP_video_IMG_0016_image005.jpg,14,SYLVILAGUS_SP,2022-10-14 01:36:37,SYLVILAGUS_SP_extracted
SYLVILAGUS_SP_video_IMG_0016_image006.jpg,14,SYLVILAGUS_SP,2022-10-14 01:36:38,SYLVILAGUS_SP_extracted
SYLVILAGUS_SP_video_IMG_0016_image007.jpg,14,SYLVILAGUS_SP,2022-10-14 01:36:39,SYLVILAGUS_SP_extracted
SYLVILAGUS_SP_video_IMG_0016_image008.jpg,14,SYLVILAGUS_SP,2022-10-14 01:36:40,SYLVILAGUS_SP_extracted
SYLVILAGUS_SP_video_IMG_0016_image009.jpg,14,SYLVILAGUS_SP,2022-10-14 01:36:41,SYLVILAGUS_SP_extracted
SYLVILAGUS_SP_video_IMG_0016_image010.jpg,14,SYLVILAGUS_SP,2022-10-14 01:36:42,SYLVILAGUS_SP_extracted
SYLVILAGUS_SP_video_IMG_0017_image001.jpg,14,SYLVILAGUS_SP,2022-05-21 07:03:17,SYLVILAGUS_SP_extracted
SYLVILAGUS_SP_video_IMG_0017_image002.jpg,14,SYLVILAGUS_SP,2022-05-21 07:03:18,SYLVILAGUS_SP_extracted
SYLVILAGUS_SP_video_IMG_0017_image003.jpg,14,SYLVILAGUS_SP,2022-05-21 07:03:19,SYLVILAGUS_SP_extracted
SYLVILAGUS_SP_video_IMG_0017_image004.jpg,14,SYLVILAGUS_SP,2022-05-21 07:03:20,SYLVILAGUS_SP_extracted
SYLVILAGUS_SP_video_IMG_0018_image001.jpg,14,SYLVILAGUS_SP,2022-05-21 07:26:14,SYLVILAGUS_SP_extracted
SYLVILAGUS_SP_video_IMG_0018_image002.jpg,14,SYLVILAGUS_SP,2022-05-21 07:26:15,SYLVILAGUS_SP_extracted
SYLVILAGUS_SP_video_IMG_0018_image003.jpg,14,SYLVILAGUS_SP,2022-05-21 07:26:16,SYLVILAGUS_SP_extracted
SYLVILAGUS_SP_video_IMG_0018_image004.jpg,14,SYLVILAGUS_SP,2022-05-21 07:26:17,SYLVILAGUS_SP_extracted
SYLVILAGUS_SP_video_IMG_0018_image005.jpg,14,SYLVILAGUS_SP,2022-05-21 07:26:18,SYLVILAGUS_SP_extracted
SYLVILAGUS_SP_video_IMG_0020_image001.jpg,14,SYLVILAGUS_SP,2022-05-22 04:24:25,SYLVILAGUS_SP_extracted
SYLVILAGUS_SP_video_IMG_0020_image002.jpg,14,SYLVILAGUS_SP,2022-05-22 04:24:25,SYLVILAGUS_SP_extracted
SYLVILAGUS_SP_video_IMG_0020_image003.jpg,14,SYLVILAGUS_SP,2022-05-22 04:24:25,SYLVILAGUS_SP_extracted
SYLVILAGUS_SP_video_IMG_0020_image004.jpg,14,SYLVILAGUS_SP,2022-05-22 04:24:25,SYLVILAGUS_SP_extracted
SYLVILAGUS_SP_video_IMG_0020_image005.jpg,14,SYLVILAGUS_SP,2022-05-22 04:24:25,SYLVILAGUS_SP_extracted
SYLVILAGUS_SP_video_IMG_0020_image006.jpg,14,SYLVILAGUS_SP,2022-05-22 04:24:25,SYLVILAGUS_SP_extracted
SYLVILAGUS_SP_video_IMG_0020_image007.jpg,14,SYLVILAGUS_SP,2022-05-22 04:24:25,SYLVILAGUS_SP_extracted
SYLVILAGUS_SP_video_IMG_0020_image008.jpg,14,SYLVILAGUS_SP,2022-05-22 04:24:25,SYLVILAGUS_SP_extracted
SYLVILAGUS_SP_video_IMG_0020_image009.jpg,14,SYLVILAGUS_SP,2022-05-22 04:24:25,SYLVILAGUS_SP_extracted
SYLVILAGUS_SP_video_IMG_0020_image010.jpg,14,SYLVILAGUS_SP,2022-05-22 04:24:25,SYLVILAGUS_SP_extracted
SYLVILAGUS_SP_video_IMG_0021_image001.jpg,14,SYLVILAGUS_SP,2022-05-22 04:31:49,SYLVILAGUS_SP_extracted
SYLVILAGUS_SP_video_IMG_0021_image002.jpg,14,SYLVILAGUS_SP,2022-05-22 04:31:49,SYLVILAGUS_SP_extracted
SYLVILAGUS_SP_video_IMG_0021_image003.jpg,14,SYLVILAGUS_SP,2022-05-22 04:31:49,SYLVILAGUS_SP_extracted
SYLVILAGUS_SP_video_IMG_0021_image004.jpg,14,SYLVILAGUS_SP,2022-05-22 04:31:49,SYLVILAGUS_SP_extracted
SYLVILAGUS_SP_video_IMG_0021_image005.jpg,14,SYLVILAGUS_SP,2022-05-22 04:31:49,SYLVILAGUS_SP_extracted
SYLVILAGUS_SP_video_IMG_0021_image006.jpg,14,SYLVILAGUS_SP,2022-05-22 04:31:49,SYLVILAGUS_SP_extracted
SYLVILAGUS_SP_video_IMG_0021_image007.jpg,14,SYLVILAGUS_SP,2022-05-22 04:31:49,SYLVILAGUS_SP_extracted
SYLVILAGUS_SP_video_IMG_0021_image008.jpg,14,SYLVILAGUS_SP,2022-05-22 04:31:49,SYLVILAGUS_SP_extracted
SYLVILAGUS_SP_video_IMG_0021_image009.jpg,14,SYLVILAGUS_SP,2022-05-22 04:31:49,SYLVILAGUS_SP_extracted
SYLVILAGUS_SP_video_IMG_0021_image010.jpg,14,SYLVILAGUS_SP,2022-05-22 04:31:49,SYLVILAGUS_SP_extracted
SYLVILAGUS_SP_video_IMG_0022_image001.jpg,14,SYLVILAGUS_SP,2022-05-22 05:48:16,SYLVILAGUS_SP_extracted
SYLVILAGUS_SP_video_IMG_0022_image002.jpg,14,SYLVILAGUS_SP,2022-05-22 05:48:17,SYLVILAGUS_SP_extracted
SYLVILAGUS_SP_video_IMG_0022_image006.jpg,14,SYLVILAGUS_SP,2022-05-22 05:48:21,SYLVILAGUS_SP_extracted
SYLVILAGUS_SP_video_IMG_0023_image001.jpg,14,SYLVILAGUS_SP,2022-05-22 17:07:54,SYLVILAGUS_SP_extracted
SYLVILAGUS_SP_video_IMG_0023_image002.jpg,14,SYLVILAGUS_SP,2022-05-22 17:07:55,SYLVILAGUS_SP_extracted
SYLVILAGUS_SP_video_IMG_0023_image003.jpg,14,SYLVILAGUS_SP,2022-05-22 17:07:56,SYLVILAGUS_SP_extracted
SYLVILAGUS_SP_video_IMG_0023_image004.jpg,14,SYLVILAGUS_SP,2022-05-22 17:07:57,SYLVILAGUS_SP_extracted
SYLVILAGUS_SP_video_IMG_0023_image005.jpg,14,SYLVILAGUS_SP,2022-05-22 17:07:58,SYLVILAGUS_SP_extracted
SYLVILAGUS_SP_video_IMG_0023_image006.jpg,14,SYLVILAGUS_SP,2022-05-22 17:07:59,SYLVILAGUS_SP_extracted
SYLVILAGUS_SP_video_IMG_0023_image007.jpg,14,SYLVILAGUS_SP,2022-05-22 17:08:00,SYLVILAGUS_SP_extracted
SYLVILAGUS_SP_video_IMG_0023_image008.jpg,14,SYLVILAGUS_SP,2022-05-22 17:08:01,SYLVILAGUS_SP_extracted
SYLVILAGUS_SP_video_IMG_0023_image009.jpg,14,SYLVILAGUS_SP,2022-05-22 17:08:02,SYLVILAGUS_SP_extracted
SYLVILAGUS_SP_video_IMG_0023_image010.jpg,14,SYLVILAGUS_SP,2022-05-22 17:08:03,SYLVILAGUS_SP_extracted
SYLVILAGUS_SP_video_IMG_0024 (2)_image001.jpg,14,SYLVILAGUS_SP,2022-05-22 19:37:27,SYLVILAGUS_SP_extracted
SYLVILAGUS_SP_video_IMG_0024 (2)_image002.jpg,14,SYLVILAGUS_SP,2022-05-22 19:37:27,SYLVILAGUS_SP_extracted
SYLVILAGUS_SP_video_IMG_0024 (2)_image003.jpg,14,SYLVILAGUS_SP,2022-05-22 19:37:27,SYLVILAGUS_SP_extracted
SYLVILAGUS_SP_video_IMG_0024 (2)_image004.jpg,14,SYLVILAGUS_SP,2022-05-22 19:37:27,SYLVILAGUS_SP_extracted
SYLVILAGUS_SP_video_IMG_0024 (2)_image005.jpg,14,SYLVILAGUS_SP,2022-05-22 19:37:27,SYLVILAGUS_SP_extracted
SYLVILAGUS_SP_video_IMG_0024 (2)_image006.jpg,14,SYLVILAGUS_SP,2022-05-22 19:37:27,SYLVILAGUS_SP_extracted
SYLVILAGUS_SP_video_IMG_0024 (2)_image007.jpg,14,SYLVILAGUS_SP,2022-05-22 19:37:27,SYLVILAGUS_SP_extracted
SYLVILAGUS_SP_video_IMG_0024 (2)_image008.jpg,14,SYLVILAGUS_SP,2022-05-22 19:37:27,SYLVILAGUS_SP_extracted
SYLVILAGUS_SP_video_IMG_0024 (2)_image009.jpg,14,SYLVILAGUS_SP,2022-05-22 19:37:27,SYLVILAGUS_SP_extracted
SYLVILAGUS_SP_video_IMG_0024 (2)_image010.jpg,14,SYLVILAGUS_SP,2022-05-22 19:37:27,SYLVILAGUS_SP_extracted
SYLVILAGUS_SP_video_IMG_0024_image001.jpg,14,SYLVILAGUS_SP,2022-07-21 04:35:48,SYLVILAGUS_SP_extracted
SYLVILAGUS_SP_video_IMG_0024_image002.jpg,14,SYLVILAGUS_SP,2022-07-21 04:35:49,SYLVILAGUS_SP_extracted
SYLVILAGUS_SP_video_IMG_0024_image003.jpg,14,SYLVILAGUS_SP,2022-07-21 04:35:50,SYLVILAGUS_SP_extracted
SYLVILAGUS_SP_video_IMG_0024_image004.jpg,14,SYLVILAGUS_SP,2022-07-21 04:35:51,SYLVILAGUS_SP_extracted
SYLVILAGUS_SP_video_IMG_0024_image005.jpg,14,SYLVILAGUS_SP,2022-07-21 04:35:52,SYLVILAGUS_SP_extracted
SYLVILAGUS_SP_video_IMG_0024_image006.jpg,14,SYLVILAGUS_SP,2022-07-21 04:35:53,SYLVILAGUS_SP_extracted
SYLVILAGUS_SP_video_IMG_0024_image007.jpg,14,SYLVILAGUS_SP,2022-07-21 04:35:54,SYLVILAGUS_SP_extracted
SYLVILAGUS_SP_video_IMG_0025 (2)_image001.jpg,14,SYLVILAGUS_SP,2022-05-19 23:03:35,SYLVILAGUS_SP_extracted
SYLVILAGUS_SP_video_IMG_0025 (2)_image002.jpg,14,SYLVILAGUS_SP,2022-05-19 23:03:36,SYLVILAGUS_SP_extracted
SYLVILAGUS_SP_video_IMG_0025 (2)_image003.jpg,14,SYLVILAGUS_SP,2022-05-19 23:03:37,SYLVILAGUS_SP_extracted
SYLVILAGUS_SP_video_IMG_0025 (2)_image004.jpg,14,SYLVILAGUS_SP,2022-05-19 23:03:38,SYLVILAGUS_SP_extracted
SYLVILAGUS_SP_video_IMG_0025 (2)_image005.jpg,14,SYLVILAGUS_SP,2022-05-19 23:03:39,SYLVILAGUS_SP_extracted
SYLVILAGUS_SP_video_IMG_0025 (2)_image005.jpg,14,SYLVILAGUS_SP,2022-05-19 23:03:39,SYLVILAGUS_SP_extracted
SYLVILAGUS_SP_video_IMG_0025 (2)_image006.jpg,14,SYLVILAGUS_SP,2022-05-19 23:03:40,SYLVILAGUS_SP_extracted
SYLVILAGUS_SP_video_IMG_0025_image001.jpg,14,SYLVILAGUS_SP,2022-05-23 03:32:54,SYLVILAGUS_SP_extracted
SYLVILAGUS_SP_video_IMG_0025_image002.jpg,14,SYLVILAGUS_SP,2022-05-23 03:32:54,SYLVILAGUS_SP_extracted
SYLVILAGUS_SP_video_IMG_0025_image003.jpg,14,SYLVILAGUS_SP,2022-05-23 03:32:54,SYLVILAGUS_SP_extracted
SYLVILAGUS_SP_video_IMG_0025_image004.jpg,14,SYLVILAGUS_SP,2022-05-23 03:32:54,SYLVILAGUS_SP_extracted
SYLVILAGUS_SP_video_IMG_0025_image005.jpg,14,SYLVILAGUS_SP,2022-05-23 03:32:54,SYLVILAGUS_SP_extracted
SYLVILAGUS_SP_video_IMG_0025_image006.jpg,14,SYLVILAGUS_SP,2022-05-23 03:32:54,SYLVILAGUS_SP_extracted
SYLVILAGUS_SP_video_IMG_0025_image007.jpg,14,SYLVILAGUS_SP,2022-05-23 03:32:54,SYLVILAGUS_SP_extracted
SYLVILAGUS_SP_video_IMG_0025_image008.jpg,14,SYLVILAGUS_SP,2022-05-23 03:32:54,SYLVILAGUS_SP_extracted
SYLVILAGUS_SP_video_IMG_0025_image009.jpg,14,SYLVILAGUS_SP,2022-05-23 03:32:54,SYLVILAGUS_SP_extracted
SYLVILAGUS_SP_video_IMG_0025_image010.jpg,14,SYLVILAGUS_SP,2022-05-23 03:32:54,SYLVILAGUS_SP_extracted
SYLVILAGUS_SP_video_IMG_0026 (2)_image002.jpg,14,SYLVILAGUS_SP,2022-05-19 23:47:25,SYLVILAGUS_SP_extracted
SYLVILAGUS_SP_video_IMG_0026 (2)_image003.jpg,14,SYLVILAGUS_SP,2022-05-19 23:47:26,SYLVILAGUS_SP_extracted
SYLVILAGUS_SP_video_IMG_0026 (2)_image004.jpg,14,SYLVILAGUS_SP,2022-05-19 23:47:27,SYLVILAGUS_SP_extracted
SYLVILAGUS_SP_video_IMG_0026 (2)_image005.jpg,14,SYLVILAGUS_SP,2022-05-19 23:47:28,SYLVILAGUS_SP_extracted
SYLVILAGUS_SP_video_IMG_0026 (2)_image005.jpg,14,SYLVILAGUS_SP,2022-05-19 23:47:28,SYLVILAGUS_SP_extracted
SYLVILAGUS_SP_video_IMG_0026 (3)_image001.jpg,14,SYLVILAGUS_SP,2022-05-16 03:19:56,SYLVILAGUS_SP_extracted
SYLVILAGUS_SP_video_IMG_0026 (3)_image001.jpg,14,SYLVILAGUS_SP,2022-05-16 03:19:56,SYLVILAGUS_SP_extracted
SYLVILAGUS_SP_video_IMG_0026 (3)_image002.jpg,14,SYLVILAGUS_SP,2022-05-16 03:19:57,SYLVILAGUS_SP_extracted
SYLVILAGUS_SP_video_IMG_0026 (3)_image004.jpg,14,SYLVILAGUS_SP,2022-05-16 03:19:59,SYLVILAGUS_SP_extracted
SYLVILAGUS_SP_video_IMG_0026 (3)_image005.jpg,14,SYLVILAGUS_SP,2022-05-16 03:20:00,SYLVILAGUS_SP_extracted
SYLVILAGUS_SP_video_IMG_0026 (3)_image006.jpg,14,SYLVILAGUS_SP,2022-05-16 03:20:01,SYLVILAGUS_SP_extracted
SYLVILAGUS_SP_video_IMG_0026 (3)_image007.jpg,14,SYLVILAGUS_SP,2022-05-16 03:20:02,SYLVILAGUS_SP_extracted
SYLVILAGUS_SP_video_IMG_0026 (3)_image008.jpg,14,SYLVILAGUS_SP,2022-05-16 03:20:03,SYLVILAGUS_SP_extracted
SYLVILAGUS_SP_video_IMG_0026 (3)_image009.jpg,14,SYLVILAGUS_SP,2022-05-16 03:20:04,SYLVILAGUS_SP_extracted
SYLVILAGUS_SP_video_IMG_0026_image001.jpg,14,SYLVILAGUS_SP,2022-05-23 07:06:20,SYLVILAGUS_SP_extracted
SYLVILAGUS_SP_video_IMG_0026_image002.jpg,14,SYLVILAGUS_SP,2022-05-23 07:06:21,SYLVILAGUS_SP_extracted
SYLVILAGUS_SP_video_IMG_0026_image003.jpg,14,SYLVILAGUS_SP,2022-05-23 07:06:22,SYLVILAGUS_SP_extracted
SYLVILAGUS_SP_video_IMG_0026_image004.jpg,14,SYLVILAGUS_SP,2022-05-23 07:06:23,SYLVILAGUS_SP_extracted
SYLVILAGUS_SP_video_IMG_0026_image005.jpg,14,SYLVILAGUS_SP,2022-05-23 07:06:24,SYLVILAGUS_SP_extracted
SYLVILAGUS_SP_video_IMG_0026_image006.jpg,14,SYLVILAGUS_SP,2022-05-23 07:06:25,SYLVILAGUS_SP_extracted
SYLVILAGUS_SP_video_IMG_0026_image007.jpg,14,SYLVILAGUS_SP,2022-05-23 07:06:26,SYLVILAGUS_SP_extracted
SYLVILAGUS_SP_video_IMG_0026_image008.jpg,14,SYLVILAGUS_SP,2022-05-23 07:06:27,SYLVILAGUS_SP_extracted
SYLVILAGUS_SP_video_IMG_0026_image009.jpg,14,SYLVILAGUS_SP,2022-05-23 07:06:28,SYLVILAGUS_SP_extracted
SYLVILAGUS_SP_video_IMG_0026_image010.jpg,14,SYLVILAGUS_SP,2022-05-23 07:06:29,SYLVILAGUS_SP_extracted
SYLVILAGUS_SP_video_IMG_0027_image001.jpg,14,SYLVILAGUS_SP,2022-05-23 07:47:40,SYLVILAGUS_SP_extracted
SYLVILAGUS_SP_video_IMG_0027_image001.jpg,14,SYLVILAGUS_SP,2022-05-23 07:47:40,SYLVILAGUS_SP_extracted
SYLVILAGUS_SP_video_IMG_0027_image002.jpg,14,SYLVILAGUS_SP,2022-05-23 07:47:41,SYLVILAGUS_SP_extracted
SYLVILAGUS_SP_video_IMG_0027_image003.jpg,14,SYLVILAGUS_SP,2022-05-23 07:47:42,SYLVILAGUS_SP_extracted
SYLVILAGUS_SP_video_IMG_0027_image004.jpg,14,SYLVILAGUS_SP,2022-05-23 07:47:43,SYLVILAGUS_SP_extracted
SYLVILAGUS_SP_video_IMG_0027_image004.jpg,14,SYLVILAGUS_SP,2022-05-23 07:47:43,SYLVILAGUS_SP_extracted
SYLVILAGUS_SP_video_IMG_0027_image005.jpg,14,SYLVILAGUS_SP,2022-05-23 07:47:44,SYLVILAGUS_SP_extracted
SYLVILAGUS_SP_video_IMG_0027_image005.jpg,14,SYLVILAGUS_SP,2022-05-23 07:47:44,SYLVILAGUS_SP_extracted
SYLVILAGUS_SP_video_IMG_0027_image006.jpg,14,SYLVILAGUS_SP,2022-05-23 07:47:45,SYLVILAGUS_SP_extracted
SYLVILAGUS_SP_video_IMG_0027_image007.jpg,14,SYLVILAGUS_SP,2022-05-23 07:47:46,SYLVILAGUS_SP_extracted
SYLVILAGUS_SP_video_IMG_0027_image007.jpg,14,SYLVILAGUS_SP,2022-05-23 07:47:46,SYLVILAGUS_SP_extracted
SYLVILAGUS_SP_video_IMG_0027_image008.jpg,14,SYLVILAGUS_SP,2022-05-23 07:47:47,SYLVILAGUS_SP_extracted
SYLVILAGUS_SP_video_IMG_0027_image008.jpg,14,SYLVILAGUS_SP,2022-05-23 07:47:47,SYLVILAGUS_SP_extracted
SYLVILAGUS_SP_video_IMG_0027_image009.jpg,14,SYLVILAGUS_SP,2022-05-23 07:47:48,SYLVILAGUS_SP_extracted
SYLVILAGUS_SP_video_IMG_0027_image009.jpg,14,SYLVILAGUS_SP,2022-05-23 07:47:48,SYLVILAGUS_SP_extracted
SYLVILAGUS_SP_video_IMG_0027_image010.jpg,14,SYLVILAGUS_SP,2022-05-23 07:47:49,SYLVILAGUS_SP_extracted
SYLVILAGUS_SP_video_IMG_0027_image010.jpg,14,SYLVILAGUS_SP,2022-05-23 07:47:49,SYLVILAGUS_SP_extracted
SYLVILAGUS_SP_video_IMG_0028_image001.jpg,14,SYLVILAGUS_SP,2022-05-23 08:06:51,SYLVILAGUS_SP_extracted
SYLVILAGUS_SP_video_IMG_0028_image002.jpg,14,SYLVILAGUS_SP,2022-05-23 08:06:52,SYLVILAGUS_SP_extracted
SYLVILAGUS_SP_video_IMG_0028_image003.jpg,14,SYLVILAGUS_SP,2022-05-23 08:06:53,SYLVILAGUS_SP_extracted
SYLVILAGUS_SP_video_IMG_0028_image004.jpg,14,SYLVILAGUS_SP,2022-05-23 08:06:54,SYLVILAGUS_SP_extracted
SYLVILAGUS_SP_video_IMG_0028_image005.jpg,14,SYLVILAGUS_SP,2022-05-23 08:06:55,SYLVILAGUS_SP_extracted
SYLVILAGUS_SP_video_IMG_0028_image006.jpg,14,SYLVILAGUS_SP,2022-05-23 08:06:56,SYLVILAGUS_SP_extracted
SYLVILAGUS_SP_video_IMG_0028_image007.jpg,14,SYLVILAGUS_SP,2022-05-23 08:06:57,SYLVILAGUS_SP_extracted
SYLVILAGUS_SP_video_IMG_0028_image007.jpg,14,SYLVILAGUS_SP,2022-05-23 08:06:57,SYLVILAGUS_SP_extracted
SYLVILAGUS_SP_video_IMG_0028_image008.jpg,14,SYLVILAGUS_SP,2022-05-23 08:06:58,SYLVILAGUS_SP_extracted
SYLVILAGUS_SP_video_IMG_0028_image009.jpg,14,SYLVILAGUS_SP,2022-05-23 08:06:59,SYLVILAGUS_SP_extracted
SYLVILAGUS_SP_video_IMG_0028_image010.jpg,14,SYLVILAGUS_SP,2022-05-23 08:07:00,SYLVILAGUS_SP_extracted
SYLVILAGUS_SP_video_IMG_0029 (2)_image001.jpg,14,SYLVILAGUS_SP,2022-05-23 09:06:28,SYLVILAGUS_SP_extracted
SYLVILAGUS_SP_video_IMG_0029 (2)_image002.jpg,14,SYLVILAGUS_SP,2022-05-23 09:06:29,SYLVILAGUS_SP_extracted
SYLVILAGUS_SP_video_IMG_0029 (2)_image003.jpg,14,SYLVILAGUS_SP,2022-05-23 09:06:30,SYLVILAGUS_SP_extracted
SYLVILAGUS_SP_video_IMG_0029 (2)_image004.jpg,14,SYLVILAGUS_SP,2022-05-23 09:06:31,SYLVILAGUS_SP_extracted
SYLVILAGUS_SP_video_IMG_0029 (2)_image005.jpg,14,SYLVILAGUS_SP,2022-05-23 09:06:32,SYLVILAGUS_SP_extracted
SYLVILAGUS_SP_video_IMG_0029 (2)_image006.jpg,14,SYLVILAGUS_SP,2022-05-23 09:06:33,SYLVILAGUS_SP_extracted
SYLVILAGUS_SP_video_IMG_0029 (2)_image007.jpg,14,SYLVILAGUS_SP,2022-05-23 09:06:34,SYLVILAGUS_SP_extracted
SYLVILAGUS_SP_video_IMG_0029 (2)_image009.jpg,14,SYLVILAGUS_SP,2022-05-23 09:06:36,SYLVILAGUS_SP_extracted
SYLVILAGUS_SP_video_IMG_0029 (2)_image010.jpg,14,SYLVILAGUS_SP,2022-05-23 09:06:37,SYLVILAGUS_SP_extracted
SYLVILAGUS_SP_video_IMG_0029_image001.jpg,14,SYLVILAGUS_SP,2022-10-16 02:22:03,SYLVILAGUS_SP_extracted
SYLVILAGUS_SP_video_IMG_0029_image002.jpg,14,SYLVILAGUS_SP,2022-10-16 02:22:04,SYLVILAGUS_SP_extracted
SYLVILAGUS_SP_video_IMG_0029_image003.jpg,14,SYLVILAGUS_SP,2022-10-16 02:22:05,SYLVILAGUS_SP_extracted
SYLVILAGUS_SP_video_IMG_0029_image004.jpg,14,SYLVILAGUS_SP,2022-10-16 02:22:06,SYLVILAGUS_SP_extracted
SYLVILAGUS_SP_video_IMG_0029_image005.jpg,14,SYLVILAGUS_SP,2022-10-16 02:22:07,SYLVILAGUS_SP_extracted
SYLVILAGUS_SP_video_IMG_0029_image006.jpg,14,SYLVILAGUS_SP,2022-10-16 02:22:08,SYLVILAGUS_SP_extracted
SYLVILAGUS_SP_video_IMG_0029_image007.jpg,14,SYLVILAGUS_SP,2022-10-16 02:22:09,SYLVILAGUS_SP_extracted
SYLVILAGUS_SP_video_IMG_0029_image008.jpg,14,SYLVILAGUS_SP,2022-10-16 02:22:10,SYLVILAGUS_SP_extracted
SYLVILAGUS_SP_video_IMG_0029_image009.jpg,14,SYLVILAGUS_SP,2022-10-16 02:22:11,SYLVILAGUS_SP_extracted
SYLVILAGUS_SP_video_IMG_0029_image010.jpg,14,SYLVILAGUS_SP,2022-10-16 02:22:12,SYLVILAGUS_SP_extracted
SYLVILAGUS_SP_video_IMG_0033_image001.jpg,14,SYLVILAGUS_SP,2022-05-23 10:37:25,SYLVILAGUS_SP_extracted
SYLVILAGUS_SP_video_IMG_0033_image002.jpg,14,SYLVILAGUS_SP,2022-05-23 10:37:26,SYLVILAGUS_SP_extracted
SYLVILAGUS_SP_video_IMG_0033_image003.jpg,14,SYLVILAGUS_SP,2022-05-23 10:37:27,SYLVILAGUS_SP_extracted
SYLVILAGUS_SP_video_IMG_0033_image004.jpg,14,SYLVILAGUS_SP,2022-05-23 10:37:28,SYLVILAGUS_SP_extracted
SYLVILAGUS_SP_video_IMG_0033_image005.jpg,14,SYLVILAGUS_SP,2022-05-23 10:37:29,SYLVILAGUS_SP_extracted
SYLVILAGUS_SP_video_IMG_0033_image006.jpg,14,SYLVILAGUS_SP,2022-05-23 10:37:30,SYLVILAGUS_SP_extracted
SYLVILAGUS_SP_video_IMG_0033_image006.jpg,14,SYLVILAGUS_SP,2022-05-23 10:37:30,SYLVILAGUS_SP_extracted
SYLVILAGUS_SP_video_IMG_0033_image007.jpg,14,SYLVILAGUS_SP,2022-05-23 10:37:31,SYLVILAGUS_SP_extracted
SYLVILAGUS_SP_video_IMG_0033_image007.jpg,14,SYLVILAGUS_SP,2022-05-23 10:37:31,SYLVILAGUS_SP_extracted
SYLVILAGUS_SP_video_IMG_0033_image008.jpg,14,SYLVILAGUS_SP,2022-05-23 10:37:32,SYLVILAGUS_SP_extracted
SYLVILAGUS_SP_video_IMG_0033_image009.jpg,14,SYLVILAGUS_SP,2022-05-23 10:37:33,SYLVILAGUS_SP_extracted
SYLVILAGUS_SP_video_IMG_0033_image010.jpg,14,SYLVILAGUS_SP,2022-05-23 10:37:34,SYLVILAGUS_SP_extracted
SYLVILAGUS_SP_video_IMG_0034_image001.jpg,14,SYLVILAGUS_SP,2022-05-23 11:05:34,SYLVILAGUS_SP_extracted
SYLVILAGUS_SP_video_IMG_0034_image002.jpg,14,SYLVILAGUS_SP,2022-05-23 11:05:35,SYLVILAGUS_SP_extracted
SYLVILAGUS_SP_video_IMG_0034_image003.jpg,14,SYLVILAGUS_SP,2022-05-23 11:05:36,SYLVILAGUS_SP_extracted
SYLVILAGUS_SP_video_IMG_0034_image004.jpg,14,SYLVILAGUS_SP,2022-05-23 11:05:37,SYLVILAGUS_SP_extracted
SYLVILAGUS_SP_video_IMG_0034_image005.jpg,14,SYLVILAGUS_SP,2022-05-23 11:05:38,SYLVILAGUS_SP_extracted
SYLVILAGUS_SP_video_IMG_0034_image005.jpg,14,SYLVILAGUS_SP,2022-05-23 11:05:38,SYLVILAGUS_SP_extracted
SYLVILAGUS_SP_video_IMG_0034_image007.jpg,14,SYLVILAGUS_SP,2022-05-23 11:05:40,SYLVILAGUS_SP_extracted
SYLVILAGUS_SP_video_IMG_0034_image008.jpg,14,SYLVILAGUS_SP,2022-05-23 11:05:41,SYLVILAGUS_SP_extracted
SYLVILAGUS_SP_video_IMG_0034_image009.jpg,14,SYLVILAGUS_SP,2022-05-23 11:05:42,SYLVILAGUS_SP_extracted
SYLVILAGUS_SP_video_IMG_0034_image010.jpg,14,SYLVILAGUS_SP,2022-05-23 11:05:43,SYLVILAGUS_SP_extracted
SYLVILAGUS_SP_video_IMG_0036_image001.jpg,14,SYLVILAGUS_SP,2022-05-23 14:50:02,SYLVILAGUS_SP_extracted
SYLVILAGUS_SP_video_IMG_0036_image002.jpg,14,SYLVILAGUS_SP,2022-05-23 14:50:03,SYLVILAGUS_SP_extracted
SYLVILAGUS_SP_video_IMG_0036_image003.jpg,14,SYLVILAGUS_SP,2022-05-23 14:50:04,SYLVILAGUS_SP_extracted
SYLVILAGUS_SP_video_IMG_0036_image004.jpg,14,SYLVILAGUS_SP,2022-05-23 14:50:05,SYLVILAGUS_SP_extracted
SYLVILAGUS_SP_video_IMG_0036_image005.jpg,14,SYLVILAGUS_SP,2022-05-23 14:50:06,SYLVILAGUS_SP_extracted
SYLVILAGUS_SP_video_IMG_0036_image006.jpg,14,SYLVILAGUS_SP,2022-05-23 14:50:07,SYLVILAGUS_SP_extracted
SYLVILAGUS_SP_video_IMG_0036_image007.jpg,14,SYLVILAGUS_SP,2022-05-23 14:50:08,SYLVILAGUS_SP_extracted
SYLVILAGUS_SP_video_IMG_0036_image008.jpg,14,SYLVILAGUS_SP,2022-05-23 14:50:09,SYLVILAGUS_SP_extracted
SYLVILAGUS_SP_video_IMG_0036_image010.jpg,14,SYLVILAGUS_SP,2022-05-23 14:50:11,SYLVILAGUS_SP_extracted
SYLVILAGUS_SP_video_IMG_0037_image001.jpg,14,SYLVILAGUS_SP,2022-06-05 03:58:32,SYLVILAGUS_SP_extracted
SYLVILAGUS_SP_video_IMG_0037_image002.jpg,14,SYLVILAGUS_SP,2022-06-05 03:58:33,SYLVILAGUS_SP_extracted
SYLVILAGUS_SP_video_IMG_0037_image002.jpg,14,SYLVILAGUS_SP,2022-06-05 03:58:33,SYLVILAGUS_SP_extracted
SYLVILAGUS_SP_video_IMG_0037_image003.jpg,14,SYLVILAGUS_SP,2022-06-05 03:58:34,SYLVILAGUS_SP_extracted
SYLVILAGUS_SP_video_IMG_0038 (2)_image001.jpg,14,SYLVILAGUS_SP,2022-05-23 16:28:51,SYLVILAGUS_SP_extracted
SYLVILAGUS_SP_video_IMG_0038 (2)_image002.jpg,14,SYLVILAGUS_SP,2022-05-23 16:28:52,SYLVILAGUS_SP_extracted
SYLVILAGUS_SP_video_IMG_0038 (2)_image002.jpg,14,SYLVILAGUS_SP,2022-05-23 16:28:52,SYLVILAGUS_SP_extracted
SYLVILAGUS_SP_video_IMG_0038 (2)_image003.jpg,14,SYLVILAGUS_SP,2022-05-23 16:28:53,SYLVILAGUS_SP_extracted
SYLVILAGUS_SP_video_IMG_0038 (2)_image004.jpg,14,SYLVILAGUS_SP,2022-05-23 16:28:54,SYLVILAGUS_SP_extracted
SYLVILAGUS_SP_video_IMG_0038 (2)_image006.jpg,14,SYLVILAGUS_SP,2022-05-23 16:28:56,SYLVILAGUS_SP_extracted
SYLVILAGUS_SP_video_IMG_0038 (2)_image006.jpg,14,SYLVILAGUS_SP,2022-05-23 16:28:56,SYLVILAGUS_SP_extracted
SYLVILAGUS_SP_video_IMG_0038 (2)_image007.jpg,14,SYLVILAGUS_SP,2022-05-23 16:28:57,SYLVILAGUS_SP_extracted
SYLVILAGUS_SP_video_IMG_0038_avi_image001.jpg,14,SYLVILAGUS_SP,,SYLVILAGUS_SP_extracted
SYLVILAGUS_SP_video_IMG_0038_avi_image002.jpg,14,SYLVILAGUS_SP,,SYLVILAGUS_SP_extracted
SYLVILAGUS_SP_video_IMG_0038_avi_image003.jpg,14,SYLVILAGUS_SP,,SYLVILAGUS_SP_extracted
SYLVILAGUS_SP_video_IMG_0038_avi_image004.jpg,14,SYLVILAGUS_SP,,SYLVILAGUS_SP_extracted
SYLVILAGUS_SP_video_IMG_0038_avi_image005.jpg,14,SYLVILAGUS_SP,,SYLVILAGUS_SP_extracted
SYLVILAGUS_SP_video_IMG_0038_avi_image006.jpg,14,SYLVILAGUS_SP,,SYLVILAGUS_SP_extracted
SYLVILAGUS_SP_video_IMG_0038_avi_image007.jpg,14,SYLVILAGUS_SP,,SYLVILAGUS_SP_extracted
SYLVILAGUS_SP_video_IMG_0038_avi_image008.jpg,14,SYLVILAGUS_SP,,SYLVILAGUS_SP_extracted
SYLVILAGUS_SP_video_IMG_0038_image001.jpg,14,SYLVILAGUS_SP,2022-08-03 05:27:19,SYLVILAGUS_SP_extracted
SYLVILAGUS_SP_video_IMG_0038_image002.jpg,14,SYLVILAGUS_SP,2022-08-03 05:27:20,SYLVILAGUS_SP_extracted
SYLVILAGUS_SP_video_IMG_0038_image003.jpg,14,SYLVILAGUS_SP,2022-08-03 05:27:21,SYLVILAGUS_SP_extracted
SYLVILAGUS_SP_video_IMG_0038_image004.jpg,14,SYLVILAGUS_SP,2022-08-03 05:27:22,SYLVILAGUS_SP_extracted
SYLVILAGUS_SP_video_IMG_0038_image005.jpg,14,SYLVILAGUS_SP,2022-08-03 05:27:23,SYLVILAGUS_SP_extracted
SYLVILAGUS_SP_video_IMG_0038_image006.jpg,14,SYLVILAGUS_SP,2022-08-03 05:27:24,SYLVILAGUS_SP_extracted
SYLVILAGUS_SP_video_IMG_0038_image007.jpg,14,SYLVILAGUS_SP,2022-08-03 05:27:25,SYLVILAGUS_SP_extracted
SYLVILAGUS_SP_video_IMG_0038_image008.jpg,14,SYLVILAGUS_SP,2022-08-03 05:27:26,SYLVILAGUS_SP_extracted
SYLVILAGUS_SP_video_IMG_0038_image009.jpg,14,SYLVILAGUS_SP,2022-08-03 05:27:27,SYLVILAGUS_SP_extracted
SYLVILAGUS_SP_video_IMG_0038_image010.jpg,14,SYLVILAGUS_SP,2022-08-03 05:27:28,SYLVILAGUS_SP_extracted
SYLVILAGUS_SP_video_IMG_0041_avi_image001.jpg,14,SYLVILAGUS_SP,,SYLVILAGUS_SP_extracted
SYLVILAGUS_SP_video_IMG_0041_avi_image002.jpg,14,SYLVILAGUS_SP,,SYLVILAGUS_SP_extracted
SYLVILAGUS_SP_video_IMG_0041_avi_image003.jpg,14,SYLVILAGUS_SP,,SYLVILAGUS_SP_extracted
SYLVILAGUS_SP_video_IMG_0041_image001.jpg,14,SYLVILAGUS_SP,2022-05-23 18:54:09,SYLVILAGUS_SP_extracted
SYLVILAGUS_SP_video_IMG_0041_image002.jpg,14,SYLVILAGUS_SP,2022-05-23 18:54:10,SYLVILAGUS_SP_extracted
SYLVILAGUS_SP_video_IMG_0041_image003.jpg,14,SYLVILAGUS_SP,2022-05-23 18:54:11,SYLVILAGUS_SP_extracted
SYLVILAGUS_SP_video_IMG_0041_image004.jpg,14,SYLVILAGUS_SP,2022-05-23 18:54:12,SYLVILAGUS_SP_extracted
SYLVILAGUS_SP_video_IMG_0041_image005.jpg,14,SYLVILAGUS_SP,2022-05-23 18:54:13,SYLVILAGUS_SP_extracted
SYLVILAGUS_SP_video_IMG_0041_image006.jpg,14,SYLVILAGUS_SP,2022-05-23 18:54:14,SYLVILAGUS_SP_extracted
SYLVILAGUS_SP_video_IMG_0041_image007.jpg,14,SYLVILAGUS_SP,2022-05-23 18:54:15,SYLVILAGUS_SP_extracted
SYLVILAGUS_SP_video_IMG_0041_image008.jpg,14,SYLVILAGUS_SP,2022-05-23 18:54:16,SYLVILAGUS_SP_extracted
SYLVILAGUS_SP_video_IMG_0041_image009.jpg,14,SYLVILAGUS_SP,2022-05-23 18:54:17,SYLVILAGUS_SP_extracted
SYLVILAGUS_SP_video_IMG_0041_image010.jpg,14,SYLVILAGUS_SP,2022-05-23 18:54:18,SYLVILAGUS_SP_extracted
SYLVILAGUS_SP_video_IMG_0042_avi_image001.jpg,14,SYLVILAGUS_SP,,SYLVILAGUS_SP_extracted
SYLVILAGUS_SP_video_IMG_0042_avi_image002.jpg,14,SYLVILAGUS_SP,,SYLVILAGUS_SP_extracted
SYLVILAGUS_SP_video_IMG_0042_image001.jpg,14,SYLVILAGUS_SP,2022-05-23 20:13:31,SYLVILAGUS_SP_extracted
SYLVILAGUS_SP_video_IMG_0042_image002.jpg,14,SYLVILAGUS_SP,2022-05-23 20:13:31,SYLVILAGUS_SP_extracted
SYLVILAGUS_SP_video_IMG_0042_image003.jpg,14,SYLVILAGUS_SP,2022-05-23 20:13:31,SYLVILAGUS_SP_extracted
SYLVILAGUS_SP_video_IMG_0042_image004.jpg,14,SYLVILAGUS_SP,2022-05-23 20:13:31,SYLVILAGUS_SP_extracted
SYLVILAGUS_SP_video_IMG_0042_image005.jpg,14,SYLVILAGUS_SP,2022-05-23 20:13:31,SYLVILAGUS_SP_extracted
SYLVILAGUS_SP_video_IMG_0042_image006.jpg,14,SYLVILAGUS_SP,2022-05-23 20:13:31,SYLVILAGUS_SP_extracted
SYLVILAGUS_SP_video_IMG_0042_image007.jpg,14,SYLVILAGUS_SP,2022-05-23 20:13:31,SYLVILAGUS_SP_extracted
SYLVILAGUS_SP_video_IMG_0042_image008.jpg,14,SYLVILAGUS_SP,2022-05-23 20:13:31,SYLVILAGUS_SP_extracted
SYLVILAGUS_SP_video_IMG_0042_image009.jpg,14,SYLVILAGUS_SP,2022-05-23 20:13:31,SYLVILAGUS_SP_extracted
SYLVILAGUS_SP_video_IMG_0042_image010.jpg,14,SYLVILAGUS_SP,2022-05-23 20:13:31,SYLVILAGUS_SP_extracted
SYLVILAGUS_SP_video_IMG_0043_image001.jpg,14,SYLVILAGUS_SP,2022-05-23 20:37:17,SYLVILAGUS_SP_extracted
SYLVILAGUS_SP_video_IMG_0043_image002.jpg,14,SYLVILAGUS_SP,2022-05-23 20:37:17,SYLVILAGUS_SP_extracted
SYLVILAGUS_SP_video_IMG_0043_image003.jpg,14,SYLVILAGUS_SP,2022-05-23 20:37:17,SYLVILAGUS_SP_extracted
SYLVILAGUS_SP_video_IMG_0043_image004.jpg,14,SYLVILAGUS_SP,2022-05-23 20:37:17,SYLVILAGUS_SP_extracted
SYLVILAGUS_SP_video_IMG_0043_image005.jpg,14,SYLVILAGUS_SP,2022-05-23 20:37:17,SYLVILAGUS_SP_extracted
SYLVILAGUS_SP_video_IMG_0043_image006.jpg,14,SYLVILAGUS_SP,2022-05-23 20:37:17,SYLVILAGUS_SP_extracted
SYLVILAGUS_SP_video_IMG_0043_image007.jpg,14,SYLVILAGUS_SP,2022-05-23 20:37:17,SYLVILAGUS_SP_extracted
SYLVILAGUS_SP_video_IMG_0043_image008.jpg,14,SYLVILAGUS_SP,2022-05-23 20:37:17,SYLVILAGUS_SP_extracted
SYLVILAGUS_SP_video_IMG_0043_image009.jpg,14,SYLVILAGUS_SP,2022-05-23 20:37:17,SYLVILAGUS_SP_extracted
SYLVILAGUS_SP_video_IMG_0043_image010.jpg,14,SYLVILAGUS_SP,2022-05-23 20:37:17,SYLVILAGUS_SP_extracted
SYLVILAGUS_SP_video_IMG_0044_image001.jpg,14,SYLVILAGUS_SP,2022-05-23 22:52:59,SYLVILAGUS_SP_extracted
SYLVILAGUS_SP_video_IMG_0044_image002.jpg,14,SYLVILAGUS_SP,2022-05-23 22:52:59,SYLVILAGUS_SP_extracted
SYLVILAGUS_SP_video_IMG_0044_image003.jpg,14,SYLVILAGUS_SP,2022-05-23 22:52:59,SYLVILAGUS_SP_extracted
SYLVILAGUS_SP_video_IMG_0044_image004.jpg,14,SYLVILAGUS_SP,2022-05-23 22:52:59,SYLVILAGUS_SP_extracted
SYLVILAGUS_SP_video_IMG_0044_image005.jpg,14,SYLVILAGUS_SP,2022-05-23 22:52:59,SYLVILAGUS_SP_extracted
SYLVILAGUS_SP_video_IMG_0044_image006.jpg,14,SYLVILAGUS_SP,2022-05-23 22:52:59,SYLVILAGUS_SP_extracted
SYLVILAGUS_SP_video_IMG_0044_image007.jpg,14,SYLVILAGUS_SP,2022-05-23 22:52:59,SYLVILAGUS_SP_extracted
SYLVILAGUS_SP_video_IMG_0044_image008.jpg,14,SYLVILAGUS_SP,2022-05-23 22:52:59,SYLVILAGUS_SP_extracted
SYLVILAGUS_SP_video_IMG_0044_image009.jpg,14,SYLVILAGUS_SP,2022-05-23 22:52:59,SYLVILAGUS_SP_extracted
SYLVILAGUS_SP_video_IMG_0044_image010.jpg,14,SYLVILAGUS_SP,2022-05-23 22:52:59,SYLVILAGUS_SP_extracted
SYLVILAGUS_SP_video_IMG_0045 (2)_image001.jpg,14,SYLVILAGUS_SP,2022-05-16 20:19:01,SYLVILAGUS_SP_extracted
SYLVILAGUS_SP_video_IMG_0045 (2)_image003.jpg,14,SYLVILAGUS_SP,2022-05-16 20:19:03,SYLVILAGUS_SP_extracted
SYLVILAGUS_SP_video_IMG_0045_image001.jpg,14,SYLVILAGUS_SP,2022-05-24 02:30:31,SYLVILAGUS_SP_extracted
SYLVILAGUS_SP_video_IMG_0045_image002.jpg,14,SYLVILAGUS_SP,2022-05-24 02:30:31,SYLVILAGUS_SP_extracted
SYLVILAGUS_SP_video_IMG_0045_image003.jpg,14,SYLVILAGUS_SP,2022-05-24 02:30:31,SYLVILAGUS_SP_extracted
SYLVILAGUS_SP_video_IMG_0045_image004.jpg,14,SYLVILAGUS_SP,2022-05-24 02:30:31,SYLVILAGUS_SP_extracted
SYLVILAGUS_SP_video_IMG_0045_image005.jpg,14,SYLVILAGUS_SP,2022-05-24 02:30:31,SYLVILAGUS_SP_extracted
SYLVILAGUS_SP_video_IMG_0045_image006.jpg,14,SYLVILAGUS_SP,2022-05-24 02:30:31,SYLVILAGUS_SP_extracted
SYLVILAGUS_SP_video_IMG_0045_image007.jpg,14,SYLVILAGUS_SP,2022-05-24 02:30:31,SYLVILAGUS_SP_extracted
SYLVILAGUS_SP_video_IMG_0045_image008.jpg,14,SYLVILAGUS_SP,2022-05-24 02:30:31,SYLVILAGUS_SP_extracted
SYLVILAGUS_SP_video_IMG_0045_image009.jpg,14,SYLVILAGUS_SP,2022-05-24 02:30:31,SYLVILAGUS_SP_extracted
SYLVILAGUS_SP_video_IMG_0045_image010.jpg,14,SYLVILAGUS_SP,2022-05-24 02:30:31,SYLVILAGUS_SP_extracted
SYLVILAGUS_SP_video_IMG_0046 (2)_image001.jpg,14,SYLVILAGUS_SP,2022-05-16 21:14:01,SYLVILAGUS_SP_extracted
SYLVILAGUS_SP_video_IMG_0046 (2)_image002.jpg,14,SYLVILAGUS_SP,2022-05-16 21:14:02,SYLVILAGUS_SP_extracted
SYLVILAGUS_SP_video_IMG_0046 (2)_image003.jpg,14,SYLVILAGUS_SP,2022-05-16 21:14:03,SYLVILAGUS_SP_extracted
SYLVILAGUS_SP_video_IMG_0046 (2)_image004.jpg,14,SYLVILAGUS_SP,2022-05-16 21:14:04,SYLVILAGUS_SP_extracted
SYLVILAGUS_SP_video_IMG_0046 (2)_image005.jpg,14,SYLVILAGUS_SP,2022-05-16 21:14:05,SYLVILAGUS_SP_extracted
SYLVILAGUS_SP_video_IMG_0046 (2)_image006.jpg,14,SYLVILAGUS_SP,2022-05-16 21:14:06,SYLVILAGUS_SP_extracted
SYLVILAGUS_SP_video_IMG_0046 (2)_image007.jpg,14,SYLVILAGUS_SP,2022-05-16 21:14:07,SYLVILAGUS_SP_extracted
SYLVILAGUS_SP_video_IMG_0046 (2)_image007.jpg,14,SYLVILAGUS_SP,2022-05-16 21:14:07,SYLVILAGUS_SP_extracted
SYLVILAGUS_SP_video_IMG_0046 (2)_image008.jpg,14,SYLVILAGUS_SP,2022-05-16 21:14:08,SYLVILAGUS_SP_extracted
SYLVILAGUS_SP_video_IMG_0046 (2)_image009.jpg,14,SYLVILAGUS_SP,2022-05-16 21:14:09,SYLVILAGUS_SP_extracted
SYLVILAGUS_SP_video_IMG_0046 (2)_image009.jpg,14,SYLVILAGUS_SP,2022-05-16 21:14:09,SYLVILAGUS_SP_extracted
SYLVILAGUS_SP_video_IMG_0046 (2)_image010.jpg,14,SYLVILAGUS_SP,2022-05-16 21:14:10,SYLVILAGUS_SP_extracted
SYLVILAGUS_SP_video_IMG_0046_image001.jpg,14,SYLVILAGUS_SP,2022-05-24 02:58:35,SYLVILAGUS_SP_extracted
SYLVILAGUS_SP_video_IMG_0046_image002.jpg,14,SYLVILAGUS_SP,2022-05-24 02:58:35,SYLVILAGUS_SP_extracted
SYLVILAGUS_SP_video_IMG_0046_image003.jpg,14,SYLVILAGUS_SP,2022-05-24 02:58:35,SYLVILAGUS_SP_extracted
SYLVILAGUS_SP_video_IMG_0046_image004.jpg,14,SYLVILAGUS_SP,2022-05-24 02:58:35,SYLVILAGUS_SP_extracted
SYLVILAGUS_SP_video_IMG_0046_image005.jpg,14,SYLVILAGUS_SP,2022-05-24 02:58:35,SYLVILAGUS_SP_extracted
SYLVILAGUS_SP_video_IMG_0046_image006.jpg,14,SYLVILAGUS_SP,2022-05-24 02:58:35,SYLVILAGUS_SP_extracted
SYLVILAGUS_SP_video_IMG_0046_image007.jpg,14,SYLVILAGUS_SP,2022-05-24 02:58:35,SYLVILAGUS_SP_extracted
SYLVILAGUS_SP_video_IMG_0046_image008.jpg,14,SYLVILAGUS_SP,2022-05-24 02:58:35,SYLVILAGUS_SP_extracted
SYLVILAGUS_SP_video_IMG_0046_image009.jpg,14,SYLVILAGUS_SP,2022-05-24 02:58:35,SYLVILAGUS_SP_extracted
SYLVILAGUS_SP_video_IMG_0046_image010.jpg,14,SYLVILAGUS_SP,2022-05-24 02:58:35,SYLVILAGUS_SP_extracted
SYLVILAGUS_SP_video_IMG_0047 (2)_image001.jpg,14,SYLVILAGUS_SP,2022-05-16 21:25:57,SYLVILAGUS_SP_extracted
SYLVILAGUS_SP_video_IMG_0047 (2)_image001.jpg,14,SYLVILAGUS_SP,2022-05-16 21:25:57,SYLVILAGUS_SP_extracted
SYLVILAGUS_SP_video_IMG_0047 (2)_image003.jpg,14,SYLVILAGUS_SP,2022-05-16 21:25:59,SYLVILAGUS_SP_extracted
SYLVILAGUS_SP_video_IMG_0047 (2)_image003.jpg,14,SYLVILAGUS_SP,2022-05-16 21:25:59,SYLVILAGUS_SP_extracted
SYLVILAGUS_SP_video_IMG_0047 (2)_image004.jpg,14,SYLVILAGUS_SP,2022-05-16 21:26:00,SYLVILAGUS_SP_extracted
SYLVILAGUS_SP_video_IMG_0047 (2)_image005.jpg,14,SYLVILAGUS_SP,2022-05-16 21:26:01,SYLVILAGUS_SP_extracted
SYLVILAGUS_SP_video_IMG_0047 (2)_image006.jpg,14,SYLVILAGUS_SP,2022-05-16 21:26:02,SYLVILAGUS_SP_extracted
SYLVILAGUS_SP_video_IMG_0047 (2)_image007.jpg,14,SYLVILAGUS_SP,2022-05-16 21:26:03,SYLVILAGUS_SP_extracted
SYLVILAGUS_SP_video_IMG_0047 (2)_image008.jpg,14,SYLVILAGUS_SP,2022-05-16 21:26:04,SYLVILAGUS_SP_extracted
SYLVILAGUS_SP_video_IMG_0047 (2)_image009.jpg,14,SYLVILAGUS_SP,2022-05-16 21:26:05,SYLVILAGUS_SP_extracted
SYLVILAGUS_SP_video_IMG_0047 (2)_image010.jpg,14,SYLVILAGUS_SP,2022-05-16 21:26:06,SYLVILAGUS_SP_extracted
SYLVILAGUS_SP_video_IMG_0047_image001.jpg,14,SYLVILAGUS_SP,2022-05-24 03:19:16,SYLVILAGUS_SP_extracted
SYLVILAGUS_SP_video_IMG_0047_image002.jpg,14,SYLVILAGUS_SP,2022-05-24 03:19:16,SYLVILAGUS_SP_extracted
SYLVILAGUS_SP_video_IMG_0047_image003.jpg,14,SYLVILAGUS_SP,2022-05-24 03:19:16,SYLVILAGUS_SP_extracted
SYLVILAGUS_SP_video_IMG_0047_image004.jpg,14,SYLVILAGUS_SP,2022-05-24 03:19:16,SYLVILAGUS_SP_extracted
SYLVILAGUS_SP_video_IMG_0047_image005.jpg,14,SYLVILAGUS_SP,2022-05-24 03:19:16,SYLVILAGUS_SP_extracted
SYLVILAGUS_SP_video_IMG_0047_image006.jpg,14,SYLVILAGUS_SP,2022-05-24 03:19:16,SYLVILAGUS_SP_extracted
SYLVILAGUS_SP_video_IMG_0047_image007.jpg,14,SYLVILAGUS_SP,2022-05-24 03:19:16,SYLVILAGUS_SP_extracted
SYLVILAGUS_SP_video_IMG_0047_image008.jpg,14,SYLVILAGUS_SP,2022-05-24 03:19:16,SYLVILAGUS_SP_extracted
SYLVILAGUS_SP_video_IMG_0047_image009.jpg,14,SYLVILAGUS_SP,2022-05-24 03:19:16,SYLVILAGUS_SP_extracted
SYLVILAGUS_SP_video_IMG_0047_image010.jpg,14,SYLVILAGUS_SP,2022-05-24 03:19:16,SYLVILAGUS_SP_extracted
SYLVILAGUS_SP_video_IMG_0048 (2)_image001.jpg,14,SYLVILAGUS_SP,2022-05-24 04:28:14,SYLVILAGUS_SP_extracted
SYLVILAGUS_SP_video_IMG_0048 (2)_image002.jpg,14,SYLVILAGUS_SP,2022-05-24 04:28:14,SYLVILAGUS_SP_extracted
SYLVILAGUS_SP_video_IMG_0048 (2)_image003.jpg,14,SYLVILAGUS_SP,2022-05-24 04:28:14,SYLVILAGUS_SP_extracted
SYLVILAGUS_SP_video_IMG_0048 (2)_image004.jpg,14,SYLVILAGUS_SP,2022-05-24 04:28:14,SYLVILAGUS_SP_extracted
SYLVILAGUS_SP_video_IMG_0048 (2)_image005.jpg,14,SYLVILAGUS_SP,2022-05-24 04:28:14,SYLVILAGUS_SP_extracted
SYLVILAGUS_SP_video_IMG_0048 (2)_image006.jpg,14,SYLVILAGUS_SP,2022-05-24 04:28:14,SYLVILAGUS_SP_extracted
SYLVILAGUS_SP_video_IMG_0048 (2)_image007.jpg,14,SYLVILAGUS_SP,2022-05-24 04:28:14,SYLVILAGUS_SP_extracted
SYLVILAGUS_SP_video_IMG_0048 (2)_image008.jpg,14,SYLVILAGUS_SP,2022-05-24 04:28:14,SYLVILAGUS_SP_extracted
SYLVILAGUS_SP_video_IMG_0048 (2)_image009.jpg,14,SYLVILAGUS_SP,2022-05-24 04:28:14,SYLVILAGUS_SP_extracted
SYLVILAGUS_SP_video_IMG_0048 (2)_image010.jpg,14,SYLVILAGUS_SP,2022-05-24 04:28:14,SYLVILAGUS_SP_extracted
SYLVILAGUS_SP_video_IMG_0048 (3)_image001.jpg,14,SYLVILAGUS_SP,2022-05-17 02:43:22,SYLVILAGUS_SP_extracted
SYLVILAGUS_SP_video_IMG_0048 (3)_image002.jpg,14,SYLVILAGUS_SP,2022-05-17 02:43:23,SYLVILAGUS_SP_extracted
SYLVILAGUS_SP_video_IMG_0048 (3)_image003.jpg,14,SYLVILAGUS_SP,2022-05-17 02:43:24,SYLVILAGUS_SP_extracted
SYLVILAGUS_SP_video_IMG_0048 (3)_image004.jpg,14,SYLVILAGUS_SP,2022-05-17 02:43:25,SYLVILAGUS_SP_extracted
SYLVILAGUS_SP_video_IMG_0048 (3)_image005.jpg,14,SYLVILAGUS_SP,2022-05-17 02:43:26,SYLVILAGUS_SP_extracted
SYLVILAGUS_SP_video_IMG_0048 (3)_image006.jpg,14,SYLVILAGUS_SP,2022-05-17 02:43:27,SYLVILAGUS_SP_extracted
SYLVILAGUS_SP_video_IMG_0048 (3)_image007.jpg,14,SYLVILAGUS_SP,2022-05-17 02:43:28,SYLVILAGUS_SP_extracted
SYLVILAGUS_SP_video_IMG_0048 (3)_image008.jpg,14,SYLVILAGUS_SP,2022-05-17 02:43:29,SYLVILAGUS_SP_extracted
SYLVILAGUS_SP_video_IMG_0048 (3)_image009.jpg,14,SYLVILAGUS_SP,2022-05-17 02:43:30,SYLVILAGUS_SP_extracted
SYLVILAGUS_SP_video_IMG_0048 (3)_image010.jpg,14,SYLVILAGUS_SP,2022-05-17 02:43:31,SYLVILAGUS_SP_extracted
SYLVILAGUS_SP_video_IMG_0048_image001.jpg,14,SYLVILAGUS_SP,2022-10-19 22:39:56,SYLVILAGUS_SP_extracted
SYLVILAGUS_SP_video_IMG_0049_image001.jpg,14,SYLVILAGUS_SP,2022-10-20 19:54:47,SYLVILAGUS_SP_extracted
SYLVILAGUS_SP_video_IMG_0053 (2)_image001.jpg,14,SYLVILAGUS_SP,2022-06-23 05:03:42,SYLVILAGUS_SP_extracted
SYLVILAGUS_SP_video_IMG_0053 (2)_image002.jpg,14,SYLVILAGUS_SP,2022-06-23 05:03:43,SYLVILAGUS_SP_extracted
SYLVILAGUS_SP_video_IMG_0053 (2)_image003.jpg,14,SYLVILAGUS_SP,2022-06-23 05:03:44,SYLVILAGUS_SP_extracted
SYLVILAGUS_SP_video_IMG_0053_image010.jpg,14,SYLVILAGUS_SP,2022-05-24 19:24:35,SYLVILAGUS_SP_extracted
SYLVILAGUS_SP_video_IMG_0054_image001.jpg,14,SYLVILAGUS_SP,2022-05-24 20:18:55,SYLVILAGUS_SP_extracted
SYLVILAGUS_SP_video_IMG_0054_image002.jpg,14,SYLVILAGUS_SP,2022-05-24 20:18:55,SYLVILAGUS_SP_extracted
SYLVILAGUS_SP_video_IMG_0054_image003.jpg,14,SYLVILAGUS_SP,2022-05-24 20:18:55,SYLVILAGUS_SP_extracted
SYLVILAGUS_SP_video_IMG_0054_image004.jpg,14,SYLVILAGUS_SP,2022-05-24 20:18:55,SYLVILAGUS_SP_extracted
SYLVILAGUS_SP_video_IMG_0054_image005.jpg,14,SYLVILAGUS_SP,2022-05-24 20:18:55,SYLVILAGUS_SP_extracted
SYLVILAGUS_SP_video_IMG_0054_image006.jpg,14,SYLVILAGUS_SP,2022-05-24 20:18:55,SYLVILAGUS_SP_extracted
SYLVILAGUS_SP_video_IMG_0054_image007.jpg,14,SYLVILAGUS_SP,2022-05-24 20:18:55,SYLVILAGUS_SP_extracted
SYLVILAGUS_SP_video_IMG_0054_image008.jpg,14,SYLVILAGUS_SP,2022-05-24 20:18:55,SYLVILAGUS_SP_extracted
SYLVILAGUS_SP_video_IMG_0054_image009.jpg,14,SYLVILAGUS_SP,2022-05-24 20:18:55,SYLVILAGUS_SP_extracted
SYLVILAGUS_SP_video_IMG_0054_image010.jpg,14,SYLVILAGUS_SP,2022-05-24 20:18:55,SYLVILAGUS_SP_extracted
SYLVILAGUS_SP_video_IMG_0055_MP4_image001.jpg,14,SYLVILAGUS_SP,2022-05-24 20:54:30,SYLVILAGUS_SP_extracted
SYLVILAGUS_SP_video_IMG_0055_MP4_image002.jpg,14,SYLVILAGUS_SP,2022-05-24 20:54:30,SYLVILAGUS_SP_extracted
SYLVILAGUS_SP_video_IMG_0055_MP4_image003.jpg,14,SYLVILAGUS_SP,2022-05-24 20:54:30,SYLVILAGUS_SP_extracted
SYLVILAGUS_SP_video_IMG_0055_MP4_image004.jpg,14,SYLVILAGUS_SP,2022-05-24 20:54:30,SYLVILAGUS_SP_extracted
SYLVILAGUS_SP_video_IMG_0055_MP4_image005.jpg,14,SYLVILAGUS_SP,2022-05-24 20:54:30,SYLVILAGUS_SP_extracted
SYLVILAGUS_SP_video_IMG_0055_MP4_image006.jpg,14,SYLVILAGUS_SP,2022-05-24 20:54:30,SYLVILAGUS_SP_extracted
SYLVILAGUS_SP_video_IMG_0055_MP4_image007.jpg,14,SYLVILAGUS_SP,2022-05-24 20:54:30,SYLVILAGUS_SP_extracted
SYLVILAGUS_SP_video_IMG_0055_MP4_image008.jpg,14,SYLVILAGUS_SP,2022-05-24 20:54:30,SYLVILAGUS_SP_extracted
SYLVILAGUS_SP_video_IMG_0055_MP4_image009.jpg,14,SYLVILAGUS_SP,2022-05-24 20:54:30,SYLVILAGUS_SP_extracted
SYLVILAGUS_SP_video_IMG_0055_MP4_image010.jpg,14,SYLVILAGUS_SP,2022-05-24 20:54:30,SYLVILAGUS_SP_extracted
SYLVILAGUS_SP_video_IMG_0056_image001.jpg,14,SYLVILAGUS_SP,2022-05-24 21:47:44,SYLVILAGUS_SP_extracted
SYLVILAGUS_SP_video_IMG_0056_image001.jpg,14,SYLVILAGUS_SP,2022-05-24 21:47:44,SYLVILAGUS_SP_extracted
SYLVILAGUS_SP_video_IMG_0056_image002.jpg,14,SYLVILAGUS_SP,2022-05-24 21:47:44,SYLVILAGUS_SP_extracted
SYLVILAGUS_SP_video_IMG_0056_image003.jpg,14,SYLVILAGUS_SP,2022-05-24 21:47:44,SYLVILAGUS_SP_extracted
SYLVILAGUS_SP_video_IMG_0056_image004.jpg,14,SYLVILAGUS_SP,2022-05-24 21:47:44,SYLVILAGUS_SP_extracted
SYLVILAGUS_SP_video_IMG_0056_image005.jpg,14,SYLVILAGUS_SP,2022-05-24 21:47:44,SYLVILAGUS_SP_extracted
SYLVILAGUS_SP_video_IMG_0056_image005.jpg,14,SYLVILAGUS_SP,2022-05-24 21:47:44,SYLVILAGUS_SP_extracted
SYLVILAGUS_SP_video_IMG_0056_image006.jpg,14,SYLVILAGUS_SP,2022-05-24 21:47:44,SYLVILAGUS_SP_extracted
SYLVILAGUS_SP_video_IMG_0056_image006.jpg,14,SYLVILAGUS_SP,2022-05-24 21:47:44,SYLVILAGUS_SP_extracted
SYLVILAGUS_SP_video_IMG_0056_image007.jpg,14,SYLVILAGUS_SP,2022-05-24 21:47:44,SYLVILAGUS_SP_extracted
SYLVILAGUS_SP_video_IMG_0056_image008.jpg,14,SYLVILAGUS_SP,2022-05-24 21:47:44,SYLVILAGUS_SP_extracted
SYLVILAGUS_SP_video_IMG_0056_image009.jpg,14,SYLVILAGUS_SP,2022-05-24 21:47:44,SYLVILAGUS_SP_extracted
SYLVILAGUS_SP_video_IMG_0056_image010.jpg,14,SYLVILAGUS_SP,2022-05-24 21:47:44,SYLVILAGUS_SP_extracted
SYLVILAGUS_SP_video_IMG_0057_image001.jpg,14,SYLVILAGUS_SP,2022-05-24 21:53:16,SYLVILAGUS_SP_extracted
SYLVILAGUS_SP_video_IMG_0057_image002.jpg,14,SYLVILAGUS_SP,2022-05-24 21:53:16,SYLVILAGUS_SP_extracted
SYLVILAGUS_SP_video_IMG_0057_image003.jpg,14,SYLVILAGUS_SP,2022-05-24 21:53:16,SYLVILAGUS_SP_extracted
SYLVILAGUS_SP_video_IMG_0057_image004.jpg,14,SYLVILAGUS_SP,2022-05-24 21:53:16,SYLVILAGUS_SP_extracted
SYLVILAGUS_SP_video_IMG_0057_image005.jpg,14,SYLVILAGUS_SP,2022-05-24 21:53:16,SYLVILAGUS_SP_extracted
SYLVILAGUS_SP_video_IMG_0057_image006.jpg,14,SYLVILAGUS_SP,2022-05-24 21:53:16,SYLVILAGUS_SP_extracted
SYLVILAGUS_SP_video_IMG_0057_image007.jpg,14,SYLVILAGUS_SP,2022-05-24 21:53:16,SYLVILAGUS_SP_extracted
SYLVILAGUS_SP_video_IMG_0057_image008.jpg,14,SYLVILAGUS_SP,2022-05-24 21:53:16,SYLVILAGUS_SP_extracted
SYLVILAGUS_SP_video_IMG_0057_image009.jpg,14,SYLVILAGUS_SP,2022-05-24 21:53:16,SYLVILAGUS_SP_extracted
SYLVILAGUS_SP_video_IMG_0057_image010.jpg,14,SYLVILAGUS_SP,2022-05-24 21:53:16,SYLVILAGUS_SP_extracted
SYLVILAGUS_SP_video_IMG_0060_image001.jpg,14,SYLVILAGUS_SP,2022-10-22 01:42:31,SYLVILAGUS_SP_extracted
SYLVILAGUS_SP_video_IMG_0060_image002.jpg,14,SYLVILAGUS_SP,2022-10-22 01:42:32,SYLVILAGUS_SP_extracted
SYLVILAGUS_SP_video_IMG_0060_image003.jpg,14,SYLVILAGUS_SP,2022-10-22 01:42:33,SYLVILAGUS_SP_extracted
SYLVILAGUS_SP_video_IMG_0060_image004.jpg,14,SYLVILAGUS_SP,2022-10-22 01:42:34,SYLVILAGUS_SP_extracted
SYLVILAGUS_SP_video_IMG_0060_image005.jpg,14,SYLVILAGUS_SP,2022-10-22 01:42:35,SYLVILAGUS_SP_extracted
SYLVILAGUS_SP_video_IMG_0060_image006.jpg,14,SYLVILAGUS_SP,2022-10-22 01:42:36,SYLVILAGUS_SP_extracted
SYLVILAGUS_SP_video_IMG_0060_image007.jpg,14,SYLVILAGUS_SP,2022-10-22 01:42:37,SYLVILAGUS_SP_extracted
SYLVILAGUS_SP_video_IMG_0060_image008.jpg,14,SYLVILAGUS_SP,2022-10-22 01:42:38,SYLVILAGUS_SP_extracted
SYLVILAGUS_SP_video_IMG_0060_image009.jpg,14,SYLVILAGUS_SP,2022-10-22 01:42:39,SYLVILAGUS_SP_extracted
SYLVILAGUS_SP_video_IMG_0060_image010.jpg,14,SYLVILAGUS_SP,2022-10-22 01:42:40,SYLVILAGUS_SP_extracted
SYLVILAGUS_SP_video_IMG_0061_image001.jpg,14,SYLVILAGUS_SP,2022-05-25 23:35:10,SYLVILAGUS_SP_extracted
SYLVILAGUS_SP_video_IMG_0061_image002.jpg,14,SYLVILAGUS_SP,2022-05-25 23:35:10,SYLVILAGUS_SP_extracted
SYLVILAGUS_SP_video_IMG_0065_image001.jpg,14,SYLVILAGUS_SP,2022-05-17 21:59:03,SYLVILAGUS_SP_extracted
SYLVILAGUS_SP_video_IMG_0065_image002.jpg,14,SYLVILAGUS_SP,2022-05-17 21:59:04,SYLVILAGUS_SP_extracted
SYLVILAGUS_SP_video_IMG_0065_image003.jpg,14,SYLVILAGUS_SP,2022-05-17 21:59:05,SYLVILAGUS_SP_extracted
SYLVILAGUS_SP_video_IMG_0065_image004.jpg,14,SYLVILAGUS_SP,2022-05-17 21:59:06,SYLVILAGUS_SP_extracted
SYLVILAGUS_SP_video_IMG_0065_image005.jpg,14,SYLVILAGUS_SP,2022-05-17 21:59:07,SYLVILAGUS_SP_extracted
SYLVILAGUS_SP_video_IMG_0065_image006.jpg,14,SYLVILAGUS_SP,2022-05-17 21:59:08,SYLVILAGUS_SP_extracted
SYLVILAGUS_SP_video_IMG_0065_image007.jpg,14,SYLVILAGUS_SP,2022-05-17 21:59:09,SYLVILAGUS_SP_extracted
SYLVILAGUS_SP_video_IMG_0065_image008.jpg,14,SYLVILAGUS_SP,2022-05-17 21:59:10,SYLVILAGUS_SP_extracted
SYLVILAGUS_SP_video_IMG_0065_image009.jpg,14,SYLVILAGUS_SP,2022-05-17 21:59:11,SYLVILAGUS_SP_extracted
SYLVILAGUS_SP_video_IMG_0065_image010.jpg,14,SYLVILAGUS_SP,2022-05-17 21:59:12,SYLVILAGUS_SP_extracted
SYLVILAGUS_SP_video_IMG_0067 (2)_image001.jpg,14,SYLVILAGUS_SP,2022-05-18 00:23:03,SYLVILAGUS_SP_extracted
SYLVILAGUS_SP_video_IMG_0067 (2)_image002.jpg,14,SYLVILAGUS_SP,2022-05-18 00:23:04,SYLVILAGUS_SP_extracted
SYLVILAGUS_SP_video_IMG_0067 (2)_image003.jpg,14,SYLVILAGUS_SP,2022-05-18 00:23:05,SYLVILAGUS_SP_extracted
SYLVILAGUS_SP_video_IMG_0067 (2)_image003.jpg,14,SYLVILAGUS_SP,2022-05-18 00:23:05,SYLVILAGUS_SP_extracted
SYLVILAGUS_SP_video_IMG_0067 (2)_image004.jpg,14,SYLVILAGUS_SP,2022-05-18 00:23:06,SYLVILAGUS_SP_extracted
SYLVILAGUS_SP_video_IMG_0067 (2)_image005.jpg,14,SYLVILAGUS_SP,2022-05-18 00:23:07,SYLVILAGUS_SP_extracted
SYLVILAGUS_SP_video_IMG_0067 (2)_image006.jpg,14,SYLVILAGUS_SP,2022-05-18 00:23:08,SYLVILAGUS_SP_extracted
SYLVILAGUS_SP_video_IMG_0067 (2)_image007.jpg,14,SYLVILAGUS_SP,2022-05-18 00:23:09,SYLVILAGUS_SP_extracted
SYLVILAGUS_SP_video_IMG_0067 (2)_image008.jpg,14,SYLVILAGUS_SP,2022-05-18 00:23:10,SYLVILAGUS_SP_extracted
SYLVILAGUS_SP_video_IMG_0067 (2)_image009.jpg,14,SYLVILAGUS_SP,2022-05-18 00:23:11,SYLVILAGUS_SP_extracted
SYLVILAGUS_SP_video_IMG_0067 (2)_image010.jpg,14,SYLVILAGUS_SP,2022-05-18 00:23:12,SYLVILAGUS_SP_extracted
SYLVILAGUS_SP_video_IMG_0067_image001.jpg,14,SYLVILAGUS_SP,2022-05-27 05:26:59,SYLVILAGUS_SP_extracted
SYLVILAGUS_SP_video_IMG_0067_image002.jpg,14,SYLVILAGUS_SP,2022-05-27 05:26:59,SYLVILAGUS_SP_extracted
SYLVILAGUS_SP_video_IMG_0067_image003.jpg,14,SYLVILAGUS_SP,2022-05-27 05:26:59,SYLVILAGUS_SP_extracted
SYLVILAGUS_SP_video_IMG_0067_image004.jpg,14,SYLVILAGUS_SP,2022-05-27 05:26:59,SYLVILAGUS_SP_extracted
SYLVILAGUS_SP_video_IMG_0067_image005.jpg,14,SYLVILAGUS_SP,2022-05-27 05:26:59,SYLVILAGUS_SP_extracted
SYLVILAGUS_SP_video_IMG_0067_image006.jpg,14,SYLVILAGUS_SP,2022-05-27 05:26:59,SYLVILAGUS_SP_extracted
SYLVILAGUS_SP_video_IMG_0067_image007.jpg,14,SYLVILAGUS_SP,2022-05-27 05:26:59,SYLVILAGUS_SP_extracted
SYLVILAGUS_SP_video_IMG_0067_image008.jpg,14,SYLVILAGUS_SP,2022-05-27 05:26:59,SYLVILAGUS_SP_extracted
SYLVILAGUS_SP_video_IMG_0067_image009.jpg,14,SYLVILAGUS_SP,2022-05-27 05:26:59,SYLVILAGUS_SP_extracted
SYLVILAGUS_SP_video_IMG_0067_image010.jpg,14,SYLVILAGUS_SP,2022-05-27 05:26:59,SYLVILAGUS_SP_extracted
SYLVILAGUS_SP_video_IMG_0068_image001.jpg,14,SYLVILAGUS_SP,2022-05-27 06:08:00,SYLVILAGUS_SP_extracted
SYLVILAGUS_SP_video_IMG_0068_image002.jpg,14,SYLVILAGUS_SP,2022-05-27 06:08:01,SYLVILAGUS_SP_extracted
SYLVILAGUS_SP_video_IMG_0068_image003.jpg,14,SYLVILAGUS_SP,2022-05-27 06:08:02,SYLVILAGUS_SP_extracted
SYLVILAGUS_SP_video_IMG_0069_image001.jpg,14,SYLVILAGUS_SP,2022-05-27 06:39:38,SYLVILAGUS_SP_extracted
SYLVILAGUS_SP_video_IMG_0069_image004.jpg,14,SYLVILAGUS_SP,2022-05-27 06:39:41,SYLVILAGUS_SP_extracted
SYLVILAGUS_SP_video_IMG_0070_image001.jpg,14,SYLVILAGUS_SP,2022-05-27 08:46:53,SYLVILAGUS_SP_extracted
SYLVILAGUS_SP_video_IMG_0070_image002.jpg,14,SYLVILAGUS_SP,2022-05-27 08:46:54,SYLVILAGUS_SP_extracted
SYLVILAGUS_SP_video_IMG_0070_image003.jpg,14,SYLVILAGUS_SP,2022-05-27 08:46:55,SYLVILAGUS_SP_extracted
SYLVILAGUS_SP_video_IMG_0071_image001.jpg,14,SYLVILAGUS_SP,2022-05-27 19:57:15,SYLVILAGUS_SP_extracted
SYLVILAGUS_SP_video_IMG_0071_image002.jpg,14,SYLVILAGUS_SP,2022-05-27 19:57:15,SYLVILAGUS_SP_extracted
SYLVILAGUS_SP_video_IMG_0071_image003.jpg,14,SYLVILAGUS_SP,2022-05-27 19:57:15,SYLVILAGUS_SP_extracted
SYLVILAGUS_SP_video_IMG_0071_image004.jpg,14,SYLVILAGUS_SP,2022-05-27 19:57:15,SYLVILAGUS_SP_extracted
SYLVILAGUS_SP_video_IMG_0071_image005.jpg,14,SYLVILAGUS_SP,2022-05-27 19:57:15,SYLVILAGUS_SP_extracted
SYLVILAGUS_SP_video_IMG_0071_image006.jpg,14,SYLVILAGUS_SP,2022-05-27 19:57:15,SYLVILAGUS_SP_extracted
SYLVILAGUS_SP_video_IMG_0071_image007.jpg,14,SYLVILAGUS_SP,2022-05-27 19:57:15,SYLVILAGUS_SP_extracted
SYLVILAGUS_SP_video_IMG_0071_image008.jpg,14,SYLVILAGUS_SP,2022-05-27 19:57:15,SYLVILAGUS_SP_extracted
SYLVILAGUS_SP_video_IMG_0071_image009.jpg,14,SYLVILAGUS_SP,2022-05-27 19:57:15,SYLVILAGUS_SP_extracted
SYLVILAGUS_SP_video_IMG_0071_image010.jpg,14,SYLVILAGUS_SP,2022-05-27 19:57:15,SYLVILAGUS_SP_extracted
SYLVILAGUS_SP_video_IMG_0072_image001.jpg,14,SYLVILAGUS_SP,2022-05-28 07:14:32,SYLVILAGUS_SP_extracted
SYLVILAGUS_SP_video_IMG_0072_image002.jpg,14,SYLVILAGUS_SP,2022-05-28 07:14:33,SYLVILAGUS_SP_extracted
SYLVILAGUS_SP_video_IMG_0072_image003.jpg,14,SYLVILAGUS_SP,2022-05-28 07:14:34,SYLVILAGUS_SP_extracted
SYLVILAGUS_SP_video_IMG_0072_image004.jpg,14,SYLVILAGUS_SP,2022-05-28 07:14:35,SYLVILAGUS_SP_extracted
SYLVILAGUS_SP_video_IMG_0072_image005.jpg,14,SYLVILAGUS_SP,2022-05-28 07:14:36,SYLVILAGUS_SP_extracted
SYLVILAGUS_SP_video_IMG_0072_image006.jpg,14,SYLVILAGUS_SP,2022-05-28 07:14:37,SYLVILAGUS_SP_extracted
SYLVILAGUS_SP_video_IMG_0072_image007.jpg,14,SYLVILAGUS_SP,2022-05-28 07:14:38,SYLVILAGUS_SP_extracted
SYLVILAGUS_SP_video_IMG_0072_image008.jpg,14,SYLVILAGUS_SP,2022-05-28 07:14:39,SYLVILAGUS_SP_extracted
SYLVILAGUS_SP_video_IMG_0072_image009.jpg,14,SYLVILAGUS_SP,2022-05-28 07:14:40,SYLVILAGUS_SP_extracted
SYLVILAGUS_SP_video_IMG_0072_image010.jpg,14,SYLVILAGUS_SP,2022-05-28 07:14:41,SYLVILAGUS_SP_extracted
SYLVILAGUS_SP_video_IMG_0073_image001.jpg,14,SYLVILAGUS_SP,2022-05-28 07:38:28,SYLVILAGUS_SP_extracted
SYLVILAGUS_SP_video_IMG_0073_image002.jpg,14,SYLVILAGUS_SP,2022-05-28 07:38:29,SYLVILAGUS_SP_extracted
SYLVILAGUS_SP_video_IMG_0073_image003.jpg,14,SYLVILAGUS_SP,2022-05-28 07:38:30,SYLVILAGUS_SP_extracted
SYLVILAGUS_SP_video_IMG_0073_image004.jpg,14,SYLVILAGUS_SP,2022-05-28 07:38:31,SYLVILAGUS_SP_extracted
SYLVILAGUS_SP_video_IMG_0073_image005.jpg,14,SYLVILAGUS_SP,2022-05-28 07:38:32,SYLVILAGUS_SP_extracted
SYLVILAGUS_SP_video_IMG_0073_image006.jpg,14,SYLVILAGUS_SP,2022-05-28 07:38:33,SYLVILAGUS_SP_extracted
SYLVILAGUS_SP_video_IMG_0073_image007.jpg,14,SYLVILAGUS_SP,2022-05-28 07:38:34,SYLVILAGUS_SP_extracted
SYLVILAGUS_SP_video_IMG_0073_image008.jpg,14,SYLVILAGUS_SP,2022-05-28 07:38:35,SYLVILAGUS_SP_extracted
SYLVILAGUS_SP_video_IMG_0073_image009.jpg,14,SYLVILAGUS_SP,2022-05-28 07:38:36,SYLVILAGUS_SP_extracted
SYLVILAGUS_SP_video_IMG_0074_image001.jpg,14,SYLVILAGUS_SP,2022-05-28 21:10:03,SYLVILAGUS_SP_extracted
SYLVILAGUS_SP_video_IMG_0074_image002.jpg,14,SYLVILAGUS_SP,2022-05-28 21:10:03,SYLVILAGUS_SP_extracted
SYLVILAGUS_SP_video_IMG_0074_image003.jpg,14,SYLVILAGUS_SP,2022-05-28 21:10:03,SYLVILAGUS_SP_extracted
SYLVILAGUS_SP_video_IMG_0074_image004.jpg,14,SYLVILAGUS_SP,2022-05-28 21:10:03,SYLVILAGUS_SP_extracted
SYLVILAGUS_SP_video_IMG_0074_image005.jpg,14,SYLVILAGUS_SP,2022-05-28 21:10:03,SYLVILAGUS_SP_extracted
SYLVILAGUS_SP_video_IMG_0074_image006.jpg,14,SYLVILAGUS_SP,2022-05-28 21:10:03,SYLVILAGUS_SP_extracted
SYLVILAGUS_SP_video_IMG_0074_image007.jpg,14,SYLVILAGUS_SP,2022-05-28 21:10:03,SYLVILAGUS_SP_extracted
SYLVILAGUS_SP_video_IMG_0074_image008.jpg,14,SYLVILAGUS_SP,2022-05-28 21:10:03,SYLVILAGUS_SP_extracted
SYLVILAGUS_SP_video_IMG_0074_image009.jpg,14,SYLVILAGUS_SP,2022-05-28 21:10:03,SYLVILAGUS_SP_extracted
SYLVILAGUS_SP_video_IMG_0074_image010.jpg,14,SYLVILAGUS_SP,2022-05-28 21:10:03,SYLVILAGUS_SP_extracted
SYLVILAGUS_SP_video_IMG_0075_image001.jpg,14,SYLVILAGUS_SP,2022-05-28 22:54:13,SYLVILAGUS_SP_extracted
SYLVILAGUS_SP_video_IMG_0075_image002.jpg,14,SYLVILAGUS_SP,2022-05-28 22:54:13,SYLVILAGUS_SP_extracted
SYLVILAGUS_SP_video_IMG_0075_image003.jpg,14,SYLVILAGUS_SP,2022-05-28 22:54:13,SYLVILAGUS_SP_extracted
SYLVILAGUS_SP_video_IMG_0075_image004.jpg,14,SYLVILAGUS_SP,2022-05-28 22:54:13,SYLVILAGUS_SP_extracted
SYLVILAGUS_SP_video_IMG_0075_image005.jpg,14,SYLVILAGUS_SP,2022-05-28 22:54:13,SYLVILAGUS_SP_extracted
SYLVILAGUS_SP_video_IMG_0075_image006.jpg,14,SYLVILAGUS_SP,2022-05-28 22:54:13,SYLVILAGUS_SP_extracted
SYLVILAGUS_SP_video_IMG_0075_image007.jpg,14,SYLVILAGUS_SP,2022-05-28 22:54:13,SYLVILAGUS_SP_extracted
SYLVILAGUS_SP_video_IMG_0075_image008.jpg,14,SYLVILAGUS_SP,2022-05-28 22:54:13,SYLVILAGUS_SP_extracted
SYLVILAGUS_SP_video_IMG_0075_image009.jpg,14,SYLVILAGUS_SP,2022-05-28 22:54:13,SYLVILAGUS_SP_extracted
SYLVILAGUS_SP_video_IMG_0075_image010.jpg,14,SYLVILAGUS_SP,2022-05-28 22:54:13,SYLVILAGUS_SP_extracted
SYLVILAGUS_SP_video_IMG_0076_image001.jpg,14,SYLVILAGUS_SP,2022-05-28 23:37:50,SYLVILAGUS_SP_extracted
SYLVILAGUS_SP_video_IMG_0076_image002.jpg,14,SYLVILAGUS_SP,2022-05-28 23:37:50,SYLVILAGUS_SP_extracted
SYLVILAGUS_SP_video_IMG_0076_image003.jpg,14,SYLVILAGUS_SP,2022-05-28 23:37:50,SYLVILAGUS_SP_extracted
SYLVILAGUS_SP_video_IMG_0076_image004.jpg,14,SYLVILAGUS_SP,2022-05-28 23:37:50,SYLVILAGUS_SP_extracted
SYLVILAGUS_SP_video_IMG_0077_image001.jpg,14,SYLVILAGUS_SP,2022-05-29 03:56:51,SYLVILAGUS_SP_extracted
SYLVILAGUS_SP_video_IMG_0077_image002.jpg,14,SYLVILAGUS_SP,2022-05-29 03:56:51,SYLVILAGUS_SP_extracted
SYLVILAGUS_SP_video_IMG_0077_image003.jpg,14,SYLVILAGUS_SP,2022-05-29 03:56:51,SYLVILAGUS_SP_extracted
SYLVILAGUS_SP_video_IMG_0077_image004.jpg,14,SYLVILAGUS_SP,2022-05-29 03:56:51,SYLVILAGUS_SP_extracted
SYLVILAGUS_SP_video_IMG_0077_image005.jpg,14,SYLVILAGUS_SP,2022-05-29 03:56:51,SYLVILAGUS_SP_extracted
SYLVILAGUS_SP_video_IMG_0077_image006.jpg,14,SYLVILAGUS_SP,2022-05-29 03:56:51,SYLVILAGUS_SP_extracted
SYLVILAGUS_SP_video_IMG_0077_image007.jpg,14,SYLVILAGUS_SP,2022-05-29 03:56:51,SYLVILAGUS_SP_extracted
SYLVILAGUS_SP_video_IMG_0077_image008.jpg,14,SYLVILAGUS_SP,2022-05-29 03:56:51,SYLVILAGUS_SP_extracted
SYLVILAGUS_SP_video_IMG_0077_image009.jpg,14,SYLVILAGUS_SP,2022-05-29 03:56:51,SYLVILAGUS_SP_extracted
SYLVILAGUS_SP_video_IMG_0077_image010.jpg,14,SYLVILAGUS_SP,2022-05-29 03:56:51,SYLVILAGUS_SP_extracted
SYLVILAGUS_SP_video_IMG_0078_image001.jpg,14,SYLVILAGUS_SP,2022-05-29 04:45:39,SYLVILAGUS_SP_extracted
SYLVILAGUS_SP_video_IMG_0078_image002.jpg,14,SYLVILAGUS_SP,2022-05-29 04:45:39,SYLVILAGUS_SP_extracted
SYLVILAGUS_SP_video_IMG_0078_image003.jpg,14,SYLVILAGUS_SP,2022-05-29 04:45:39,SYLVILAGUS_SP_extracted
SYLVILAGUS_SP_video_IMG_0078_image004.jpg,14,SYLVILAGUS_SP,2022-05-29 04:45:39,SYLVILAGUS_SP_extracted
SYLVILAGUS_SP_video_IMG_0078_image005.jpg,14,SYLVILAGUS_SP,2022-05-29 04:45:39,SYLVILAGUS_SP_extracted
SYLVILAGUS_SP_video_IMG_0078_image006.jpg,14,SYLVILAGUS_SP,2022-05-29 04:45:39,SYLVILAGUS_SP_extracted
SYLVILAGUS_SP_video_IMG_0078_image007.jpg,14,SYLVILAGUS_SP,2022-05-29 04:45:39,SYLVILAGUS_SP_extracted
SYLVILAGUS_SP_video_IMG_0078_image008.jpg,14,SYLVILAGUS_SP,2022-05-29 04:45:39,SYLVILAGUS_SP_extracted
SYLVILAGUS_SP_video_IMG_0078_image009.jpg,14,SYLVILAGUS_SP,2022-05-29 04:45:39,SYLVILAGUS_SP_extracted
SYLVILAGUS_SP_video_IMG_0078_image010.jpg,14,SYLVILAGUS_SP,2022-05-29 04:45:39,SYLVILAGUS_SP_extracted
SYLVILAGUS_SP_video_IMG_0079_image001.jpg,14,SYLVILAGUS_SP,2022-05-29 06:54:47,SYLVILAGUS_SP_extracted
SYLVILAGUS_SP_video_IMG_0079_image001.jpg,14,SYLVILAGUS_SP,2022-05-29 06:54:47,SYLVILAGUS_SP_extracted
SYLVILAGUS_SP_video_IMG_0079_image002.jpg,14,SYLVILAGUS_SP,2022-05-29 06:54:48,SYLVILAGUS_SP_extracted
SYLVILAGUS_SP_video_IMG_0079_image003.jpg,14,SYLVILAGUS_SP,2022-05-29 06:54:49,SYLVILAGUS_SP_extracted
SYLVILAGUS_SP_video_IMG_0079_image004.jpg,14,SYLVILAGUS_SP,2022-05-29 06:54:50,SYLVILAGUS_SP_extracted
SYLVILAGUS_SP_video_IMG_0079_image005.jpg,14,SYLVILAGUS_SP,2022-05-29 06:54:51,SYLVILAGUS_SP_extracted
SYLVILAGUS_SP_video_IMG_0079_image006.jpg,14,SYLVILAGUS_SP,2022-05-29 06:54:52,SYLVILAGUS_SP_extracted
SYLVILAGUS_SP_video_IMG_0079_image007.jpg,14,SYLVILAGUS_SP,2022-05-29 06:54:53,SYLVILAGUS_SP_extracted
SYLVILAGUS_SP_video_IMG_0079_image008.jpg,14,SYLVILAGUS_SP,2022-05-29 06:54:54,SYLVILAGUS_SP_extracted
SYLVILAGUS_SP_video_IMG_0079_image009.jpg,14,SYLVILAGUS_SP,2022-05-29 06:54:55,SYLVILAGUS_SP_extracted
SYLVILAGUS_SP_video_IMG_0079_image010.jpg,14,SYLVILAGUS_SP,2022-05-29 06:54:56,SYLVILAGUS_SP_extracted
SYLVILAGUS_SP_video_IMG_0080_image001.jpg,14,SYLVILAGUS_SP,2022-05-29 08:08:07,SYLVILAGUS_SP_extracted
SYLVILAGUS_SP_video_IMG_0080_image002.jpg,14,SYLVILAGUS_SP,2022-05-29 08:08:08,SYLVILAGUS_SP_extracted
SYLVILAGUS_SP_video_IMG_0080_image003.jpg,14,SYLVILAGUS_SP,2022-05-29 08:08:09,SYLVILAGUS_SP_extracted
SYLVILAGUS_SP_video_IMG_0080_image004.jpg,14,SYLVILAGUS_SP,2022-05-29 08:08:10,SYLVILAGUS_SP_extracted
SYLVILAGUS_SP_video_IMG_0080_image006.jpg,14,SYLVILAGUS_SP,2022-05-29 08:08:12,SYLVILAGUS_SP_extracted
SYLVILAGUS_SP_video_IMG_0080_image007.jpg,14,SYLVILAGUS_SP,2022-05-29 08:08:13,SYLVILAGUS_SP_extracted
SYLVILAGUS_SP_video_IMG_0080_image008.jpg,14,SYLVILAGUS_SP,2022-05-29 08:08:14,SYLVILAGUS_SP_extracted
SYLVILAGUS_SP_video_IMG_0080_image009.jpg,14,SYLVILAGUS_SP,2022-05-29 08:08:15,SYLVILAGUS_SP_extracted
SYLVILAGUS_SP_video_IMG_0080_image010.jpg,14,SYLVILAGUS_SP,2022-05-29 08:08:16,SYLVILAGUS_SP_extracted
SYLVILAGUS_SP_video_IMG_0082_image001.jpg,14,SYLVILAGUS_SP,2022-11-22 09:04:09,SYLVILAGUS_SP_extracted
SYLVILAGUS_SP_video_IMG_0082_image001.jpg,14,SYLVILAGUS_SP,2022-11-22 09:04:09,SYLVILAGUS_SP_extracted
SYLVILAGUS_SP_video_IMG_0082_image002.jpg,14,SYLVILAGUS_SP,2022-11-22 09:04:10,SYLVILAGUS_SP_extracted
SYLVILAGUS_SP_video_IMG_0082_image002.jpg,14,SYLVILAGUS_SP,2022-11-22 09:04:10,SYLVILAGUS_SP_extracted
SYLVILAGUS_SP_video_IMG_0082_image003.jpg,14,SYLVILAGUS_SP,2022-11-22 09:04:11,SYLVILAGUS_SP_extracted
SYLVILAGUS_SP_video_IMG_0082_image003.jpg,14,SYLVILAGUS_SP,2022-11-22 09:04:11,SYLVILAGUS_SP_extracted
SYLVILAGUS_SP_video_IMG_0082_image003.jpg,14,SYLVILAGUS_SP,2022-11-22 09:04:11,SYLVILAGUS_SP_extracted
SYLVILAGUS_SP_video_IMG_0082_image004.jpg,14,SYLVILAGUS_SP,2022-11-22 09:04:12,SYLVILAGUS_SP_extracted
SYLVILAGUS_SP_video_IMG_0082_image004.jpg,14,SYLVILAGUS_SP,2022-11-22 09:04:12,SYLVILAGUS_SP_extracted
SYLVILAGUS_SP_video_IMG_0082_image005.jpg,14,SYLVILAGUS_SP,2022-11-22 09:04:13,SYLVILAGUS_SP_extracted
SYLVILAGUS_SP_video_IMG_0082_image005.jpg,14,SYLVILAGUS_SP,2022-11-22 09:04:13,SYLVILAGUS_SP_extracted
SYLVILAGUS_SP_video_IMG_0082_image006.jpg,14,SYLVILAGUS_SP,2022-11-22 09:04:14,SYLVILAGUS_SP_extracted
SYLVILAGUS_SP_video_IMG_0082_image006.jpg,14,SYLVILAGUS_SP,2022-11-22 09:04:14,SYLVILAGUS_SP_extracted
SYLVILAGUS_SP_video_IMG_0082_image007.jpg,14,SYLVILAGUS_SP,2022-11-22 09:04:15,SYLVILAGUS_SP_extracted
SYLVILAGUS_SP_video_IMG_0082_image007.jpg,14,SYLVILAGUS_SP,2022-11-22 09:04:15,SYLVILAGUS_SP_extracted
SYLVILAGUS_SP_video_IMG_0082_image008.jpg,14,SYLVILAGUS_SP,2022-11-22 09:04:16,SYLVILAGUS_SP_extracted
SYLVILAGUS_SP_video_IMG_0085_image001.jpg,14,SYLVILAGUS_SP,,SYLVILAGUS_SP_extracted
SYLVILAGUS_SP_video_IMG_0085_image002.jpg,14,SYLVILAGUS_SP,,SYLVILAGUS_SP_extracted
SYLVILAGUS_SP_video_IMG_0085_image003.jpg,14,SYLVILAGUS_SP,,SYLVILAGUS_SP_extracted
SYLVILAGUS_SP_video_IMG_0085_image004.jpg,14,SYLVILAGUS_SP,,SYLVILAGUS_SP_extracted
SYLVILAGUS_SP_video_IMG_0085_image005.jpg,14,SYLVILAGUS_SP,,SYLVILAGUS_SP_extracted
SYLVILAGUS_SP_video_IMG_0085_image006.jpg,14,SYLVILAGUS_SP,,SYLVILAGUS_SP_extracted
SYLVILAGUS_SP_video_IMG_0085_image007.jpg,14,SYLVILAGUS_SP,,SYLVILAGUS_SP_extracted
SYLVILAGUS_SP_video_IMG_0085_image008.jpg,14,SYLVILAGUS_SP,,SYLVILAGUS_SP_extracted
SYLVILAGUS_SP_video_IMG_0085_image009.jpg,14,SYLVILAGUS_SP,,SYLVILAGUS_SP_extracted
SYLVILAGUS_SP_video_IMG_0085_image010.jpg,14,SYLVILAGUS_SP,,SYLVILAGUS_SP_extracted
SYLVILAGUS_SP_video_IMG_0086_avi_image001.jpg,14,SYLVILAGUS_SP,,SYLVILAGUS_SP_extracted
SYLVILAGUS_SP_video_IMG_0086_avi_image002.jpg,14,SYLVILAGUS_SP,,SYLVILAGUS_SP_extracted
SYLVILAGUS_SP_video_IMG_0086_avi_image003.jpg,14,SYLVILAGUS_SP,,SYLVILAGUS_SP_extracted
SYLVILAGUS_SP_video_IMG_0086_avi_image004.jpg,14,SYLVILAGUS_SP,,SYLVILAGUS_SP_extracted
SYLVILAGUS_SP_video_IMG_0086_avi_image005.jpg,14,SYLVILAGUS_SP,,SYLVILAGUS_SP_extracted
SYLVILAGUS_SP_video_IMG_0086_avi_image006.jpg,14,SYLVILAGUS_SP,,SYLVILAGUS_SP_extracted
SYLVILAGUS_SP_video_IMG_0086_avi_image007.jpg,14,SYLVILAGUS_SP,,SYLVILAGUS_SP_extracted
SYLVILAGUS_SP_video_IMG_0086_image001.jpg,14,SYLVILAGUS_SP,2022-05-29 20:28:16,SYLVILAGUS_SP_extracted
SYLVILAGUS_SP_video_IMG_0086_image002.jpg,14,SYLVILAGUS_SP,2022-05-29 20:28:16,SYLVILAGUS_SP_extracted
SYLVILAGUS_SP_video_IMG_0086_image003.jpg,14,SYLVILAGUS_SP,2022-05-29 20:28:16,SYLVILAGUS_SP_extracted
SYLVILAGUS_SP_video_IMG_0086_image004.jpg,14,SYLVILAGUS_SP,2022-05-29 20:28:16,SYLVILAGUS_SP_extracted
SYLVILAGUS_SP_video_IMG_0086_image005.jpg,14,SYLVILAGUS_SP,2022-05-29 20:28:16,SYLVILAGUS_SP_extracted
SYLVILAGUS_SP_video_IMG_0086_image006.jpg,14,SYLVILAGUS_SP,2022-05-29 20:28:16,SYLVILAGUS_SP_extracted
SYLVILAGUS_SP_video_IMG_0086_image007.jpg,14,SYLVILAGUS_SP,2022-05-29 20:28:16,SYLVILAGUS_SP_extracted
SYLVILAGUS_SP_video_IMG_0086_image008.jpg,14,SYLVILAGUS_SP,2022-05-29 20:28:16,SYLVILAGUS_SP_extracted
SYLVILAGUS_SP_video_IMG_0086_image009.jpg,14,SYLVILAGUS_SP,2022-05-29 20:28:16,SYLVILAGUS_SP_extracted
SYLVILAGUS_SP_video_IMG_0086_image010.jpg,14,SYLVILAGUS_SP,2022-05-29 20:28:16,SYLVILAGUS_SP_extracted
SYLVILAGUS_SP_video_IMG_0087_image001.jpg,14,SYLVILAGUS_SP,2022-05-29 20:34:27,SYLVILAGUS_SP_extracted
SYLVILAGUS_SP_video_IMG_0087_image002.jpg,14,SYLVILAGUS_SP,2022-05-29 20:34:27,SYLVILAGUS_SP_extracted
SYLVILAGUS_SP_video_IMG_0087_image003.jpg,14,SYLVILAGUS_SP,2022-05-29 20:34:27,SYLVILAGUS_SP_extracted
SYLVILAGUS_SP_video_IMG_0087_image004.jpg,14,SYLVILAGUS_SP,2022-05-29 20:34:27,SYLVILAGUS_SP_extracted
SYLVILAGUS_SP_video_IMG_0087_image005.jpg,14,SYLVILAGUS_SP,2022-05-29 20:34:27,SYLVILAGUS_SP_extracted
SYLVILAGUS_SP_video_IMG_0087_image006.jpg,14,SYLVILAGUS_SP,2022-05-29 20:34:27,SYLVILAGUS_SP_extracted
SYLVILAGUS_SP_video_IMG_0087_image007.jpg,14,SYLVILAGUS_SP,2022-05-29 20:34:27,SYLVILAGUS_SP_extracted
SYLVILAGUS_SP_video_IMG_0087_image008.jpg,14,SYLVILAGUS_SP,2022-05-29 20:34:27,SYLVILAGUS_SP_extracted
SYLVILAGUS_SP_video_IMG_0087_image009.jpg,14,SYLVILAGUS_SP,2022-05-29 20:34:27,SYLVILAGUS_SP_extracted
SYLVILAGUS_SP_video_IMG_0087_image010.jpg,14,SYLVILAGUS_SP,2022-05-29 20:34:27,SYLVILAGUS_SP_extracted
SYLVILAGUS_SP_video_IMG_0088_image001.jpg,14,SYLVILAGUS_SP,2022-05-29 20:43:13,SYLVILAGUS_SP_extracted
SYLVILAGUS_SP_video_IMG_0088_image002.jpg,14,SYLVILAGUS_SP,2022-05-29 20:43:13,SYLVILAGUS_SP_extracted
SYLVILAGUS_SP_video_IMG_0088_image003.jpg,14,SYLVILAGUS_SP,2022-05-29 20:43:13,SYLVILAGUS_SP_extracted
SYLVILAGUS_SP_video_IMG_0088_image004.jpg,14,SYLVILAGUS_SP,2022-05-29 20:43:13,SYLVILAGUS_SP_extracted
SYLVILAGUS_SP_video_IMG_0088_image005.jpg,14,SYLVILAGUS_SP,2022-05-29 20:43:13,SYLVILAGUS_SP_extracted
SYLVILAGUS_SP_video_IMG_0088_image006.jpg,14,SYLVILAGUS_SP,2022-05-29 20:43:13,SYLVILAGUS_SP_extracted
SYLVILAGUS_SP_video_IMG_0088_image007.jpg,14,SYLVILAGUS_SP,2022-05-29 20:43:13,SYLVILAGUS_SP_extracted
SYLVILAGUS_SP_video_IMG_0088_image008.jpg,14,SYLVILAGUS_SP,2022-05-29 20:43:13,SYLVILAGUS_SP_extracted
SYLVILAGUS_SP_video_IMG_0088_image009.jpg,14,SYLVILAGUS_SP,2022-05-29 20:43:13,SYLVILAGUS_SP_extracted
SYLVILAGUS_SP_video_IMG_0088_image010.jpg,14,SYLVILAGUS_SP,2022-05-29 20:43:13,SYLVILAGUS_SP_extracted
SYLVILAGUS_SP_video_IMG_0089_MP4_image001.jpg,14,SYLVILAGUS_SP,2022-05-29 21:01:34,SYLVILAGUS_SP_extracted
SYLVILAGUS_SP_video_IMG_0089_MP4_image002.jpg,14,SYLVILAGUS_SP,2022-05-29 21:01:34,SYLVILAGUS_SP_extracted
SYLVILAGUS_SP_video_IMG_0089_MP4_image003.jpg,14,SYLVILAGUS_SP,2022-05-29 21:01:34,SYLVILAGUS_SP_extracted
SYLVILAGUS_SP_video_IMG_0089_MP4_image004.jpg,14,SYLVILAGUS_SP,2022-05-29 21:01:34,SYLVILAGUS_SP_extracted
SYLVILAGUS_SP_video_IMG_0089_MP4_image005.jpg,14,SYLVILAGUS_SP,2022-05-29 21:01:34,SYLVILAGUS_SP_extracted
SYLVILAGUS_SP_video_IMG_0089_MP4_image006.jpg,14,SYLVILAGUS_SP,2022-05-29 21:01:34,SYLVILAGUS_SP_extracted
SYLVILAGUS_SP_video_IMG_0089_MP4_image007.jpg,14,SYLVILAGUS_SP,2022-05-29 21:01:34,SYLVILAGUS_SP_extracted
SYLVILAGUS_SP_video_IMG_0089_MP4_image008.jpg,14,SYLVILAGUS_SP,2022-05-29 21:01:34,SYLVILAGUS_SP_extracted
SYLVILAGUS_SP_video_IMG_0089_MP4_image009.jpg,14,SYLVILAGUS_SP,2022-05-29 21:01:34,SYLVILAGUS_SP_extracted
SYLVILAGUS_SP_video_IMG_0089_MP4_image010.jpg,14,SYLVILAGUS_SP,2022-05-29 21:01:34,SYLVILAGUS_SP_extracted
SYLVILAGUS_SP_video_IMG_0089_image001.jpg,14,SYLVILAGUS_SP,,SYLVILAGUS_SP_extracted
SYLVILAGUS_SP_video_IMG_0089_image001.jpg,14,SYLVILAGUS_SP,,SYLVILAGUS_SP_extracted
SYLVILAGUS_SP_video_IMG_0089_image002.jpg,14,SYLVILAGUS_SP,,SYLVILAGUS_SP_extracted
SYLVILAGUS_SP_video_IMG_0089_image002.jpg,14,SYLVILAGUS_SP,,SYLVILAGUS_SP_extracted
SYLVILAGUS_SP_video_IMG_0090_image001.jpg,14,SYLVILAGUS_SP,2022-05-29 22:06:54,SYLVILAGUS_SP_extracted
SYLVILAGUS_SP_video_IMG_0090_image002.jpg,14,SYLVILAGUS_SP,2022-05-29 22:06:54,SYLVILAGUS_SP_extracted
SYLVILAGUS_SP_video_IMG_0090_image003.jpg,14,SYLVILAGUS_SP,2022-05-29 22:06:54,SYLVILAGUS_SP_extracted
SYLVILAGUS_SP_video_IMG_0090_image004.jpg,14,SYLVILAGUS_SP,2022-05-29 22:06:54,SYLVILAGUS_SP_extracted
SYLVILAGUS_SP_video_IMG_0090_image005.jpg,14,SYLVILAGUS_SP,2022-05-29 22:06:54,SYLVILAGUS_SP_extracted
SYLVILAGUS_SP_video_IMG_0090_image006.jpg,14,SYLVILAGUS_SP,2022-05-29 22:06:54,SYLVILAGUS_SP_extracted
SYLVILAGUS_SP_video_IMG_0090_image007.jpg,14,SYLVILAGUS_SP,2022-05-29 22:06:54,SYLVILAGUS_SP_extracted
SYLVILAGUS_SP_video_IMG_0090_image008.jpg,14,SYLVILAGUS_SP,2022-05-29 22:06:54,SYLVILAGUS_SP_extracted
SYLVILAGUS_SP_video_IMG_0090_image009.jpg,14,SYLVILAGUS_SP,2022-05-29 22:06:54,SYLVILAGUS_SP_extracted
SYLVILAGUS_SP_video_IMG_0090_image010.jpg,14,SYLVILAGUS_SP,2022-05-29 22:06:54,SYLVILAGUS_SP_extracted
SYLVILAGUS_SP_video_IMG_0091_avi_image001.jpg,14,SYLVILAGUS_SP,,SYLVILAGUS_SP_extracted
SYLVILAGUS_SP_video_IMG_0091_avi_image002.jpg,14,SYLVILAGUS_SP,,SYLVILAGUS_SP_extracted
SYLVILAGUS_SP_video_IMG_0091_avi_image003.jpg,14,SYLVILAGUS_SP,,SYLVILAGUS_SP_extracted
SYLVILAGUS_SP_video_IMG_0091_avi_image004.jpg,14,SYLVILAGUS_SP,,SYLVILAGUS_SP_extracted
SYLVILAGUS_SP_video_IMG_0091_avi_image005.jpg,14,SYLVILAGUS_SP,,SYLVILAGUS_SP_extracted
SYLVILAGUS_SP_video_IMG_0091_avi_image006.jpg,14,SYLVILAGUS_SP,,SYLVILAGUS_SP_extracted
SYLVILAGUS_SP_video_IMG_0091_avi_image007.jpg,14,SYLVILAGUS_SP,,SYLVILAGUS_SP_extracted
SYLVILAGUS_SP_video_IMG_0091_image001.jpg,14,SYLVILAGUS_SP,2022-05-29 23:48:59,SYLVILAGUS_SP_extracted
SYLVILAGUS_SP_video_IMG_0091_image002.jpg,14,SYLVILAGUS_SP,2022-05-29 23:48:59,SYLVILAGUS_SP_extracted
SYLVILAGUS_SP_video_IMG_0091_image003.jpg,14,SYLVILAGUS_SP,2022-05-29 23:48:59,SYLVILAGUS_SP_extracted
SYLVILAGUS_SP_video_IMG_0091_image004.jpg,14,SYLVILAGUS_SP,2022-05-29 23:48:59,SYLVILAGUS_SP_extracted
SYLVILAGUS_SP_video_IMG_0091_image005.jpg,14,SYLVILAGUS_SP,2022-05-29 23:48:59,SYLVILAGUS_SP_extracted
SYLVILAGUS_SP_video_IMG_0091_image006.jpg,14,SYLVILAGUS_SP,2022-05-29 23:48:59,SYLVILAGUS_SP_extracted
SYLVILAGUS_SP_video_IMG_0091_image007.jpg,14,SYLVILAGUS_SP,2022-05-29 23:48:59,SYLVILAGUS_SP_extracted
SYLVILAGUS_SP_video_IMG_0091_image008.jpg,14,SYLVILAGUS_SP,2022-05-29 23:48:59,SYLVILAGUS_SP_extracted
SYLVILAGUS_SP_video_IMG_0091_image009.jpg,14,SYLVILAGUS_SP,2022-05-29 23:48:59,SYLVILAGUS_SP_extracted
SYLVILAGUS_SP_video_IMG_0091_image010.jpg,14,SYLVILAGUS_SP,2022-05-29 23:48:59,SYLVILAGUS_SP_extracted
SYLVILAGUS_SP_video_IMG_0092 (2)_image001.jpg,14,SYLVILAGUS_SP,2022-05-30 01:29:27,SYLVILAGUS_SP_extracted
SYLVILAGUS_SP_video_IMG_0092 (2)_image002.jpg,14,SYLVILAGUS_SP,2022-05-30 01:29:27,SYLVILAGUS_SP_extracted
SYLVILAGUS_SP_video_IMG_0092 (2)_image003.jpg,14,SYLVILAGUS_SP,2022-05-30 01:29:27,SYLVILAGUS_SP_extracted
SYLVILAGUS_SP_video_IMG_0092 (2)_image004.jpg,14,SYLVILAGUS_SP,2022-05-30 01:29:27,SYLVILAGUS_SP_extracted
SYLVILAGUS_SP_video_IMG_0092 (2)_image005.jpg,14,SYLVILAGUS_SP,2022-05-30 01:29:27,SYLVILAGUS_SP_extracted
SYLVILAGUS_SP_video_IMG_0092 (2)_image006.jpg,14,SYLVILAGUS_SP,2022-05-30 01:29:27,SYLVILAGUS_SP_extracted
SYLVILAGUS_SP_video_IMG_0092 (2)_image007.jpg,14,SYLVILAGUS_SP,2022-05-30 01:29:27,SYLVILAGUS_SP_extracted
SYLVILAGUS_SP_video_IMG_0092 (2)_image008.jpg,14,SYLVILAGUS_SP,2022-05-30 01:29:27,SYLVILAGUS_SP_extracted
SYLVILAGUS_SP_video_IMG_0092 (2)_image009.jpg,14,SYLVILAGUS_SP,2022-05-30 01:29:27,SYLVILAGUS_SP_extracted
SYLVILAGUS_SP_video_IMG_0092 (2)_image010.jpg,14,SYLVILAGUS_SP,2022-05-30 01:29:27,SYLVILAGUS_SP_extracted
SYLVILAGUS_SP_video_IMG_0092_image001.jpg,14,SYLVILAGUS_SP,2022-11-23 18:40:58,SYLVILAGUS_SP_extracted
SYLVILAGUS_SP_video_IMG_0094_image001.jpg,14,SYLVILAGUS_SP,2022-05-30 02:21:08,SYLVILAGUS_SP_extracted
SYLVILAGUS_SP_video_IMG_0094_image002.jpg,14,SYLVILAGUS_SP,2022-05-30 02:21:08,SYLVILAGUS_SP_extracted
SYLVILAGUS_SP_video_IMG_0094_image003.jpg,14,SYLVILAGUS_SP,2022-05-30 02:21:08,SYLVILAGUS_SP_extracted
SYLVILAGUS_SP_video_IMG_0094_image004.jpg,14,SYLVILAGUS_SP,2022-05-30 02:21:08,SYLVILAGUS_SP_extracted
SYLVILAGUS_SP_video_IMG_0094_image005.jpg,14,SYLVILAGUS_SP,2022-05-30 02:21:08,SYLVILAGUS_SP_extracted
SYLVILAGUS_SP_video_IMG_0094_image006.jpg,14,SYLVILAGUS_SP,2022-05-30 02:21:08,SYLVILAGUS_SP_extracted
SYLVILAGUS_SP_video_IMG_0094_image007.jpg,14,SYLVILAGUS_SP,2022-05-30 02:21:08,SYLVILAGUS_SP_extracted
SYLVILAGUS_SP_video_IMG_0094_image008.jpg,14,SYLVILAGUS_SP,2022-05-30 02:21:08,SYLVILAGUS_SP_extracted
SYLVILAGUS_SP_video_IMG_0094_image009.jpg,14,SYLVILAGUS_SP,2022-05-30 02:21:08,SYLVILAGUS_SP_extracted
SYLVILAGUS_SP_video_IMG_0094_image010.jpg,14,SYLVILAGUS_SP,2022-05-30 02:21:08,SYLVILAGUS_SP_extracted
SYLVILAGUS_SP_video_IMG_0096_image001.jpg,14,SYLVILAGUS_SP,2022-05-30 03:22:37,SYLVILAGUS_SP_extracted
SYLVILAGUS_SP_video_IMG_0096_image002.jpg,14,SYLVILAGUS_SP,2022-05-30 03:22:37,SYLVILAGUS_SP_extracted
SYLVILAGUS_SP_video_IMG_0096_image003.jpg,14,SYLVILAGUS_SP,2022-05-30 03:22:37,SYLVILAGUS_SP_extracted
SYLVILAGUS_SP_video_IMG_0096_image004.jpg,14,SYLVILAGUS_SP,2022-05-30 03:22:37,SYLVILAGUS_SP_extracted
SYLVILAGUS_SP_video_IMG_0096_image005.jpg,14,SYLVILAGUS_SP,2022-05-30 03:22:37,SYLVILAGUS_SP_extracted
SYLVILAGUS_SP_video_IMG_0096_image006.jpg,14,SYLVILAGUS_SP,2022-05-30 03:22:37,SYLVILAGUS_SP_extracted
SYLVILAGUS_SP_video_IMG_0096_image007.jpg,14,SYLVILAGUS_SP,2022-05-30 03:22:37,SYLVILAGUS_SP_extracted
SYLVILAGUS_SP_video_IMG_0096_image008.jpg,14,SYLVILAGUS_SP,2022-05-30 03:22:37,SYLVILAGUS_SP_extracted
SYLVILAGUS_SP_video_IMG_0096_image009.jpg,14,SYLVILAGUS_SP,2022-05-30 03:22:37,SYLVILAGUS_SP_extracted
SYLVILAGUS_SP_video_IMG_0096_image010.jpg,14,SYLVILAGUS_SP,2022-05-30 03:22:37,SYLVILAGUS_SP_extracted
SYLVILAGUS_SP_video_IMG_0097_image001.jpg,14,SYLVILAGUS_SP,2022-05-30 03:46:49,SYLVILAGUS_SP_extracted
SYLVILAGUS_SP_video_IMG_0097_image002.jpg,14,SYLVILAGUS_SP,2022-05-30 03:46:49,SYLVILAGUS_SP_extracted
SYLVILAGUS_SP_video_IMG_0097_image003.jpg,14,SYLVILAGUS_SP,2022-05-30 03:46:49,SYLVILAGUS_SP_extracted
SYLVILAGUS_SP_video_IMG_0097_image004.jpg,14,SYLVILAGUS_SP,2022-05-30 03:46:49,SYLVILAGUS_SP_extracted
SYLVILAGUS_SP_video_IMG_0097_image005.jpg,14,SYLVILAGUS_SP,2022-05-30 03:46:49,SYLVILAGUS_SP_extracted
SYLVILAGUS_SP_video_IMG_0097_image006.jpg,14,SYLVILAGUS_SP,2022-05-30 03:46:49,SYLVILAGUS_SP_extracted
SYLVILAGUS_SP_video_IMG_0097_image007.jpg,14,SYLVILAGUS_SP,2022-05-30 03:46:49,SYLVILAGUS_SP_extracted
SYLVILAGUS_SP_video_IMG_0097_image008.jpg,14,SYLVILAGUS_SP,2022-05-30 03:46:49,SYLVILAGUS_SP_extracted
SYLVILAGUS_SP_video_IMG_0097_image009.jpg,14,SYLVILAGUS_SP,2022-05-30 03:46:49,SYLVILAGUS_SP_extracted
SYLVILAGUS_SP_video_IMG_0097_image010.jpg,14,SYLVILAGUS_SP,2022-05-30 03:46:49,SYLVILAGUS_SP_extracted
SYLVILAGUS_SP_video_IMG_0098_image001.jpg,14,SYLVILAGUS_SP,2022-05-30 05:33:58,SYLVILAGUS_SP_extracted
SYLVILAGUS_SP_video_IMG_0098_image002.jpg,14,SYLVILAGUS_SP,2022-05-30 05:33:58,SYLVILAGUS_SP_extracted
SYLVILAGUS_SP_video_IMG_0098_image003.jpg,14,SYLVILAGUS_SP,2022-05-30 05:33:58,SYLVILAGUS_SP_extracted
SYLVILAGUS_SP_video_IMG_0098_image004.jpg,14,SYLVILAGUS_SP,2022-05-30 05:33:58,SYLVILAGUS_SP_extracted
SYLVILAGUS_SP_video_IMG_0098_image005.jpg,14,SYLVILAGUS_SP,2022-05-30 05:33:58,SYLVILAGUS_SP_extracted
SYLVILAGUS_SP_video_IMG_0098_image006.jpg,14,SYLVILAGUS_SP,2022-05-30 05:33:58,SYLVILAGUS_SP_extracted
SYLVILAGUS_SP_video_IMG_0098_image007.jpg,14,SYLVILAGUS_SP,2022-05-30 05:33:58,SYLVILAGUS_SP_extracted
SYLVILAGUS_SP_video_IMG_0098_image008.jpg,14,SYLVILAGUS_SP,2022-05-30 05:33:58,SYLVILAGUS_SP_extracted
SYLVILAGUS_SP_video_IMG_0098_image009.jpg,14,SYLVILAGUS_SP,2022-05-30 05:33:58,SYLVILAGUS_SP_extracted
SYLVILAGUS_SP_video_IMG_0098_image010.jpg,14,SYLVILAGUS_SP,2022-05-30 05:33:58,SYLVILAGUS_SP_extracted
SYLVILAGUS_SP_video_IMG_0100_image001.jpg,14,SYLVILAGUS_SP,2022-05-20 02:30:42,SYLVILAGUS_SP_extracted
SYLVILAGUS_SP_video_IMG_0100_image002.jpg,14,SYLVILAGUS_SP,2022-05-20 02:30:43,SYLVILAGUS_SP_extracted
SYLVILAGUS_SP_video_IMG_0100_image002.jpg,14,SYLVILAGUS_SP,2022-05-20 02:30:43,SYLVILAGUS_SP_extracted
SYLVILAGUS_SP_video_IMG_0100_image003.jpg,14,SYLVILAGUS_SP,2022-05-20 02:30:44,SYLVILAGUS_SP_extracted
SYLVILAGUS_SP_video_IMG_0100_image003.jpg,14,SYLVILAGUS_SP,2022-05-20 02:30:44,SYLVILAGUS_SP_extracted
SYLVILAGUS_SP_video_IMG_0100_image003.jpg,14,SYLVILAGUS_SP,2022-05-20 02:30:44,SYLVILAGUS_SP_extracted
SYLVILAGUS_SP_video_IMG_0100_image004.jpg,14,SYLVILAGUS_SP,2022-05-20 02:30:45,SYLVILAGUS_SP_extracted
SYLVILAGUS_SP_video_IMG_0100_image005.jpg,14,SYLVILAGUS_SP,2022-05-20 02:30:46,SYLVILAGUS_SP_extracted
SYLVILAGUS_SP_video_IMG_0100_image006.jpg,14,SYLVILAGUS_SP,2022-05-20 02:30:47,SYLVILAGUS_SP_extracted
SYLVILAGUS_SP_video_IMG_0100_image006.jpg,14,SYLVILAGUS_SP,2022-05-20 02:30:47,SYLVILAGUS_SP_extracted
SYLVILAGUS_SP_video_IMG_0100_image007.jpg,14,SYLVILAGUS_SP,2022-05-20 02:30:48,SYLVILAGUS_SP_extracted
SYLVILAGUS_SP_video_IMG_0100_image008.jpg,14,SYLVILAGUS_SP,2022-05-20 02:30:49,SYLVILAGUS_SP_extracted
SYLVILAGUS_SP_video_IMG_0100_image008.jpg,14,SYLVILAGUS_SP,2022-05-20 02:30:49,SYLVILAGUS_SP_extracted
SYLVILAGUS_SP_video_IMG_0100_image009.jpg,14,SYLVILAGUS_SP,2022-05-20 02:30:50,SYLVILAGUS_SP_extracted
SYLVILAGUS_SP_video_IMG_0100_image010.jpg,14,SYLVILAGUS_SP,2022-05-20 02:30:51,SYLVILAGUS_SP_extracted
SYLVILAGUS_SP_video_IMG_0100_image010.jpg,14,SYLVILAGUS_SP,2022-05-20 02:30:51,SYLVILAGUS_SP_extracted
SYLVILAGUS_SP_video_IMG_0101_image001.jpg,14,SYLVILAGUS_SP,,SYLVILAGUS_SP_extracted
SYLVILAGUS_SP_video_IMG_0101_image002.jpg,14,SYLVILAGUS_SP,,SYLVILAGUS_SP_extracted
SYLVILAGUS_SP_video_IMG_0101_image003.jpg,14,SYLVILAGUS_SP,,SYLVILAGUS_SP_extracted
SYLVILAGUS_SP_video_IMG_0101_image004.jpg,14,SYLVILAGUS_SP,,SYLVILAGUS_SP_extracted
SYLVILAGUS_SP_video_IMG_0101_image005.jpg,14,SYLVILAGUS_SP,,SYLVILAGUS_SP_extracted
SYLVILAGUS_SP_video_IMG_0101_image006.jpg,14,SYLVILAGUS_SP,,SYLVILAGUS_SP_extracted
SYLVILAGUS_SP_video_IMG_0101_image007.jpg,14,SYLVILAGUS_SP,,SYLVILAGUS_SP_extracted
SYLVILAGUS_SP_video_IMG_0101_image008.jpg,14,SYLVILAGUS_SP,,SYLVILAGUS_SP_extracted
SYLVILAGUS_SP_video_IMG_0101_image009.jpg,14,SYLVILAGUS_SP,,SYLVILAGUS_SP_extracted
SYLVILAGUS_SP_video_IMG_0101_image010.jpg,14,SYLVILAGUS_SP,,SYLVILAGUS_SP_extracted
SYLVILAGUS_SP_video_IMG_0102_MP4_image002.jpg,14,SYLVILAGUS_SP,2022-05-20 06:00:16,SYLVILAGUS_SP_extracted
SYLVILAGUS_SP_video_IMG_0102_MP4_image003.jpg,14,SYLVILAGUS_SP,2022-05-20 06:00:17,SYLVILAGUS_SP_extracted
SYLVILAGUS_SP_video_IMG_0102_MP4_image004.jpg,14,SYLVILAGUS_SP,2022-05-20 06:00:18,SYLVILAGUS_SP_extracted
SYLVILAGUS_SP_video_IMG_0102_MP4_image005.jpg,14,SYLVILAGUS_SP,2022-05-20 06:00:19,SYLVILAGUS_SP_extracted
SYLVILAGUS_SP_video_IMG_0102_image001.jpg,14,SYLVILAGUS_SP,,SYLVILAGUS_SP_extracted
SYLVILAGUS_SP_video_IMG_0102_image002.jpg,14,SYLVILAGUS_SP,,SYLVILAGUS_SP_extracted
SYLVILAGUS_SP_video_IMG_0102_image003.jpg,14,SYLVILAGUS_SP,,SYLVILAGUS_SP_extracted
SYLVILAGUS_SP_video_IMG_0102_image003.jpg,14,SYLVILAGUS_SP,,SYLVILAGUS_SP_extracted
SYLVILAGUS_SP_video_IMG_0102_image004.jpg,14,SYLVILAGUS_SP,,SYLVILAGUS_SP_extracted
SYLVILAGUS_SP_video_IMG_0102_image005.jpg,14,SYLVILAGUS_SP,,SYLVILAGUS_SP_extracted
SYLVILAGUS_SP_video_IMG_0102_image005.jpg,14,SYLVILAGUS_SP,,SYLVILAGUS_SP_extracted
SYLVILAGUS_SP_video_IMG_0102_image006.jpg,14,SYLVILAGUS_SP,,SYLVILAGUS_SP_extracted
SYLVILAGUS_SP_video_IMG_0102_image007.jpg,14,SYLVILAGUS_SP,,SYLVILAGUS_SP_extracted
SYLVILAGUS_SP_video_IMG_0102_image007.jpg,14,SYLVILAGUS_SP,,SYLVILAGUS_SP_extracted
SYLVILAGUS_SP_video_IMG_0102_image008.jpg,14,SYLVILAGUS_SP,,SYLVILAGUS_SP_extracted
SYLVILAGUS_SP_video_IMG_0102_image009.jpg,14,SYLVILAGUS_SP,,SYLVILAGUS_SP_extracted
SYLVILAGUS_SP_video_IMG_0102_image010.jpg,14,SYLVILAGUS_SP,,SYLVILAGUS_SP_extracted
SYLVILAGUS_SP_video_IMG_0103_image001.jpg,14,SYLVILAGUS_SP,,SYLVILAGUS_SP_extracted
SYLVILAGUS_SP_video_IMG_0103_image002.jpg,14,SYLVILAGUS_SP,,SYLVILAGUS_SP_extracted
SYLVILAGUS_SP_video_IMG_0103_image003.jpg,14,SYLVILAGUS_SP,,SYLVILAGUS_SP_extracted
SYLVILAGUS_SP_video_IMG_0103_image004.jpg,14,SYLVILAGUS_SP,,SYLVILAGUS_SP_extracted
SYLVILAGUS_SP_video_IMG_0103_image005.jpg,14,SYLVILAGUS_SP,,SYLVILAGUS_SP_extracted
SYLVILAGUS_SP_video_IMG_0103_image006.jpg,14,SYLVILAGUS_SP,,SYLVILAGUS_SP_extracted
SYLVILAGUS_SP_video_IMG_0103_image007.jpg,14,SYLVILAGUS_SP,,SYLVILAGUS_SP_extracted
SYLVILAGUS_SP_video_IMG_0103_image008.jpg,14,SYLVILAGUS_SP,,SYLVILAGUS_SP_extracted
SYLVILAGUS_SP_video_IMG_0103_image009.jpg,14,SYLVILAGUS_SP,,SYLVILAGUS_SP_extracted
SYLVILAGUS_SP_video_IMG_0103_image010.jpg,14,SYLVILAGUS_SP,,SYLVILAGUS_SP_extracted
SYLVILAGUS_SP_video_IMG_0104_image001.jpg,14,SYLVILAGUS_SP,2022-10-27 01:25:01,SYLVILAGUS_SP_extracted
SYLVILAGUS_SP_video_IMG_0104_image002.jpg,14,SYLVILAGUS_SP,2022-10-27 01:25:02,SYLVILAGUS_SP_extracted
SYLVILAGUS_SP_video_IMG_0104_image003.jpg,14,SYLVILAGUS_SP,2022-10-27 01:25:03,SYLVILAGUS_SP_extracted
SYLVILAGUS_SP_video_IMG_0104_image004.jpg,14,SYLVILAGUS_SP,2022-10-27 01:25:04,SYLVILAGUS_SP_extracted
SYLVILAGUS_SP_video_IMG_0104_image005.jpg,14,SYLVILAGUS_SP,2022-10-27 01:25:05,SYLVILAGUS_SP_extracted
SYLVILAGUS_SP_video_IMG_0104_image006.jpg,14,SYLVILAGUS_SP,2022-10-27 01:25:06,SYLVILAGUS_SP_extracted
SYLVILAGUS_SP_video_IMG_0104_image007.jpg,14,SYLVILAGUS_SP,2022-10-27 01:25:07,SYLVILAGUS_SP_extracted
SYLVILAGUS_SP_video_IMG_0104_image008.jpg,14,SYLVILAGUS_SP,2022-10-27 01:25:08,SYLVILAGUS_SP_extracted
SYLVILAGUS_SP_video_IMG_0104_image009.jpg,14,SYLVILAGUS_SP,2022-10-27 01:25:09,SYLVILAGUS_SP_extracted
SYLVILAGUS_SP_video_IMG_0104_image010.jpg,14,SYLVILAGUS_SP,2022-10-27 01:25:10,SYLVILAGUS_SP_extracted
SYLVILAGUS_SP_video_IMG_0105_image001.jpg,14,SYLVILAGUS_SP,2022-05-30 19:34:46,SYLVILAGUS_SP_extracted
SYLVILAGUS_SP_video_IMG_0105_image002.jpg,14,SYLVILAGUS_SP,2022-05-30 19:34:46,SYLVILAGUS_SP_extracted
SYLVILAGUS_SP_video_IMG_0105_image003.jpg,14,SYLVILAGUS_SP,2022-05-30 19:34:46,SYLVILAGUS_SP_extracted
SYLVILAGUS_SP_video_IMG_0105_image004.jpg,14,SYLVILAGUS_SP,2022-05-30 19:34:46,SYLVILAGUS_SP_extracted
SYLVILAGUS_SP_video_IMG_0105_image005.jpg,14,SYLVILAGUS_SP,2022-05-30 19:34:46,SYLVILAGUS_SP_extracted
SYLVILAGUS_SP_video_IMG_0105_image006.jpg,14,SYLVILAGUS_SP,2022-05-30 19:34:46,SYLVILAGUS_SP_extracted
SYLVILAGUS_SP_video_IMG_0105_image007.jpg,14,SYLVILAGUS_SP,2022-05-30 19:34:46,SYLVILAGUS_SP_extracted
SYLVILAGUS_SP_video_IMG_0105_image008.jpg,14,SYLVILAGUS_SP,2022-05-30 19:34:46,SYLVILAGUS_SP_extracted
SYLVILAGUS_SP_video_IMG_0105_image009.jpg,14,SYLVILAGUS_SP,2022-05-30 19:34:46,SYLVILAGUS_SP_extracted
SYLVILAGUS_SP_video_IMG_0105_image010.jpg,14,SYLVILAGUS_SP,2022-05-30 19:34:46,SYLVILAGUS_SP_extracted
SYLVILAGUS_SP_video_IMG_0106_image001.jpg,14,SYLVILAGUS_SP,2022-05-30 21:36:05,SYLVILAGUS_SP_extracted
SYLVILAGUS_SP_video_IMG_0106_image002.jpg,14,SYLVILAGUS_SP,2022-05-30 21:36:05,SYLVILAGUS_SP_extracted
SYLVILAGUS_SP_video_IMG_0106_image003.jpg,14,SYLVILAGUS_SP,2022-05-30 21:36:05,SYLVILAGUS_SP_extracted
SYLVILAGUS_SP_video_IMG_0106_image004.jpg,14,SYLVILAGUS_SP,2022-05-30 21:36:05,SYLVILAGUS_SP_extracted
SYLVILAGUS_SP_video_IMG_0106_image005.jpg,14,SYLVILAGUS_SP,2022-05-30 21:36:05,SYLVILAGUS_SP_extracted
SYLVILAGUS_SP_video_IMG_0106_image006.jpg,14,SYLVILAGUS_SP,2022-05-30 21:36:05,SYLVILAGUS_SP_extracted
SYLVILAGUS_SP_video_IMG_0106_image007.jpg,14,SYLVILAGUS_SP,2022-05-30 21:36:05,SYLVILAGUS_SP_extracted
SYLVILAGUS_SP_video_IMG_0106_image008.jpg,14,SYLVILAGUS_SP,2022-05-30 21:36:05,SYLVILAGUS_SP_extracted
SYLVILAGUS_SP_video_IMG_0106_image009.jpg,14,SYLVILAGUS_SP,2022-05-30 21:36:05,SYLVILAGUS_SP_extracted
SYLVILAGUS_SP_video_IMG_0106_image010.jpg,14,SYLVILAGUS_SP,2022-05-30 21:36:05,SYLVILAGUS_SP_extracted
SYLVILAGUS_SP_video_IMG_0107_image001.jpg,14,SYLVILAGUS_SP,2022-05-30 22:36:54,SYLVILAGUS_SP_extracted
SYLVILAGUS_SP_video_IMG_0107_image002.jpg,14,SYLVILAGUS_SP,2022-05-30 22:36:54,SYLVILAGUS_SP_extracted
SYLVILAGUS_SP_video_IMG_0107_image003.jpg,14,SYLVILAGUS_SP,2022-05-30 22:36:54,SYLVILAGUS_SP_extracted
SYLVILAGUS_SP_video_IMG_0107_image004.jpg,14,SYLVILAGUS_SP,2022-05-30 22:36:54,SYLVILAGUS_SP_extracted
SYLVILAGUS_SP_video_IMG_0107_image005.jpg,14,SYLVILAGUS_SP,2022-05-30 22:36:54,SYLVILAGUS_SP_extracted
SYLVILAGUS_SP_video_IMG_0107_image006.jpg,14,SYLVILAGUS_SP,2022-05-30 22:36:54,SYLVILAGUS_SP_extracted
SYLVILAGUS_SP_video_IMG_0107_image007.jpg,14,SYLVILAGUS_SP,2022-05-30 22:36:54,SYLVILAGUS_SP_extracted
SYLVILAGUS_SP_video_IMG_0107_image008.jpg,14,SYLVILAGUS_SP,2022-05-30 22:36:54,SYLVILAGUS_SP_extracted
SYLVILAGUS_SP_video_IMG_0107_image008.jpg,14,SYLVILAGUS_SP,2022-05-30 22:36:54,SYLVILAGUS_SP_extracted
SYLVILAGUS_SP_video_IMG_0107_image009.jpg,14,SYLVILAGUS_SP,2022-05-30 22:36:54,SYLVILAGUS_SP_extracted
SYLVILAGUS_SP_video_IMG_0107_image010.jpg,14,SYLVILAGUS_SP,2022-05-30 22:36:54,SYLVILAGUS_SP_extracted
SYLVILAGUS_SP_video_IMG_0108_image001.jpg,14,SYLVILAGUS_SP,2022-05-30 23:49:54,SYLVILAGUS_SP_extracted
SYLVILAGUS_SP_video_IMG_0108_image002.jpg,14,SYLVILAGUS_SP,2022-05-30 23:49:54,SYLVILAGUS_SP_extracted
SYLVILAGUS_SP_video_IMG_0108_image003.jpg,14,SYLVILAGUS_SP,2022-05-30 23:49:54,SYLVILAGUS_SP_extracted
SYLVILAGUS_SP_video_IMG_0108_image004.jpg,14,SYLVILAGUS_SP,2022-05-30 23:49:54,SYLVILAGUS_SP_extracted
SYLVILAGUS_SP_video_IMG_0108_image005.jpg,14,SYLVILAGUS_SP,2022-05-30 23:49:54,SYLVILAGUS_SP_extracted
SYLVILAGUS_SP_video_IMG_0108_image006.jpg,14,SYLVILAGUS_SP,2022-05-30 23:49:54,SYLVILAGUS_SP_extracted
SYLVILAGUS_SP_video_IMG_0108_image007.jpg,14,SYLVILAGUS_SP,2022-05-30 23:49:54,SYLVILAGUS_SP_extracted
SYLVILAGUS_SP_video_IMG_0108_image008.jpg,14,SYLVILAGUS_SP,2022-05-30 23:49:54,SYLVILAGUS_SP_extracted
SYLVILAGUS_SP_video_IMG_0108_image009.jpg,14,SYLVILAGUS_SP,2022-05-30 23:49:54,SYLVILAGUS_SP_extracted
SYLVILAGUS_SP_video_IMG_0108_image010.jpg,14,SYLVILAGUS_SP,2022-05-30 23:49:54,SYLVILAGUS_SP_extracted
SYLVILAGUS_SP_video_IMG_0110_image001.jpg,14,SYLVILAGUS_SP,2022-05-31 04:33:56,SYLVILAGUS_SP_extracted
SYLVILAGUS_SP_video_IMG_0110_image002.jpg,14,SYLVILAGUS_SP,2022-05-31 04:33:56,SYLVILAGUS_SP_extracted
SYLVILAGUS_SP_video_IMG_0110_image003.jpg,14,SYLVILAGUS_SP,2022-05-31 04:33:56,SYLVILAGUS_SP_extracted
SYLVILAGUS_SP_video_IMG_0110_image004.jpg,14,SYLVILAGUS_SP,2022-05-31 04:33:56,SYLVILAGUS_SP_extracted
SYLVILAGUS_SP_video_IMG_0110_image005.jpg,14,SYLVILAGUS_SP,2022-05-31 04:33:56,SYLVILAGUS_SP_extracted
SYLVILAGUS_SP_video_IMG_0110_image006.jpg,14,SYLVILAGUS_SP,2022-05-31 04:33:56,SYLVILAGUS_SP_extracted
SYLVILAGUS_SP_video_IMG_0110_image007.jpg,14,SYLVILAGUS_SP,2022-05-31 04:33:56,SYLVILAGUS_SP_extracted
SYLVILAGUS_SP_video_IMG_0110_image008.jpg,14,SYLVILAGUS_SP,2022-05-31 04:33:56,SYLVILAGUS_SP_extracted
SYLVILAGUS_SP_video_IMG_0110_image009.jpg,14,SYLVILAGUS_SP,2022-05-31 04:33:56,SYLVILAGUS_SP_extracted
SYLVILAGUS_SP_video_IMG_0110_image010.jpg,14,SYLVILAGUS_SP,2022-05-31 04:33:56,SYLVILAGUS_SP_extracted
SYLVILAGUS_SP_video_IMG_0112_image001.jpg,14,SYLVILAGUS_SP,2022-05-31 05:51:54,SYLVILAGUS_SP_extracted
SYLVILAGUS_SP_video_IMG_0112_image002.jpg,14,SYLVILAGUS_SP,2022-05-31 05:51:55,SYLVILAGUS_SP_extracted
SYLVILAGUS_SP_video_IMG_0112_image003.jpg,14,SYLVILAGUS_SP,2022-05-31 05:51:56,SYLVILAGUS_SP_extracted
SYLVILAGUS_SP_video_IMG_0112_image004.jpg,14,SYLVILAGUS_SP,2022-05-31 05:51:57,SYLVILAGUS_SP_extracted
SYLVILAGUS_SP_video_IMG_0112_image005.jpg,14,SYLVILAGUS_SP,2022-05-31 05:51:58,SYLVILAGUS_SP_extracted
SYLVILAGUS_SP_video_IMG_0112_image006.jpg,14,SYLVILAGUS_SP,2022-05-31 05:51:59,SYLVILAGUS_SP_extracted
SYLVILAGUS_SP_video_IMG_0112_image007.jpg,14,SYLVILAGUS_SP,2022-05-31 05:52:00,SYLVILAGUS_SP_extracted
SYLVILAGUS_SP_video_IMG_0112_image008.jpg,14,SYLVILAGUS_SP,2022-05-31 05:52:01,SYLVILAGUS_SP_extracted
SYLVILAGUS_SP_video_IMG_0112_image009.jpg,14,SYLVILAGUS_SP,2022-05-31 05:52:02,SYLVILAGUS_SP_extracted
SYLVILAGUS_SP_video_IMG_0112_image010.jpg,14,SYLVILAGUS_SP,2022-05-31 05:52:03,SYLVILAGUS_SP_extracted
SYLVILAGUS_SP_video_IMG_0119_image001.jpg,14,SYLVILAGUS_SP,2022-05-31 22:38:42,SYLVILAGUS_SP_extracted
SYLVILAGUS_SP_video_IMG_0119_image002.jpg,14,SYLVILAGUS_SP,2022-05-31 22:38:42,SYLVILAGUS_SP_extracted
SYLVILAGUS_SP_video_IMG_0119_image003.jpg,14,SYLVILAGUS_SP,2022-05-31 22:38:42,SYLVILAGUS_SP_extracted
SYLVILAGUS_SP_video_IMG_0119_image004.jpg,14,SYLVILAGUS_SP,2022-05-31 22:38:42,SYLVILAGUS_SP_extracted
SYLVILAGUS_SP_video_IMG_0119_image005.jpg,14,SYLVILAGUS_SP,2022-05-31 22:38:42,SYLVILAGUS_SP_extracted
SYLVILAGUS_SP_video_IMG_0119_image006.jpg,14,SYLVILAGUS_SP,2022-05-31 22:38:42,SYLVILAGUS_SP_extracted
SYLVILAGUS_SP_video_IMG_0119_image007.jpg,14,SYLVILAGUS_SP,2022-05-31 22:38:42,SYLVILAGUS_SP_extracted
SYLVILAGUS_SP_video_IMG_0119_image008.jpg,14,SYLVILAGUS_SP,2022-05-31 22:38:42,SYLVILAGUS_SP_extracted
SYLVILAGUS_SP_video_IMG_0119_image009.jpg,14,SYLVILAGUS_SP,2022-05-31 22:38:42,SYLVILAGUS_SP_extracted
SYLVILAGUS_SP_video_IMG_0119_image010.jpg,14,SYLVILAGUS_SP,2022-05-31 22:38:42,SYLVILAGUS_SP_extracted
SYLVILAGUS_SP_video_IMG_0120_image004.jpg,14,SYLVILAGUS_SP,2022-05-31 23:11:49,SYLVILAGUS_SP_extracted
SYLVILAGUS_SP_video_IMG_0120_image005.jpg,14,SYLVILAGUS_SP,2022-05-31 23:11:49,SYLVILAGUS_SP_extracted
SYLVILAGUS_SP_video_IMG_0120_image006.jpg,14,SYLVILAGUS_SP,2022-05-31 23:11:49,SYLVILAGUS_SP_extracted
SYLVILAGUS_SP_video_IMG_0120_image007.jpg,14,SYLVILAGUS_SP,2022-05-31 23:11:49,SYLVILAGUS_SP_extracted
SYLVILAGUS_SP_video_IMG_0120_image008.jpg,14,SYLVILAGUS_SP,2022-05-31 23:11:49,SYLVILAGUS_SP_extracted
SYLVILAGUS_SP_video_IMG_0120_image009.jpg,14,SYLVILAGUS_SP,2022-05-31 23:11:49,SYLVILAGUS_SP_extracted
SYLVILAGUS_SP_video_IMG_0120_image010.jpg,14,SYLVILAGUS_SP,2022-05-31 23:11:49,SYLVILAGUS_SP_extracted
SYLVILAGUS_SP_video_IMG_0122_image001.jpg,14,SYLVILAGUS_SP,2022-06-01 00:38:28,SYLVILAGUS_SP_extracted
SYLVILAGUS_SP_video_IMG_0122_image002.jpg,14,SYLVILAGUS_SP,2022-06-01 00:38:28,SYLVILAGUS_SP_extracted
SYLVILAGUS_SP_video_IMG_0122_image003.jpg,14,SYLVILAGUS_SP,2022-06-01 00:38:28,SYLVILAGUS_SP_extracted
SYLVILAGUS_SP_video_IMG_0122_image004.jpg,14,SYLVILAGUS_SP,2022-06-01 00:38:28,SYLVILAGUS_SP_extracted
SYLVILAGUS_SP_video_IMG_0122_image005.jpg,14,SYLVILAGUS_SP,2022-06-01 00:38:28,SYLVILAGUS_SP_extracted
SYLVILAGUS_SP_video_IMG_0122_image006.jpg,14,SYLVILAGUS_SP,2022-06-01 00:38:28,SYLVILAGUS_SP_extracted
SYLVILAGUS_SP_video_IMG_0122_image007.jpg,14,SYLVILAGUS_SP,2022-06-01 00:38:28,SYLVILAGUS_SP_extracted
SYLVILAGUS_SP_video_IMG_0122_image008.jpg,14,SYLVILAGUS_SP,2022-06-01 00:38:28,SYLVILAGUS_SP_extracted
SYLVILAGUS_SP_video_IMG_0122_image009.jpg,14,SYLVILAGUS_SP,2022-06-01 00:38:28,SYLVILAGUS_SP_extracted
SYLVILAGUS_SP_video_IMG_0122_image010.jpg,14,SYLVILAGUS_SP,2022-06-01 00:38:28,SYLVILAGUS_SP_extracted
SYLVILAGUS_SP_video_IMG_0123 (2)_image001.jpg,14,SYLVILAGUS_SP,2022-05-22 02:33:04,SYLVILAGUS_SP_extracted
SYLVILAGUS_SP_video_IMG_0123 (2)_image002.jpg,14,SYLVILAGUS_SP,2022-05-22 02:33:05,SYLVILAGUS_SP_extracted
SYLVILAGUS_SP_video_IMG_0123 (2)_image003.jpg,14,SYLVILAGUS_SP,2022-05-22 02:33:06,SYLVILAGUS_SP_extracted
SYLVILAGUS_SP_video_IMG_0123 (2)_image004.jpg,14,SYLVILAGUS_SP,2022-05-22 02:33:07,SYLVILAGUS_SP_extracted
SYLVILAGUS_SP_video_IMG_0123 (2)_image005.jpg,14,SYLVILAGUS_SP,2022-05-22 02:33:08,SYLVILAGUS_SP_extracted
SYLVILAGUS_SP_video_IMG_0123 (2)_image006.jpg,14,SYLVILAGUS_SP,2022-05-22 02:33:09,SYLVILAGUS_SP_extracted
SYLVILAGUS_SP_video_IMG_0123 (2)_image007.jpg,14,SYLVILAGUS_SP,2022-05-22 02:33:10,SYLVILAGUS_SP_extracted
SYLVILAGUS_SP_video_IMG_0123 (2)_image008.jpg,14,SYLVILAGUS_SP,2022-05-22 02:33:11,SYLVILAGUS_SP_extracted
SYLVILAGUS_SP_video_IMG_0123 (2)_image009.jpg,14,SYLVILAGUS_SP,2022-05-22 02:33:12,SYLVILAGUS_SP_extracted
SYLVILAGUS_SP_video_IMG_0123 (2)_image010.jpg,14,SYLVILAGUS_SP,2022-05-22 02:33:13,SYLVILAGUS_SP_extracted
SYLVILAGUS_SP_video_IMG_0123_image001.jpg,14,SYLVILAGUS_SP,2022-06-01 00:47:45,SYLVILAGUS_SP_extracted
SYLVILAGUS_SP_video_IMG_0123_image002.jpg,14,SYLVILAGUS_SP,2022-06-01 00:47:45,SYLVILAGUS_SP_extracted
SYLVILAGUS_SP_video_IMG_0123_image003.jpg,14,SYLVILAGUS_SP,2022-06-01 00:47:45,SYLVILAGUS_SP_extracted
SYLVILAGUS_SP_video_IMG_0123_image004.jpg,14,SYLVILAGUS_SP,2022-06-01 00:47:45,SYLVILAGUS_SP_extracted
SYLVILAGUS_SP_video_IMG_0123_image005.jpg,14,SYLVILAGUS_SP,2022-06-01 00:47:45,SYLVILAGUS_SP_extracted
SYLVILAGUS_SP_video_IMG_0123_image006.jpg,14,SYLVILAGUS_SP,2022-06-01 00:47:45,SYLVILAGUS_SP_extracted
SYLVILAGUS_SP_video_IMG_0123_image007.jpg,14,SYLVILAGUS_SP,2022-06-01 00:47:45,SYLVILAGUS_SP_extracted
SYLVILAGUS_SP_video_IMG_0123_image008.jpg,14,SYLVILAGUS_SP,2022-06-01 00:47:45,SYLVILAGUS_SP_extracted
SYLVILAGUS_SP_video_IMG_0123_image009.jpg,14,SYLVILAGUS_SP,2022-06-01 00:47:45,SYLVILAGUS_SP_extracted
SYLVILAGUS_SP_video_IMG_0123_image010.jpg,14,SYLVILAGUS_SP,2022-06-01 00:47:45,SYLVILAGUS_SP_extracted
SYLVILAGUS_SP_video_IMG_0124_image001.jpg,14,SYLVILAGUS_SP,2022-05-22 05:26:28,SYLVILAGUS_SP_extracted
SYLVILAGUS_SP_video_IMG_0124_image002.jpg,14,SYLVILAGUS_SP,2022-05-22 05:26:29,SYLVILAGUS_SP_extracted
SYLVILAGUS_SP_video_IMG_0124_image002.jpg,14,SYLVILAGUS_SP,2022-05-22 05:26:29,SYLVILAGUS_SP_extracted
SYLVILAGUS_SP_video_IMG_0124_image003.jpg,14,SYLVILAGUS_SP,2022-05-22 05:26:30,SYLVILAGUS_SP_extracted
SYLVILAGUS_SP_video_IMG_0124_image004.jpg,14,SYLVILAGUS_SP,2022-05-22 05:26:31,SYLVILAGUS_SP_extracted
SYLVILAGUS_SP_video_IMG_0124_image005.jpg,14,SYLVILAGUS_SP,2022-05-22 05:26:32,SYLVILAGUS_SP_extracted
SYLVILAGUS_SP_video_IMG_0124_image006.jpg,14,SYLVILAGUS_SP,2022-05-22 05:26:33,SYLVILAGUS_SP_extracted
SYLVILAGUS_SP_video_IMG_0124_image007.jpg,14,SYLVILAGUS_SP,2022-05-22 05:26:34,SYLVILAGUS_SP_extracted
SYLVILAGUS_SP_video_IMG_0124_image008.jpg,14,SYLVILAGUS_SP,2022-05-22 05:26:35,SYLVILAGUS_SP_extracted
SYLVILAGUS_SP_video_IMG_0124_image009.jpg,14,SYLVILAGUS_SP,2022-05-22 05:26:36,SYLVILAGUS_SP_extracted
SYLVILAGUS_SP_video_IMG_0124_image010.jpg,14,SYLVILAGUS_SP,2022-05-22 05:26:37,SYLVILAGUS_SP_extracted
SYLVILAGUS_SP_video_IMG_0125_image001.jpg,14,SYLVILAGUS_SP,2022-06-01 03:03:00,SYLVILAGUS_SP_extracted
SYLVILAGUS_SP_video_IMG_0125_image002.jpg,14,SYLVILAGUS_SP,2022-06-01 03:03:00,SYLVILAGUS_SP_extracted
SYLVILAGUS_SP_video_IMG_0125_image003.jpg,14,SYLVILAGUS_SP,2022-06-01 03:03:00,SYLVILAGUS_SP_extracted
SYLVILAGUS_SP_video_IMG_0125_image004.jpg,14,SYLVILAGUS_SP,2022-06-01 03:03:00,SYLVILAGUS_SP_extracted
SYLVILAGUS_SP_video_IMG_0125_image005.jpg,14,SYLVILAGUS_SP,2022-06-01 03:03:00,SYLVILAGUS_SP_extracted
SYLVILAGUS_SP_video_IMG_0125_image006.jpg,14,SYLVILAGUS_SP,2022-06-01 03:03:00,SYLVILAGUS_SP_extracted
SYLVILAGUS_SP_video_IMG_0125_image007.jpg,14,SYLVILAGUS_SP,2022-06-01 03:03:00,SYLVILAGUS_SP_extracted
SYLVILAGUS_SP_video_IMG_0125_image008.jpg,14,SYLVILAGUS_SP,2022-06-01 03:03:00,SYLVILAGUS_SP_extracted
SYLVILAGUS_SP_video_IMG_0125_image009.jpg,14,SYLVILAGUS_SP,2022-06-01 03:03:00,SYLVILAGUS_SP_extracted
SYLVILAGUS_SP_video_IMG_0125_image010.jpg,14,SYLVILAGUS_SP,2022-06-01 03:03:00,SYLVILAGUS_SP_extracted
SYLVILAGUS_SP_video_IMG_0126_image003.jpg,14,SYLVILAGUS_SP,,SYLVILAGUS_SP_extracted
SYLVILAGUS_SP_video_IMG_0126_image003.jpg,14,SYLVILAGUS_SP,,SYLVILAGUS_SP_extracted
SYLVILAGUS_SP_video_IMG_0126_image004.jpg,14,SYLVILAGUS_SP,,SYLVILAGUS_SP_extracted
SYLVILAGUS_SP_video_IMG_0127_image001.jpg,14,SYLVILAGUS_SP,2022-06-01 04:58:10,SYLVILAGUS_SP_extracted
SYLVILAGUS_SP_video_IMG_0127_image002.jpg,14,SYLVILAGUS_SP,2022-06-01 04:58:10,SYLVILAGUS_SP_extracted
SYLVILAGUS_SP_video_IMG_0127_image003.jpg,14,SYLVILAGUS_SP,2022-06-01 04:58:10,SYLVILAGUS_SP_extracted
SYLVILAGUS_SP_video_IMG_0127_image004.jpg,14,SYLVILAGUS_SP,2022-06-01 04:58:10,SYLVILAGUS_SP_extracted
SYLVILAGUS_SP_video_IMG_0127_image005.jpg,14,SYLVILAGUS_SP,2022-06-01 04:58:10,SYLVILAGUS_SP_extracted
SYLVILAGUS_SP_video_IMG_0127_image006.jpg,14,SYLVILAGUS_SP,2022-06-01 04:58:10,SYLVILAGUS_SP_extracted
SYLVILAGUS_SP_video_IMG_0127_image007.jpg,14,SYLVILAGUS_SP,2022-06-01 04:58:10,SYLVILAGUS_SP_extracted
SYLVILAGUS_SP_video_IMG_0127_image008.jpg,14,SYLVILAGUS_SP,2022-06-01 04:58:10,SYLVILAGUS_SP_extracted
SYLVILAGUS_SP_video_IMG_0127_image009.jpg,14,SYLVILAGUS_SP,2022-06-01 04:58:10,SYLVILAGUS_SP_extracted
SYLVILAGUS_SP_video_IMG_0127_image010.jpg,14,SYLVILAGUS_SP,2022-06-01 04:58:10,SYLVILAGUS_SP_extracted
SYLVILAGUS_SP_video_IMG_0128_image001.jpg,14,SYLVILAGUS_SP,2022-11-28 22:46:43,SYLVILAGUS_SP_extracted
SYLVILAGUS_SP_video_IMG_0128_image002.jpg,14,SYLVILAGUS_SP,2022-11-28 22:46:44,SYLVILAGUS_SP_extracted
SYLVILAGUS_SP_video_IMG_0128_image003.jpg,14,SYLVILAGUS_SP,2022-11-28 22:46:45,SYLVILAGUS_SP_extracted
SYLVILAGUS_SP_video_IMG_0128_image004.jpg,14,SYLVILAGUS_SP,2022-11-28 22:46:46,SYLVILAGUS_SP_extracted
SYLVILAGUS_SP_video_IMG_0128_image005.jpg,14,SYLVILAGUS_SP,2022-11-28 22:46:47,SYLVILAGUS_SP_extracted
SYLVILAGUS_SP_video_IMG_0128_image006.jpg,14,SYLVILAGUS_SP,2022-11-28 22:46:48,SYLVILAGUS_SP_extracted
SYLVILAGUS_SP_video_IMG_0136_image001.jpg,14,SYLVILAGUS_SP,2022-11-02 23:53:55,SYLVILAGUS_SP_extracted
SYLVILAGUS_SP_video_IMG_0136_image002.jpg,14,SYLVILAGUS_SP,2022-11-02 23:53:56,SYLVILAGUS_SP_extracted
SYLVILAGUS_SP_video_IMG_0136_image003.jpg,14,SYLVILAGUS_SP,2022-11-02 23:53:57,SYLVILAGUS_SP_extracted
SYLVILAGUS_SP_video_IMG_0136_image004.jpg,14,SYLVILAGUS_SP,2022-11-02 23:53:58,SYLVILAGUS_SP_extracted
SYLVILAGUS_SP_video_IMG_0136_image005.jpg,14,SYLVILAGUS_SP,2022-11-02 23:53:59,SYLVILAGUS_SP_extracted
SYLVILAGUS_SP_video_IMG_0136_image006.jpg,14,SYLVILAGUS_SP,2022-11-02 23:54:00,SYLVILAGUS_SP_extracted
SYLVILAGUS_SP_video_IMG_0136_image007.jpg,14,SYLVILAGUS_SP,2022-11-02 23:54:01,SYLVILAGUS_SP_extracted
SYLVILAGUS_SP_video_IMG_0136_image008.jpg,14,SYLVILAGUS_SP,2022-11-02 23:54:02,SYLVILAGUS_SP_extracted
SYLVILAGUS_SP_video_IMG_0136_image009.jpg,14,SYLVILAGUS_SP,2022-11-02 23:54:03,SYLVILAGUS_SP_extracted
SYLVILAGUS_SP_video_IMG_0136_image010.jpg,14,SYLVILAGUS_SP,2022-11-02 23:54:04,SYLVILAGUS_SP_extracted
SYLVILAGUS_SP_video_IMG_0143_image001.jpg,14,SYLVILAGUS_SP,2022-05-25 01:40:16,SYLVILAGUS_SP_extracted
SYLVILAGUS_SP_video_IMG_0143_image002.jpg,14,SYLVILAGUS_SP,2022-05-25 01:40:17,SYLVILAGUS_SP_extracted
SYLVILAGUS_SP_video_IMG_0143_image003.jpg,14,SYLVILAGUS_SP,2022-05-25 01:40:18,SYLVILAGUS_SP_extracted
SYLVILAGUS_SP_video_IMG_0143_image004.jpg,14,SYLVILAGUS_SP,2022-05-25 01:40:19,SYLVILAGUS_SP_extracted
SYLVILAGUS_SP_video_IMG_0143_image005.jpg,14,SYLVILAGUS_SP,2022-05-25 01:40:20,SYLVILAGUS_SP_extracted
SYLVILAGUS_SP_video_IMG_0143_image006.jpg,14,SYLVILAGUS_SP,2022-05-25 01:40:21,SYLVILAGUS_SP_extracted
SYLVILAGUS_SP_video_IMG_0143_image007.jpg,14,SYLVILAGUS_SP,2022-05-25 01:40:22,SYLVILAGUS_SP_extracted
SYLVILAGUS_SP_video_IMG_0143_image008.jpg,14,SYLVILAGUS_SP,2022-05-25 01:40:23,SYLVILAGUS_SP_extracted
SYLVILAGUS_SP_video_IMG_0143_image009.jpg,14,SYLVILAGUS_SP,2022-05-25 01:40:24,SYLVILAGUS_SP_extracted
SYLVILAGUS_SP_video_IMG_0143_image010.jpg,14,SYLVILAGUS_SP,2022-05-25 01:40:25,SYLVILAGUS_SP_extracted
SYLVILAGUS_SP_video_IMG_0150_image001.jpg,14,SYLVILAGUS_SP,2022-05-27 06:00:28,SYLVILAGUS_SP_extracted
SYLVILAGUS_SP_video_IMG_0150_image002.jpg,14,SYLVILAGUS_SP,2022-05-27 06:00:29,SYLVILAGUS_SP_extracted
SYLVILAGUS_SP_video_IMG_0150_image003.jpg,14,SYLVILAGUS_SP,2022-05-27 06:00:30,SYLVILAGUS_SP_extracted
SYLVILAGUS_SP_video_IMG_0150_image004.jpg,14,SYLVILAGUS_SP,2022-05-27 06:00:31,SYLVILAGUS_SP_extracted
SYLVILAGUS_SP_video_IMG_0150_image005.jpg,14,SYLVILAGUS_SP,2022-05-27 06:00:32,SYLVILAGUS_SP_extracted
SYLVILAGUS_SP_video_IMG_0150_image007.jpg,14,SYLVILAGUS_SP,2022-05-27 06:00:34,SYLVILAGUS_SP_extracted
SYLVILAGUS_SP_video_IMG_0167_image001.jpg,14,SYLVILAGUS_SP,2022-05-29 05:57:47,SYLVILAGUS_SP_extracted
SYLVILAGUS_SP_video_IMG_0167_image002.jpg,14,SYLVILAGUS_SP,2022-05-29 05:57:48,SYLVILAGUS_SP_extracted
SYLVILAGUS_SP_video_IMG_0167_image003.jpg,14,SYLVILAGUS_SP,2022-05-29 05:57:49,SYLVILAGUS_SP_extracted
SYLVILAGUS_SP_video_IMG_0167_image004.jpg,14,SYLVILAGUS_SP,2022-05-29 05:57:50,SYLVILAGUS_SP_extracted
SYLVILAGUS_SP_video_IMG_0167_image005.jpg,14,SYLVILAGUS_SP,2022-05-29 05:57:51,SYLVILAGUS_SP_extracted
SYLVILAGUS_SP_video_IMG_0167_image006.jpg,14,SYLVILAGUS_SP,2022-05-29 05:57:52,SYLVILAGUS_SP_extracted
SYLVILAGUS_SP_video_IMG_0167_image007.jpg,14,SYLVILAGUS_SP,2022-05-29 05:57:53,SYLVILAGUS_SP_extracted
SYLVILAGUS_SP_video_IMG_0167_image008.jpg,14,SYLVILAGUS_SP,2022-05-29 05:57:54,SYLVILAGUS_SP_extracted
SYLVILAGUS_SP_video_IMG_0167_image009.jpg,14,SYLVILAGUS_SP,2022-05-29 05:57:55,SYLVILAGUS_SP_extracted
SYLVILAGUS_SP_video_IMG_0167_image010.jpg,14,SYLVILAGUS_SP,2022-05-29 05:57:56,SYLVILAGUS_SP_extracted
SYLVILAGUS_SP_video_IMG_0167_image010.jpg,14,SYLVILAGUS_SP,2022-05-29 05:57:56,SYLVILAGUS_SP_extracted
SYLVILAGUS_SP_video_IMG_0178_image001.jpg,14,SYLVILAGUS_SP,2022-05-30 03:01:53,SYLVILAGUS_SP_extracted
SYLVILAGUS_SP_video_IMG_0178_image002.jpg,14,SYLVILAGUS_SP,2022-05-30 03:01:54,SYLVILAGUS_SP_extracted
SYLVILAGUS_SP_video_IMG_0178_image003.jpg,14,SYLVILAGUS_SP,2022-05-30 03:01:55,SYLVILAGUS_SP_extracted
SYLVILAGUS_SP_video_IMG_0178_image008.jpg,14,SYLVILAGUS_SP,2022-05-30 03:02:00,SYLVILAGUS_SP_extracted
SYLVILAGUS_SP_video_IMG_0178_image009.jpg,14,SYLVILAGUS_SP,2022-05-30 03:02:01,SYLVILAGUS_SP_extracted
SYLVILAGUS_SP_video_IMG_0179_image001.jpg,14,SYLVILAGUS_SP,2022-05-30 05:09:24,SYLVILAGUS_SP_extracted
SYLVILAGUS_SP_video_IMG_0179_image002.jpg,14,SYLVILAGUS_SP,2022-05-30 05:09:25,SYLVILAGUS_SP_extracted
SYLVILAGUS_SP_video_IMG_0179_image003.jpg,14,SYLVILAGUS_SP,2022-05-30 05:09:26,SYLVILAGUS_SP_extracted
SYLVILAGUS_SP_video_IMG_0179_image004.jpg,14,SYLVILAGUS_SP,2022-05-30 05:09:27,SYLVILAGUS_SP_extracted
SYLVILAGUS_SP_video_IMG_0179_image005.jpg,14,SYLVILAGUS_SP,2022-05-30 05:09:28,SYLVILAGUS_SP_extracted
SYLVILAGUS_SP_video_IMG_0179_image006.jpg,14,SYLVILAGUS_SP,2022-05-30 05:09:29,SYLVILAGUS_SP_extracted
SYLVILAGUS_SP_video_IMG_0179_image007.jpg,14,SYLVILAGUS_SP,2022-05-30 05:09:30,SYLVILAGUS_SP_extracted
SYLVILAGUS_SP_video_IMG_0179_image008.jpg,14,SYLVILAGUS_SP,2022-05-30 05:09:31,SYLVILAGUS_SP_extracted
SYLVILAGUS_SP_video_IMG_0179_image009.jpg,14,SYLVILAGUS_SP,2022-05-30 05:09:32,SYLVILAGUS_SP_extracted
SYLVILAGUS_SP_video_IMG_0180_image001.jpg,14,SYLVILAGUS_SP,,SYLVILAGUS_SP_extracted
SYLVILAGUS_SP_video_IMG_0180_image002.jpg,14,SYLVILAGUS_SP,,SYLVILAGUS_SP_extracted
SYLVILAGUS_SP_video_IMG_0180_image003.jpg,14,SYLVILAGUS_SP,,SYLVILAGUS_SP_extracted
SYLVILAGUS_SP_video_IMG_0180_image004.jpg,14,SYLVILAGUS_SP,,SYLVILAGUS_SP_extracted
SYLVILAGUS_SP_video_IMG_0189_image001.jpg,14,SYLVILAGUS_SP,,SYLVILAGUS_SP_extracted
SYLVILAGUS_SP_video_IMG_0189_image002.jpg,14,SYLVILAGUS_SP,,SYLVILAGUS_SP_extracted
SYLVILAGUS_SP_video_IMG_0189_image003.jpg,14,SYLVILAGUS_SP,,SYLVILAGUS_SP_extracted
SYLVILAGUS_SP_video_IMG_0189_image004.jpg,14,SYLVILAGUS_SP,,SYLVILAGUS_SP_extracted
SYLVILAGUS_SP_video_IMG_0189_image005.jpg,14,SYLVILAGUS_SP,,SYLVILAGUS_SP_extracted
SYLVILAGUS_SP_video_IMG_0189_image006.jpg,14,SYLVILAGUS_SP,,SYLVILAGUS_SP_extracted
SYLVILAGUS_SP_video_IMG_0189_image007.jpg,14,SYLVILAGUS_SP,,SYLVILAGUS_SP_extracted
SYLVILAGUS_SP_video_IMG_0189_image008.jpg,14,SYLVILAGUS_SP,,SYLVILAGUS_SP_extracted
SYLVILAGUS_SP_video_IMG_0189_image009.jpg,14,SYLVILAGUS_SP,,SYLVILAGUS_SP_extracted
SYLVILAGUS_SP_video_IMG_0189_image010.jpg,14,SYLVILAGUS_SP,,SYLVILAGUS_SP_extracted
SYLVILAGUS_SP_video_IMG_0190_image001.jpg,14,SYLVILAGUS_SP,,SYLVILAGUS_SP_extracted
SYLVILAGUS_SP_video_IMG_0190_image001.jpg,14,SYLVILAGUS_SP,,SYLVILAGUS_SP_extracted
SYLVILAGUS_SP_video_IMG_0190_image002.jpg,14,SYLVILAGUS_SP,,SYLVILAGUS_SP_extracted
SYLVILAGUS_SP_video_IMG_0190_image003.jpg,14,SYLVILAGUS_SP,,SYLVILAGUS_SP_extracted
SYLVILAGUS_SP_video_IMG_0190_image004.jpg,14,SYLVILAGUS_SP,,SYLVILAGUS_SP_extracted
SYLVILAGUS_SP_video_IMG_0190_image005.jpg,14,SYLVILAGUS_SP,,SYLVILAGUS_SP_extracted
SYLVILAGUS_SP_video_IMG_0190_image006.jpg,14,SYLVILAGUS_SP,,SYLVILAGUS_SP_extracted
SYLVILAGUS_SP_video_IMG_0190_image007.jpg,14,SYLVILAGUS_SP,,SYLVILAGUS_SP_extracted
SYLVILAGUS_SP_video_IMG_0190_image008.jpg,14,SYLVILAGUS_SP,,SYLVILAGUS_SP_extracted
SYLVILAGUS_SP_video_IMG_0190_image009.jpg,14,SYLVILAGUS_SP,,SYLVILAGUS_SP_extracted
SYLVILAGUS_SP_video_IMG_0190_image010.jpg,14,SYLVILAGUS_SP,,SYLVILAGUS_SP_extracted
SYLVILAGUS_SP_video_IMG_0191_image001.jpg,14,SYLVILAGUS_SP,,SYLVILAGUS_SP_extracted
SYLVILAGUS_SP_video_IMG_0191_image002.jpg,14,SYLVILAGUS_SP,,SYLVILAGUS_SP_extracted
SYLVILAGUS_SP_video_IMG_0191_image003.jpg,14,SYLVILAGUS_SP,,SYLVILAGUS_SP_extracted
SYLVILAGUS_SP_video_IMG_0191_image004.jpg,14,SYLVILAGUS_SP,,SYLVILAGUS_SP_extracted
SYLVILAGUS_SP_video_IMG_0191_image005.jpg,14,SYLVILAGUS_SP,,SYLVILAGUS_SP_extracted
SYLVILAGUS_SP_video_IMG_0191_image006.jpg,14,SYLVILAGUS_SP,,SYLVILAGUS_SP_extracted
SYLVILAGUS_SP_video_IMG_0191_image007.jpg,14,SYLVILAGUS_SP,,SYLVILAGUS_SP_extracted
SYLVILAGUS_SP_video_IMG_0191_image008.jpg,14,SYLVILAGUS_SP,,SYLVILAGUS_SP_extracted
SYLVILAGUS_SP_video_IMG_0191_image009.jpg,14,SYLVILAGUS_SP,,SYLVILAGUS_SP_extracted
SYLVILAGUS_SP_video_IMG_0191_image010.jpg,14,SYLVILAGUS_SP,,SYLVILAGUS_SP_extracted
SYLVILAGUS_SP_video_IMG_0192_image001.jpg,14,SYLVILAGUS_SP,,SYLVILAGUS_SP_extracted
SYLVILAGUS_SP_video_IMG_0192_image002.jpg,14,SYLVILAGUS_SP,,SYLVILAGUS_SP_extracted
SYLVILAGUS_SP_video_IMG_0192_image003.jpg,14,SYLVILAGUS_SP,,SYLVILAGUS_SP_extracted
SYLVILAGUS_SP_video_IMG_0192_image004.jpg,14,SYLVILAGUS_SP,,SYLVILAGUS_SP_extracted
SYLVILAGUS_SP_video_IMG_0192_image005.jpg,14,SYLVILAGUS_SP,,SYLVILAGUS_SP_extracted
SYLVILAGUS_SP_video_IMG_0192_image006.jpg,14,SYLVILAGUS_SP,,SYLVILAGUS_SP_extracted
SYLVILAGUS_SP_video_IMG_0192_image007.jpg,14,SYLVILAGUS_SP,,SYLVILAGUS_SP_extracted
SYLVILAGUS_SP_video_IMG_0192_image008.jpg,14,SYLVILAGUS_SP,,SYLVILAGUS_SP_extracted
SYLVILAGUS_SP_video_IMG_0192_image009.jpg,14,SYLVILAGUS_SP,,SYLVILAGUS_SP_extracted
SYLVILAGUS_SP_video_IMG_0192_image010.jpg,14,SYLVILAGUS_SP,,SYLVILAGUS_SP_extracted
SYLVILAGUS_SP_video_IMG_0193_image001.jpg,14,SYLVILAGUS_SP,2022-05-31 06:47:57,SYLVILAGUS_SP_extracted
SYLVILAGUS_SP_video_IMG_0193_image002.jpg,14,SYLVILAGUS_SP,2022-05-31 06:47:58,SYLVILAGUS_SP_extracted
SYLVILAGUS_SP_video_IMG_0193_image003.jpg,14,SYLVILAGUS_SP,2022-05-31 06:47:59,SYLVILAGUS_SP_extracted
SYLVILAGUS_SP_video_IMG_0193_image004.jpg,14,SYLVILAGUS_SP,2022-05-31 06:48:00,SYLVILAGUS_SP_extracted
SYLVILAGUS_SP_video_IMG_0193_image005.jpg,14,SYLVILAGUS_SP,2022-05-31 06:48:01,SYLVILAGUS_SP_extracted
SYLVILAGUS_SP_video_IMG_0193_image006.jpg,14,SYLVILAGUS_SP,2022-05-31 06:48:02,SYLVILAGUS_SP_extracted
SYLVILAGUS_SP_video_IMG_0193_image007.jpg,14,SYLVILAGUS_SP,2022-05-31 06:48:03,SYLVILAGUS_SP_extracted
SYLVILAGUS_SP_video_IMG_0193_image008.jpg,14,SYLVILAGUS_SP,2022-05-31 06:48:04,SYLVILAGUS_SP_extracted
SYLVILAGUS_SP_video_IMG_0193_image009.jpg,14,SYLVILAGUS_SP,2022-05-31 06:48:05,SYLVILAGUS_SP_extracted
SYLVILAGUS_SP_video_IMG_0193_image010.jpg,14,SYLVILAGUS_SP,2022-05-31 06:48:06,SYLVILAGUS_SP_extracted
SYLVILAGUS_SP_video_IMG_0204_image001.jpg,14,SYLVILAGUS_SP,,SYLVILAGUS_SP_extracted
SYLVILAGUS_SP_video_IMG_0204_image002.jpg,14,SYLVILAGUS_SP,,SYLVILAGUS_SP_extracted
SYLVILAGUS_SP_video_IMG_0204_image003.jpg,14,SYLVILAGUS_SP,,SYLVILAGUS_SP_extracted
SYLVILAGUS_SP_video_IMG_0204_image004.jpg,14,SYLVILAGUS_SP,,SYLVILAGUS_SP_extracted
SYLVILAGUS_SP_video_IMG_0204_image005.jpg,14,SYLVILAGUS_SP,,SYLVILAGUS_SP_extracted
SYLVILAGUS_SP_video_IMG_0204_image006.jpg,14,SYLVILAGUS_SP,,SYLVILAGUS_SP_extracted
SYLVILAGUS_SP_video_IMG_0204_image007.jpg,14,SYLVILAGUS_SP,,SYLVILAGUS_SP_extracted
SYLVILAGUS_SP_video_IMG_0204_image008.jpg,14,SYLVILAGUS_SP,,SYLVILAGUS_SP_extracted
SYLVILAGUS_SP_video_IMG_0204_image009.jpg,14,SYLVILAGUS_SP,,SYLVILAGUS_SP_extracted
SYLVILAGUS_SP_video_IMG_0204_image010.jpg,14,SYLVILAGUS_SP,,SYLVILAGUS_SP_extracted
SYLVILAGUS_SP_video_IMG_0214_image001.jpg,14,SYLVILAGUS_SP,2022-06-02 05:47:36,SYLVILAGUS_SP_extracted
SYLVILAGUS_SP_video_IMG_0214_image002.jpg,14,SYLVILAGUS_SP,2022-06-02 05:47:37,SYLVILAGUS_SP_extracted
SYLVILAGUS_SP_video_IMG_0214_image003.jpg,14,SYLVILAGUS_SP,2022-06-02 05:47:38,SYLVILAGUS_SP_extracted
SYLVILAGUS_SP_video_IMG_0214_image004.jpg,14,SYLVILAGUS_SP,2022-06-02 05:47:39,SYLVILAGUS_SP_extracted
SYLVILAGUS_SP_video_IMG_0214_image005.jpg,14,SYLVILAGUS_SP,2022-06-02 05:47:40,SYLVILAGUS_SP_extracted
SYLVILAGUS_SP_video_IMG_0214_image006.jpg,14,SYLVILAGUS_SP,2022-06-02 05:47:41,SYLVILAGUS_SP_extracted
SYLVILAGUS_SP_video_IMG_0214_image007.jpg,14,SYLVILAGUS_SP,2022-06-02 05:47:42,SYLVILAGUS_SP_extracted
SYLVILAGUS_SP_video_IMG_0214_image008.jpg,14,SYLVILAGUS_SP,2022-06-02 05:47:43,SYLVILAGUS_SP_extracted
SYLVILAGUS_SP_video_IMG_0214_image009.jpg,14,SYLVILAGUS_SP,2022-06-02 05:47:44,SYLVILAGUS_SP_extracted
SYLVILAGUS_SP_video_IMG_0214_image010.jpg,14,SYLVILAGUS_SP,2022-06-02 05:47:45,SYLVILAGUS_SP_extracted
SYLVILAGUS_SP_video_IMG_0220_image001.jpg,14,SYLVILAGUS_SP,,SYLVILAGUS_SP_extracted
SYLVILAGUS_SP_video_IMG_0220_image002.jpg,14,SYLVILAGUS_SP,,SYLVILAGUS_SP_extracted
SYLVILAGUS_SP_video_IMG_0220_image003.jpg,14,SYLVILAGUS_SP,,SYLVILAGUS_SP_extracted
SYLVILAGUS_SP_video_IMG_0220_image004.jpg,14,SYLVILAGUS_SP,,SYLVILAGUS_SP_extracted
SYLVILAGUS_SP_video_IMG_0220_image005.jpg,14,SYLVILAGUS_SP,,SYLVILAGUS_SP_extracted
SYLVILAGUS_SP_video_IMG_0220_image006.jpg,14,SYLVILAGUS_SP,,SYLVILAGUS_SP_extracted
SYLVILAGUS_SP_video_IMG_0220_image007.jpg,14,SYLVILAGUS_SP,,SYLVILAGUS_SP_extracted
SYLVILAGUS_SP_video_IMG_0220_image008.jpg,14,SYLVILAGUS_SP,,SYLVILAGUS_SP_extracted
SYLVILAGUS_SP_video_IMG_0220_image009.jpg,14,SYLVILAGUS_SP,,SYLVILAGUS_SP_extracted
SYLVILAGUS_SP_video_IMG_0220_image010.jpg,14,SYLVILAGUS_SP,,SYLVILAGUS_SP_extracted
SYLVILAGUS_SP_video_IMG_0224_image001.jpg,14,SYLVILAGUS_SP,2022-06-03 05:44:04,SYLVILAGUS_SP_extracted
SYLVILAGUS_SP_video_IMG_0224_image002.jpg,14,SYLVILAGUS_SP,2022-06-03 05:44:05,SYLVILAGUS_SP_extracted
SYLVILAGUS_SP_video_IMG_0224_image003.jpg,14,SYLVILAGUS_SP,2022-06-03 05:44:06,SYLVILAGUS_SP_extracted
SYLVILAGUS_SP_video_IMG_0224_image004.jpg,14,SYLVILAGUS_SP,2022-06-03 05:44:07,SYLVILAGUS_SP_extracted
SYLVILAGUS_SP_video_IMG_0224_image005.jpg,14,SYLVILAGUS_SP,2022-06-03 05:44:08,SYLVILAGUS_SP_extracted
SYLVILAGUS_SP_video_IMG_0224_image006.jpg,14,SYLVILAGUS_SP,2022-06-03 05:44:09,SYLVILAGUS_SP_extracted
SYLVILAGUS_SP_video_IMG_0224_image007.jpg,14,SYLVILAGUS_SP,2022-06-03 05:44:10,SYLVILAGUS_SP_extracted
SYLVILAGUS_SP_video_IMG_0224_image008.jpg,14,SYLVILAGUS_SP,2022-06-03 05:44:11,SYLVILAGUS_SP_extracted
SYLVILAGUS_SP_video_IMG_0224_image009.jpg,14,SYLVILAGUS_SP,2022-06-03 05:44:12,SYLVILAGUS_SP_extracted
SYLVILAGUS_SP_video_IMG_0224_image010.jpg,14,SYLVILAGUS_SP,2022-06-03 05:44:13,SYLVILAGUS_SP_extracted
SYLVILAGUS_SP_video_IMG_0225_image001.jpg,14,SYLVILAGUS_SP,2022-06-03 06:05:39,SYLVILAGUS_SP_extracted
SYLVILAGUS_SP_video_IMG_0225_image002.jpg,14,SYLVILAGUS_SP,2022-06-03 06:05:40,SYLVILAGUS_SP_extracted
SYLVILAGUS_SP_video_IMG_0225_image003.jpg,14,SYLVILAGUS_SP,2022-06-03 06:05:41,SYLVILAGUS_SP_extracted
SYLVILAGUS_SP_video_IMG_0225_image004.jpg,14,SYLVILAGUS_SP,2022-06-03 06:05:42,SYLVILAGUS_SP_extracted
SYLVILAGUS_SP_video_IMG_0225_image005.jpg,14,SYLVILAGUS_SP,2022-06-03 06:05:43,SYLVILAGUS_SP_extracted
SYLVILAGUS_SP_video_IMG_0225_image006.jpg,14,SYLVILAGUS_SP,2022-06-03 06:05:44,SYLVILAGUS_SP_extracted
SYLVILAGUS_SP_video_IMG_0225_image007.jpg,14,SYLVILAGUS_SP,2022-06-03 06:05:45,SYLVILAGUS_SP_extracted
SYLVILAGUS_SP_video_IMG_0225_image008.jpg,14,SYLVILAGUS_SP,2022-06-03 06:05:46,SYLVILAGUS_SP_extracted
SYLVILAGUS_SP_video_IMG_0225_image009.jpg,14,SYLVILAGUS_SP,2022-06-03 06:05:47,SYLVILAGUS_SP_extracted
SYLVILAGUS_SP_video_IMG_0225_image010.jpg,14,SYLVILAGUS_SP,2022-06-03 06:05:48,SYLVILAGUS_SP_extracted
SYLVILAGUS_SP_video_IMG_0226 (2)_image004.jpg,14,SYLVILAGUS_SP,2022-06-03 07:28:16,SYLVILAGUS_SP_extracted
SYLVILAGUS_SP_video_IMG_0226 (2)_image005.jpg,14,SYLVILAGUS_SP,2022-06-03 07:28:17,SYLVILAGUS_SP_extracted
SYLVILAGUS_SP_video_IMG_0226_image001.jpg,14,SYLVILAGUS_SP,2022-12-14 01:04:19,SYLVILAGUS_SP_extracted
SYLVILAGUS_SP_video_IMG_0226_image002.jpg,14,SYLVILAGUS_SP,2022-12-14 01:04:20,SYLVILAGUS_SP_extracted
SYLVILAGUS_SP_video_IMG_0226_image003.jpg,14,SYLVILAGUS_SP,2022-12-14 01:04:21,SYLVILAGUS_SP_extracted
SYLVILAGUS_SP_video_IMG_0235_image001.jpg,14,SYLVILAGUS_SP,2022-06-03 20:50:58,SYLVILAGUS_SP_extracted
SYLVILAGUS_SP_video_IMG_0235_image002.jpg,14,SYLVILAGUS_SP,2022-06-03 20:50:59,SYLVILAGUS_SP_extracted
SYLVILAGUS_SP_video_IMG_0235_image003.jpg,14,SYLVILAGUS_SP,2022-06-03 20:51:00,SYLVILAGUS_SP_extracted
SYLVILAGUS_SP_video_IMG_0235_image004.jpg,14,SYLVILAGUS_SP,2022-06-03 20:51:01,SYLVILAGUS_SP_extracted
SYLVILAGUS_SP_video_IMG_0235_image005.jpg,14,SYLVILAGUS_SP,2022-06-03 20:51:02,SYLVILAGUS_SP_extracted
SYLVILAGUS_SP_video_IMG_0235_image006.jpg,14,SYLVILAGUS_SP,2022-06-03 20:51:03,SYLVILAGUS_SP_extracted
SYLVILAGUS_SP_video_IMG_0235_image007.jpg,14,SYLVILAGUS_SP,2022-06-03 20:51:04,SYLVILAGUS_SP_extracted
SYLVILAGUS_SP_video_IMG_0235_image008.jpg,14,SYLVILAGUS_SP,2022-06-03 20:51:05,SYLVILAGUS_SP_extracted
SYLVILAGUS_SP_video_IMG_0235_image009.jpg,14,SYLVILAGUS_SP,2022-06-03 20:51:06,SYLVILAGUS_SP_extracted
SYLVILAGUS_SP_video_IMG_0235_image010.jpg,14,SYLVILAGUS_SP,2022-06-03 20:51:07,SYLVILAGUS_SP_extracted
SYLVILAGUS_SP_video_IMG_0236_image001.jpg,14,SYLVILAGUS_SP,2022-06-03 21:32:45,SYLVILAGUS_SP_extracted
SYLVILAGUS_SP_video_IMG_0236_image002.jpg,14,SYLVILAGUS_SP,2022-06-03 21:32:46,SYLVILAGUS_SP_extracted
SYLVILAGUS_SP_video_IMG_0236_image003.jpg,14,SYLVILAGUS_SP,2022-06-03 21:32:47,SYLVILAGUS_SP_extracted
SYLVILAGUS_SP_video_IMG_0236_image004.jpg,14,SYLVILAGUS_SP,2022-06-03 21:32:48,SYLVILAGUS_SP_extracted
SYLVILAGUS_SP_video_IMG_0236_image005.jpg,14,SYLVILAGUS_SP,2022-06-03 21:32:49,SYLVILAGUS_SP_extracted
SYLVILAGUS_SP_video_IMG_0236_image006.jpg,14,SYLVILAGUS_SP,2022-06-03 21:32:50,SYLVILAGUS_SP_extracted
SYLVILAGUS_SP_video_IMG_0236_image007.jpg,14,SYLVILAGUS_SP,2022-06-03 21:32:51,SYLVILAGUS_SP_extracted
SYLVILAGUS_SP_video_IMG_0236_image008.jpg,14,SYLVILAGUS_SP,2022-06-03 21:32:52,SYLVILAGUS_SP_extracted
SYLVILAGUS_SP_video_IMG_0236_image009.jpg,14,SYLVILAGUS_SP,2022-06-03 21:32:53,SYLVILAGUS_SP_extracted
SYLVILAGUS_SP_video_IMG_0236_image010.jpg,14,SYLVILAGUS_SP,2022-06-03 21:32:54,SYLVILAGUS_SP_extracted
SYLVILAGUS_SP_video_IMG_0237_image001.jpg,14,SYLVILAGUS_SP,2022-06-03 22:33:52,SYLVILAGUS_SP_extracted
SYLVILAGUS_SP_video_IMG_0237_image002.jpg,14,SYLVILAGUS_SP,2022-06-03 22:33:53,SYLVILAGUS_SP_extracted
SYLVILAGUS_SP_video_IMG_0237_image003.jpg,14,SYLVILAGUS_SP,2022-06-03 22:33:54,SYLVILAGUS_SP_extracted
SYLVILAGUS_SP_video_IMG_0237_image004.jpg,14,SYLVILAGUS_SP,2022-06-03 22:33:55,SYLVILAGUS_SP_extracted
SYLVILAGUS_SP_video_IMG_0237_image005.jpg,14,SYLVILAGUS_SP,2022-06-03 22:33:56,SYLVILAGUS_SP_extracted
SYLVILAGUS_SP_video_IMG_0237_image006.jpg,14,SYLVILAGUS_SP,2022-06-03 22:33:57,SYLVILAGUS_SP_extracted
SYLVILAGUS_SP_video_IMG_0237_image007.jpg,14,SYLVILAGUS_SP,2022-06-03 22:33:58,SYLVILAGUS_SP_extracted
SYLVILAGUS_SP_video_IMG_0237_image008.jpg,14,SYLVILAGUS_SP,2022-06-03 22:33:59,SYLVILAGUS_SP_extracted
SYLVILAGUS_SP_video_IMG_0238_image001.jpg,14,SYLVILAGUS_SP,2022-06-03 22:46:35,SYLVILAGUS_SP_extracted
SYLVILAGUS_SP_video_IMG_0238_image002.jpg,14,SYLVILAGUS_SP,2022-06-03 22:46:36,SYLVILAGUS_SP_extracted
SYLVILAGUS_SP_video_IMG_0238_image003.jpg,14,SYLVILAGUS_SP,2022-06-03 22:46:37,SYLVILAGUS_SP_extracted
SYLVILAGUS_SP_video_IMG_0238_image004.jpg,14,SYLVILAGUS_SP,2022-06-03 22:46:38,SYLVILAGUS_SP_extracted
SYLVILAGUS_SP_video_IMG_0238_image005.jpg,14,SYLVILAGUS_SP,2022-06-03 22:46:39,SYLVILAGUS_SP_extracted
SYLVILAGUS_SP_video_IMG_0238_image006.jpg,14,SYLVILAGUS_SP,2022-06-03 22:46:40,SYLVILAGUS_SP_extracted
SYLVILAGUS_SP_video_IMG_0241_image001.jpg,14,SYLVILAGUS_SP,2022-06-04 01:13:34,SYLVILAGUS_SP_extracted
SYLVILAGUS_SP_video_IMG_0241_image002.jpg,14,SYLVILAGUS_SP,2022-06-04 01:13:35,SYLVILAGUS_SP_extracted
SYLVILAGUS_SP_video_IMG_0241_image003.jpg,14,SYLVILAGUS_SP,2022-06-04 01:13:36,SYLVILAGUS_SP_extracted
SYLVILAGUS_SP_video_IMG_0241_image004.jpg,14,SYLVILAGUS_SP,2022-06-04 01:13:37,SYLVILAGUS_SP_extracted
SYLVILAGUS_SP_video_IMG_0241_image005.jpg,14,SYLVILAGUS_SP,2022-06-04 01:13:38,SYLVILAGUS_SP_extracted
SYLVILAGUS_SP_video_IMG_0241_image006.jpg,14,SYLVILAGUS_SP,2022-06-04 01:13:39,SYLVILAGUS_SP_extracted
SYLVILAGUS_SP_video_IMG_0241_image007.jpg,14,SYLVILAGUS_SP,2022-06-04 01:13:40,SYLVILAGUS_SP_extracted
SYLVILAGUS_SP_video_IMG_0241_image008.jpg,14,SYLVILAGUS_SP,2022-06-04 01:13:41,SYLVILAGUS_SP_extracted
SYLVILAGUS_SP_video_IMG_0246_image002.jpg,14,SYLVILAGUS_SP,,SYLVILAGUS_SP_extracted
SYLVILAGUS_SP_video_IMG_0246_image003.jpg,14,SYLVILAGUS_SP,,SYLVILAGUS_SP_extracted
SYLVILAGUS_SP_video_IMG_0246_image004.jpg,14,SYLVILAGUS_SP,,SYLVILAGUS_SP_extracted
SYLVILAGUS_SP_video_IMG_0246_image005.jpg,14,SYLVILAGUS_SP,,SYLVILAGUS_SP_extracted
SYLVILAGUS_SP_video_IMG_0246_image006.jpg,14,SYLVILAGUS_SP,,SYLVILAGUS_SP_extracted
SYLVILAGUS_SP_video_IMG_0246_image007.jpg,14,SYLVILAGUS_SP,,SYLVILAGUS_SP_extracted
SYLVILAGUS_SP_video_IMG_0254_image001.jpg,14,SYLVILAGUS_SP,2022-12-16 05:49:22,SYLVILAGUS_SP_extracted
SYLVILAGUS_SP_video_IMG_0254_image002.jpg,14,SYLVILAGUS_SP,2022-12-16 05:49:23,SYLVILAGUS_SP_extracted
SYLVILAGUS_SP_video_IMG_0254_image003.jpg,14,SYLVILAGUS_SP,2022-12-16 05:49:24,SYLVILAGUS_SP_extracted
SYLVILAGUS_SP_video_IMG_0254_image004.jpg,14,SYLVILAGUS_SP,2022-12-16 05:49:25,SYLVILAGUS_SP_extracted
SYLVILAGUS_SP_video_IMG_0262_image001.jpg,14,SYLVILAGUS_SP,2022-12-17 00:18:48,SYLVILAGUS_SP_extracted
SYLVILAGUS_SP_video_IMG_0262_image002.jpg,14,SYLVILAGUS_SP,2022-12-17 00:18:49,SYLVILAGUS_SP_extracted
SYLVILAGUS_SP_video_IMG_0263_MP4_image001.jpg,14,SYLVILAGUS_SP,2022-12-17 04:27:51,SYLVILAGUS_SP_extracted
SYLVILAGUS_SP_video_IMG_0263_MP4_image002.jpg,14,SYLVILAGUS_SP,2022-12-17 04:27:52,SYLVILAGUS_SP_extracted
SYLVILAGUS_SP_video_IMG_0263_MP4_image003.jpg,14,SYLVILAGUS_SP,2022-12-17 04:27:53,SYLVILAGUS_SP_extracted
SYLVILAGUS_SP_video_IMG_0263_MP4_image004.jpg,14,SYLVILAGUS_SP,2022-12-17 04:27:54,SYLVILAGUS_SP_extracted
SYLVILAGUS_SP_video_IMG_0263_MP4_image005.jpg,14,SYLVILAGUS_SP,2022-12-17 04:27:55,SYLVILAGUS_SP_extracted
SYLVILAGUS_SP_video_IMG_0263_image001.jpg,14,SYLVILAGUS_SP,,SYLVILAGUS_SP_extracted
SYLVILAGUS_SP_video_IMG_0263_image002.jpg,14,SYLVILAGUS_SP,,SYLVILAGUS_SP_extracted
SYLVILAGUS_SP_video_IMG_0263_image003.jpg,14,SYLVILAGUS_SP,,SYLVILAGUS_SP_extracted
SYLVILAGUS_SP_video_IMG_0263_image004.jpg,14,SYLVILAGUS_SP,,SYLVILAGUS_SP_extracted
SYLVILAGUS_SP_video_IMG_0263_image005.jpg,14,SYLVILAGUS_SP,,SYLVILAGUS_SP_extracted
SYLVILAGUS_SP_video_IMG_0263_image006.jpg,14,SYLVILAGUS_SP,,SYLVILAGUS_SP_extracted
SYLVILAGUS_SP_video_IMG_0263_image007.jpg,14,SYLVILAGUS_SP,,SYLVILAGUS_SP_extracted
SYLVILAGUS_SP_video_IMG_0263_image008.jpg,14,SYLVILAGUS_SP,,SYLVILAGUS_SP_extracted
SYLVILAGUS_SP_video_IMG_0263_image009.jpg,14,SYLVILAGUS_SP,,SYLVILAGUS_SP_extracted
SYLVILAGUS_SP_video_IMG_0263_image010.jpg,14,SYLVILAGUS_SP,,SYLVILAGUS_SP_extracted
SYLVILAGUS_SP_video_IMG_0263_image010.jpg,14,SYLVILAGUS_SP,,SYLVILAGUS_SP_extracted
SYLVILAGUS_SP_video_IMG_0264_image001.jpg,14,SYLVILAGUS_SP,2022-12-18 04:11:07,SYLVILAGUS_SP_extracted
SYLVILAGUS_SP_video_IMG_0264_image002.jpg,14,SYLVILAGUS_SP,2022-12-18 04:11:08,SYLVILAGUS_SP_extracted
SYLVILAGUS_SP_video_IMG_0264_image003.jpg,14,SYLVILAGUS_SP,2022-12-18 04:11:09,SYLVILAGUS_SP_extracted
SYLVILAGUS_SP_video_IMG_0264_image004.jpg,14,SYLVILAGUS_SP,2022-12-18 04:11:10,SYLVILAGUS_SP_extracted
SYLVILAGUS_SP_video_IMG_0264_image005.jpg,14,SYLVILAGUS_SP,2022-12-18 04:11:11,SYLVILAGUS_SP_extracted
SYLVILAGUS_SP_video_IMG_0264_image006.jpg,14,SYLVILAGUS_SP,2022-12-18 04:11:12,SYLVILAGUS_SP_extracted
SYLVILAGUS_SP_video_IMG_0264_image007.jpg,14,SYLVILAGUS_SP,2022-12-18 04:11:13,SYLVILAGUS_SP_extracted
SYLVILAGUS_SP_video_IMG_0264_image008.jpg,14,SYLVILAGUS_SP,2022-12-18 04:11:14,SYLVILAGUS_SP_extracted
SYLVILAGUS_SP_video_IMG_0268_MP4_image001.jpg,14,SYLVILAGUS_SP,2022-06-06 22:31:21,SYLVILAGUS_SP_extracted
SYLVILAGUS_SP_video_IMG_0268_MP4_image002.jpg,14,SYLVILAGUS_SP,2022-06-06 22:31:22,SYLVILAGUS_SP_extracted
SYLVILAGUS_SP_video_IMG_0268_MP4_image003.jpg,14,SYLVILAGUS_SP,2022-06-06 22:31:23,SYLVILAGUS_SP_extracted
SYLVILAGUS_SP_video_IMG_0268_MP4_image004.jpg,14,SYLVILAGUS_SP,2022-06-06 22:31:24,SYLVILAGUS_SP_extracted
SYLVILAGUS_SP_video_IMG_0268_MP4_image005.jpg,14,SYLVILAGUS_SP,2022-06-06 22:31:25,SYLVILAGUS_SP_extracted
SYLVILAGUS_SP_video_IMG_0268_MP4_image006.jpg,14,SYLVILAGUS_SP,2022-06-06 22:31:26,SYLVILAGUS_SP_extracted
SYLVILAGUS_SP_video_IMG_0268_MP4_image007.jpg,14,SYLVILAGUS_SP,2022-06-06 22:31:27,SYLVILAGUS_SP_extracted
SYLVILAGUS_SP_video_IMG_0268_MP4_image008.jpg,14,SYLVILAGUS_SP,2022-06-06 22:31:28,SYLVILAGUS_SP_extracted
SYLVILAGUS_SP_video_IMG_0268_MP4_image009.jpg,14,SYLVILAGUS_SP,2022-06-06 22:31:29,SYLVILAGUS_SP_extracted
SYLVILAGUS_SP_video_IMG_0268_MP4_image010.jpg,14,SYLVILAGUS_SP,2022-06-06 22:31:30,SYLVILAGUS_SP_extracted
SYLVILAGUS_SP_video_IMG_0268_image001.jpg,14,SYLVILAGUS_SP,,SYLVILAGUS_SP_extracted
SYLVILAGUS_SP_video_IMG_0268_image002.jpg,14,SYLVILAGUS_SP,,SYLVILAGUS_SP_extracted
SYLVILAGUS_SP_video_IMG_0268_image003.jpg,14,SYLVILAGUS_SP,,SYLVILAGUS_SP_extracted
SYLVILAGUS_SP_video_IMG_0268_image004.jpg,14,SYLVILAGUS_SP,,SYLVILAGUS_SP_extracted
SYLVILAGUS_SP_video_IMG_0268_image005.jpg,14,SYLVILAGUS_SP,,SYLVILAGUS_SP_extracted
SYLVILAGUS_SP_video_IMG_0268_image006.jpg,14,SYLVILAGUS_SP,,SYLVILAGUS_SP_extracted
SYLVILAGUS_SP_video_IMG_0268_image007.jpg,14,SYLVILAGUS_SP,,SYLVILAGUS_SP_extracted
SYLVILAGUS_SP_video_IMG_0268_image008.jpg,14,SYLVILAGUS_SP,,SYLVILAGUS_SP_extracted
SYLVILAGUS_SP_video_IMG_0268_image009.jpg,14,SYLVILAGUS_SP,,SYLVILAGUS_SP_extracted
SYLVILAGUS_SP_video_IMG_0268_image010.jpg,14,SYLVILAGUS_SP,,SYLVILAGUS_SP_extracted
SYLVILAGUS_SP_video_IMG_0269_image001.jpg,14,SYLVILAGUS_SP,,SYLVILAGUS_SP_extracted
SYLVILAGUS_SP_video_IMG_0269_image002.jpg,14,SYLVILAGUS_SP,,SYLVILAGUS_SP_extracted
SYLVILAGUS_SP_video_IMG_0269_image003.jpg,14,SYLVILAGUS_SP,,SYLVILAGUS_SP_extracted
SYLVILAGUS_SP_video_IMG_0269_image004.jpg,14,SYLVILAGUS_SP,,SYLVILAGUS_SP_extracted
SYLVILAGUS_SP_video_IMG_0269_image005.jpg,14,SYLVILAGUS_SP,,SYLVILAGUS_SP_extracted
SYLVILAGUS_SP_video_IMG_0269_image006.jpg,14,SYLVILAGUS_SP,,SYLVILAGUS_SP_extracted
SYLVILAGUS_SP_video_IMG_0269_image007.jpg,14,SYLVILAGUS_SP,,SYLVILAGUS_SP_extracted
SYLVILAGUS_SP_video_IMG_0269_image008.jpg,14,SYLVILAGUS_SP,,SYLVILAGUS_SP_extracted
SYLVILAGUS_SP_video_IMG_0269_image009.jpg,14,SYLVILAGUS_SP,,SYLVILAGUS_SP_extracted
SYLVILAGUS_SP_video_IMG_0269_image010.jpg,14,SYLVILAGUS_SP,,SYLVILAGUS_SP_extracted
SYLVILAGUS_SP_video_IMG_0270_image001.jpg,14,SYLVILAGUS_SP,2022-07-07 08:12:16,SYLVILAGUS_SP_extracted
SYLVILAGUS_SP_video_IMG_0270_image002.jpg,14,SYLVILAGUS_SP,2022-07-07 08:12:17,SYLVILAGUS_SP_extracted
SYLVILAGUS_SP_video_IMG_0270_image003.jpg,14,SYLVILAGUS_SP,2022-07-07 08:12:18,SYLVILAGUS_SP_extracted
SYLVILAGUS_SP_video_IMG_0270_image004.jpg,14,SYLVILAGUS_SP,2022-07-07 08:12:19,SYLVILAGUS_SP_extracted
SYLVILAGUS_SP_video_IMG_0270_image005.jpg,14,SYLVILAGUS_SP,2022-07-07 08:12:20,SYLVILAGUS_SP_extracted
SYLVILAGUS_SP_video_IMG_0270_image006.jpg,14,SYLVILAGUS_SP,2022-07-07 08:12:21,SYLVILAGUS_SP_extracted
SYLVILAGUS_SP_video_IMG_0270_image007.jpg,14,SYLVILAGUS_SP,2022-07-07 08:12:22,SYLVILAGUS_SP_extracted
SYLVILAGUS_SP_video_IMG_0270_image008.jpg,14,SYLVILAGUS_SP,2022-07-07 08:12:23,SYLVILAGUS_SP_extracted
SYLVILAGUS_SP_video_IMG_0270_image009.jpg,14,SYLVILAGUS_SP,2022-07-07 08:12:24,SYLVILAGUS_SP_extracted
SYLVILAGUS_SP_video_IMG_0270_image010.jpg,14,SYLVILAGUS_SP,2022-07-07 08:12:25,SYLVILAGUS_SP_extracted
SYLVILAGUS_SP_video_IMG_0272_image001.jpg,14,SYLVILAGUS_SP,2022-12-20 06:28:45,SYLVILAGUS_SP_extracted
SYLVILAGUS_SP_video_IMG_0272_image002.jpg,14,SYLVILAGUS_SP,2022-12-20 06:28:46,SYLVILAGUS_SP_extracted
SYLVILAGUS_SP_video_IMG_0272_image003.jpg,14,SYLVILAGUS_SP,2022-12-20 06:28:47,SYLVILAGUS_SP_extracted
SYLVILAGUS_SP_video_IMG_0272_image004.jpg,14,SYLVILAGUS_SP,2022-12-20 06:28:48,SYLVILAGUS_SP_extracted
SYLVILAGUS_SP_video_IMG_0272_image005.jpg,14,SYLVILAGUS_SP,2022-12-20 06:28:49,SYLVILAGUS_SP_extracted
SYLVILAGUS_SP_video_IMG_0272_image006.jpg,14,SYLVILAGUS_SP,2022-12-20 06:28:50,SYLVILAGUS_SP_extracted
SYLVILAGUS_SP_video_IMG_0272_image007.jpg,14,SYLVILAGUS_SP,2022-12-20 06:28:51,SYLVILAGUS_SP_extracted
SYLVILAGUS_SP_video_IMG_0272_image008.jpg,14,SYLVILAGUS_SP,2022-12-20 06:28:52,SYLVILAGUS_SP_extracted
SYLVILAGUS_SP_video_IMG_0272_image009.jpg,14,SYLVILAGUS_SP,2022-12-20 06:28:53,SYLVILAGUS_SP_extracted
SYLVILAGUS_SP_video_IMG_0272_image010.jpg,14,SYLVILAGUS_SP,2022-12-20 06:28:54,SYLVILAGUS_SP_extracted
SYLVILAGUS_SP_video_IMG_0273_avi_image001.jpg,14,SYLVILAGUS_SP,,SYLVILAGUS_SP_extracted
SYLVILAGUS_SP_video_IMG_0273_avi_image002.jpg,14,SYLVILAGUS_SP,,SYLVILAGUS_SP_extracted
SYLVILAGUS_SP_video_IMG_0273_avi_image004.jpg,14,SYLVILAGUS_SP,,SYLVILAGUS_SP_extracted
SYLVILAGUS_SP_video_IMG_0273_avi_image008.jpg,14,SYLVILAGUS_SP,,SYLVILAGUS_SP_extracted
SYLVILAGUS_SP_video_IMG_0273_avi_image010.jpg,14,SYLVILAGUS_SP,,SYLVILAGUS_SP_extracted
SYLVILAGUS_SP_video_IMG_0273_image001.jpg,14,SYLVILAGUS_SP,2022-06-07 06:59:26,SYLVILAGUS_SP_extracted
SYLVILAGUS_SP_video_IMG_0273_image002.jpg,14,SYLVILAGUS_SP,2022-06-07 06:59:27,SYLVILAGUS_SP_extracted
SYLVILAGUS_SP_video_IMG_0273_image003.jpg,14,SYLVILAGUS_SP,2022-06-07 06:59:28,SYLVILAGUS_SP_extracted
SYLVILAGUS_SP_video_IMG_0287_image001.jpg,14,SYLVILAGUS_SP,2022-08-30 06:45:22,SYLVILAGUS_SP_extracted
SYLVILAGUS_SP_video_IMG_0287_image002.jpg,14,SYLVILAGUS_SP,2022-08-30 06:45:23,SYLVILAGUS_SP_extracted
SYLVILAGUS_SP_video_IMG_0287_image003.jpg,14,SYLVILAGUS_SP,2022-08-30 06:45:24,SYLVILAGUS_SP_extracted
SYLVILAGUS_SP_video_IMG_0287_image004.jpg,14,SYLVILAGUS_SP,2022-08-30 06:45:25,SYLVILAGUS_SP_extracted
SYLVILAGUS_SP_video_IMG_0287_image005.jpg,14,SYLVILAGUS_SP,2022-08-30 06:45:26,SYLVILAGUS_SP_extracted
SYLVILAGUS_SP_video_IMG_0295_image001.jpg,14,SYLVILAGUS_SP,2022-08-30 19:17:50,SYLVILAGUS_SP_extracted
SYLVILAGUS_SP_video_IMG_0295_image002.jpg,14,SYLVILAGUS_SP,2022-08-30 19:17:51,SYLVILAGUS_SP_extracted
SYLVILAGUS_SP_video_IMG_0295_image003.jpg,14,SYLVILAGUS_SP,2022-08-30 19:17:52,SYLVILAGUS_SP_extracted
SYLVILAGUS_SP_video_IMG_0295_image004.jpg,14,SYLVILAGUS_SP,2022-08-30 19:17:53,SYLVILAGUS_SP_extracted
SYLVILAGUS_SP_video_IMG_0295_image005.jpg,14,SYLVILAGUS_SP,2022-08-30 19:17:54,SYLVILAGUS_SP_extracted
SYLVILAGUS_SP_video_IMG_0295_image006.jpg,14,SYLVILAGUS_SP,2022-08-30 19:17:55,SYLVILAGUS_SP_extracted
SYLVILAGUS_SP_video_IMG_0295_image007.jpg,14,SYLVILAGUS_SP,2022-08-30 19:17:56,SYLVILAGUS_SP_extracted
SYLVILAGUS_SP_video_IMG_0295_image008.jpg,14,SYLVILAGUS_SP,2022-08-30 19:17:57,SYLVILAGUS_SP_extracted
SYLVILAGUS_SP_video_IMG_0295_image009.jpg,14,SYLVILAGUS_SP,2022-08-30 19:17:58,SYLVILAGUS_SP_extracted
SYLVILAGUS_SP_video_IMG_0295_image010.jpg,14,SYLVILAGUS_SP,2022-08-30 19:17:59,SYLVILAGUS_SP_extracted
SYLVILAGUS_SP_video_IMG_0304_image001.jpg,14,SYLVILAGUS_SP,2022-06-10 21:07:11,SYLVILAGUS_SP_extracted
SYLVILAGUS_SP_video_IMG_0304_image002.jpg,14,SYLVILAGUS_SP,2022-06-10 21:07:12,SYLVILAGUS_SP_extracted
SYLVILAGUS_SP_video_IMG_0304_image003.jpg,14,SYLVILAGUS_SP,2022-06-10 21:07:13,SYLVILAGUS_SP_extracted
SYLVILAGUS_SP_video_IMG_0304_image004.jpg,14,SYLVILAGUS_SP,2022-06-10 21:07:14,SYLVILAGUS_SP_extracted
SYLVILAGUS_SP_video_IMG_0304_image005.jpg,14,SYLVILAGUS_SP,2022-06-10 21:07:15,SYLVILAGUS_SP_extracted
SYLVILAGUS_SP_video_IMG_0304_image006.jpg,14,SYLVILAGUS_SP,2022-06-10 21:07:16,SYLVILAGUS_SP_extracted
SYLVILAGUS_SP_video_IMG_0304_image007.jpg,14,SYLVILAGUS_SP,2022-06-10 21:07:17,SYLVILAGUS_SP_extracted
SYLVILAGUS_SP_video_IMG_0304_image008.jpg,14,SYLVILAGUS_SP,2022-06-10 21:07:18,SYLVILAGUS_SP_extracted
SYLVILAGUS_SP_video_IMG_0304_image009.jpg,14,SYLVILAGUS_SP,2022-06-10 21:07:19,SYLVILAGUS_SP_extracted
SYLVILAGUS_SP_video_IMG_0304_image010.jpg,14,SYLVILAGUS_SP,2022-06-10 21:07:20,SYLVILAGUS_SP_extracted
SYLVILAGUS_SP_video_IMG_0305_image001.jpg,14,SYLVILAGUS_SP,2022-06-11 07:39:29,SYLVILAGUS_SP_extracted
SYLVILAGUS_SP_video_IMG_0305_image002.jpg,14,SYLVILAGUS_SP,2022-06-11 07:39:30,SYLVILAGUS_SP_extracted
SYLVILAGUS_SP_video_IMG_0305_image003.jpg,14,SYLVILAGUS_SP,2022-06-11 07:39:31,SYLVILAGUS_SP_extracted
SYLVILAGUS_SP_video_IMG_0305_image004.jpg,14,SYLVILAGUS_SP,2022-06-11 07:39:32,SYLVILAGUS_SP_extracted
SYLVILAGUS_SP_video_IMG_0305_image004.jpg,14,SYLVILAGUS_SP,2022-06-11 07:39:32,SYLVILAGUS_SP_extracted
SYLVILAGUS_SP_video_IMG_0305_image005.jpg,14,SYLVILAGUS_SP,2022-06-11 07:39:33,SYLVILAGUS_SP_extracted
SYLVILAGUS_SP_video_IMG_0305_image006.jpg,14,SYLVILAGUS_SP,2022-06-11 07:39:34,SYLVILAGUS_SP_extracted
SYLVILAGUS_SP_video_IMG_0305_image007.jpg,14,SYLVILAGUS_SP,2022-06-11 07:39:35,SYLVILAGUS_SP_extracted
SYLVILAGUS_SP_video_IMG_0305_image008.jpg,14,SYLVILAGUS_SP,2022-06-11 07:39:36,SYLVILAGUS_SP_extracted
SYLVILAGUS_SP_video_IMG_0305_image009.jpg,14,SYLVILAGUS_SP,2022-06-11 07:39:37,SYLVILAGUS_SP_extracted
SYLVILAGUS_SP_video_IMG_0305_image009.jpg,14,SYLVILAGUS_SP,2022-06-11 07:39:37,SYLVILAGUS_SP_extracted
SYLVILAGUS_SP_video_IMG_0305_image010.jpg,14,SYLVILAGUS_SP,2022-06-11 07:39:38,SYLVILAGUS_SP_extracted
SYLVILAGUS_SP_video_IMG_0329_image001.jpg,14,SYLVILAGUS_SP,2022-06-12 23:23:01,SYLVILAGUS_SP_extracted
SYLVILAGUS_SP_video_IMG_0329_image002.jpg,14,SYLVILAGUS_SP,2022-06-12 23:23:02,SYLVILAGUS_SP_extracted
SYLVILAGUS_SP_video_IMG_0329_image003.jpg,14,SYLVILAGUS_SP,2022-06-12 23:23:03,SYLVILAGUS_SP_extracted
SYLVILAGUS_SP_video_IMG_0329_image004.jpg,14,SYLVILAGUS_SP,2022-06-12 23:23:04,SYLVILAGUS_SP_extracted
SYLVILAGUS_SP_video_IMG_0329_image005.jpg,14,SYLVILAGUS_SP,2022-06-12 23:23:05,SYLVILAGUS_SP_extracted
SYLVILAGUS_SP_video_IMG_0329_image006.jpg,14,SYLVILAGUS_SP,2022-06-12 23:23:06,SYLVILAGUS_SP_extracted
SYLVILAGUS_SP_video_IMG_0329_image007.jpg,14,SYLVILAGUS_SP,2022-06-12 23:23:07,SYLVILAGUS_SP_extracted
SYLVILAGUS_SP_video_IMG_0329_image008.jpg,14,SYLVILAGUS_SP,2022-06-12 23:23:08,SYLVILAGUS_SP_extracted
SYLVILAGUS_SP_video_IMG_0329_image009.jpg,14,SYLVILAGUS_SP,2022-06-12 23:23:09,SYLVILAGUS_SP_extracted
SYLVILAGUS_SP_video_IMG_0329_image010.jpg,14,SYLVILAGUS_SP,2022-06-12 23:23:10,SYLVILAGUS_SP_extracted
SYLVILAGUS_SP_video_IMG_0330_image001.jpg,14,SYLVILAGUS_SP,2022-06-13 06:09:18,SYLVILAGUS_SP_extracted
SYLVILAGUS_SP_video_IMG_0330_image002.jpg,14,SYLVILAGUS_SP,2022-06-13 06:09:19,SYLVILAGUS_SP_extracted
SYLVILAGUS_SP_video_IMG_0330_image003.jpg,14,SYLVILAGUS_SP,2022-06-13 06:09:20,SYLVILAGUS_SP_extracted
SYLVILAGUS_SP_video_IMG_0330_image003.jpg,14,SYLVILAGUS_SP,2022-06-13 06:09:20,SYLVILAGUS_SP_extracted
SYLVILAGUS_SP_video_IMG_0330_image004.jpg,14,SYLVILAGUS_SP,2022-06-13 06:09:21,SYLVILAGUS_SP_extracted
SYLVILAGUS_SP_video_IMG_0330_image005.jpg,14,SYLVILAGUS_SP,2022-06-13 06:09:22,SYLVILAGUS_SP_extracted
SYLVILAGUS_SP_video_IMG_0338_image001.jpg,14,SYLVILAGUS_SP,2022-06-13 22:21:12,SYLVILAGUS_SP_extracted
SYLVILAGUS_SP_video_IMG_0338_image002.jpg,14,SYLVILAGUS_SP,2022-06-13 22:21:13,SYLVILAGUS_SP_extracted
SYLVILAGUS_SP_video_IMG_0338_image003.jpg,14,SYLVILAGUS_SP,2022-06-13 22:21:14,SYLVILAGUS_SP_extracted
SYLVILAGUS_SP_video_IMG_0338_image004.jpg,14,SYLVILAGUS_SP,2022-06-13 22:21:15,SYLVILAGUS_SP_extracted
SYLVILAGUS_SP_video_IMG_0338_image005.jpg,14,SYLVILAGUS_SP,2022-06-13 22:21:16,SYLVILAGUS_SP_extracted
SYLVILAGUS_SP_video_IMG_0338_image006.jpg,14,SYLVILAGUS_SP,2022-06-13 22:21:17,SYLVILAGUS_SP_extracted
SYLVILAGUS_SP_video_IMG_0338_image007.jpg,14,SYLVILAGUS_SP,2022-06-13 22:21:18,SYLVILAGUS_SP_extracted
SYLVILAGUS_SP_video_IMG_0338_image008.jpg,14,SYLVILAGUS_SP,2022-06-13 22:21:19,SYLVILAGUS_SP_extracted
SYLVILAGUS_SP_video_IMG_0338_image009.jpg,14,SYLVILAGUS_SP,2022-06-13 22:21:20,SYLVILAGUS_SP_extracted
SYLVILAGUS_SP_video_IMG_0338_image010.jpg,14,SYLVILAGUS_SP,2022-06-13 22:21:21,SYLVILAGUS_SP_extracted
SYLVILAGUS_SP_video_IMG_0339_image001.jpg,14,SYLVILAGUS_SP,2022-08-05 05:53:44,SYLVILAGUS_SP_extracted
SYLVILAGUS_SP_video_IMG_0339_image002.jpg,14,SYLVILAGUS_SP,2022-08-05 05:53:45,SYLVILAGUS_SP_extracted
SYLVILAGUS_SP_video_IMG_0339_image003.jpg,14,SYLVILAGUS_SP,2022-08-05 05:53:46,SYLVILAGUS_SP_extracted
SYLVILAGUS_SP_video_IMG_0339_image004.jpg,14,SYLVILAGUS_SP,2022-08-05 05:53:47,SYLVILAGUS_SP_extracted
SYLVILAGUS_SP_video_IMG_0339_image005.jpg,14,SYLVILAGUS_SP,2022-08-05 05:53:48,SYLVILAGUS_SP_extracted
SYLVILAGUS_SP_video_IMG_0339_image006.jpg,14,SYLVILAGUS_SP,2022-08-05 05:53:49,SYLVILAGUS_SP_extracted
SYLVILAGUS_SP_video_IMG_0339_image007.jpg,14,SYLVILAGUS_SP,2022-08-05 05:53:50,SYLVILAGUS_SP_extracted
SYLVILAGUS_SP_video_IMG_0339_image008.jpg,14,SYLVILAGUS_SP,2022-08-05 05:53:51,SYLVILAGUS_SP_extracted
SYLVILAGUS_SP_video_IMG_0339_image009.jpg,14,SYLVILAGUS_SP,2022-08-05 05:53:52,SYLVILAGUS_SP_extracted
SYLVILAGUS_SP_video_IMG_0339_image010.jpg,14,SYLVILAGUS_SP,2022-08-05 05:53:53,SYLVILAGUS_SP_extracted
SYLVILAGUS_SP_video_IMG_0341_image001.jpg,14,SYLVILAGUS_SP,2022-06-14 00:21:48,SYLVILAGUS_SP_extracted
SYLVILAGUS_SP_video_IMG_0341_image002.jpg,14,SYLVILAGUS_SP,2022-06-14 00:21:49,SYLVILAGUS_SP_extracted
SYLVILAGUS_SP_video_IMG_0341_image003.jpg,14,SYLVILAGUS_SP,2022-06-14 00:21:50,SYLVILAGUS_SP_extracted
SYLVILAGUS_SP_video_IMG_0341_image004.jpg,14,SYLVILAGUS_SP,2022-06-14 00:21:51,SYLVILAGUS_SP_extracted
SYLVILAGUS_SP_video_IMG_0341_image005.jpg,14,SYLVILAGUS_SP,2022-06-14 00:21:52,SYLVILAGUS_SP_extracted
SYLVILAGUS_SP_video_IMG_0341_image006.jpg,14,SYLVILAGUS_SP,2022-06-14 00:21:53,SYLVILAGUS_SP_extracted
SYLVILAGUS_SP_video_IMG_0343_image001.jpg,14,SYLVILAGUS_SP,2022-06-14 01:14:17,SYLVILAGUS_SP_extracted
SYLVILAGUS_SP_video_IMG_0343_image002.jpg,14,SYLVILAGUS_SP,2022-06-14 01:14:18,SYLVILAGUS_SP_extracted
SYLVILAGUS_SP_video_IMG_0343_image003.jpg,14,SYLVILAGUS_SP,2022-06-14 01:14:19,SYLVILAGUS_SP_extracted
SYLVILAGUS_SP_video_IMG_0343_image004.jpg,14,SYLVILAGUS_SP,2022-06-14 01:14:20,SYLVILAGUS_SP_extracted
SYLVILAGUS_SP_video_IMG_0343_image005.jpg,14,SYLVILAGUS_SP,2022-06-14 01:14:21,SYLVILAGUS_SP_extracted
SYLVILAGUS_SP_video_IMG_0343_image006.jpg,14,SYLVILAGUS_SP,2022-06-14 01:14:22,SYLVILAGUS_SP_extracted
SYLVILAGUS_SP_video_IMG_0343_image007.jpg,14,SYLVILAGUS_SP,2022-06-14 01:14:23,SYLVILAGUS_SP_extracted
SYLVILAGUS_SP_video_IMG_0343_image008.jpg,14,SYLVILAGUS_SP,2022-06-14 01:14:24,SYLVILAGUS_SP_extracted
SYLVILAGUS_SP_video_IMG_0343_image009.jpg,14,SYLVILAGUS_SP,2022-06-14 01:14:25,SYLVILAGUS_SP_extracted
SYLVILAGUS_SP_video_IMG_0343_image010.jpg,14,SYLVILAGUS_SP,2022-06-14 01:14:26,SYLVILAGUS_SP_extracted
SYLVILAGUS_SP_video_IMG_0349_image001.jpg,14,SYLVILAGUS_SP,2022-09-02 18:07:58,SYLVILAGUS_SP_extracted
SYLVILAGUS_SP_video_IMG_0353_image001.jpg,14,SYLVILAGUS_SP,2022-06-14 19:41:51,SYLVILAGUS_SP_extracted
SYLVILAGUS_SP_video_IMG_0353_image002.jpg,14,SYLVILAGUS_SP,2022-06-14 19:41:52,SYLVILAGUS_SP_extracted
SYLVILAGUS_SP_video_IMG_0353_image003.jpg,14,SYLVILAGUS_SP,2022-06-14 19:41:53,SYLVILAGUS_SP_extracted
SYLVILAGUS_SP_video_IMG_0353_image004.jpg,14,SYLVILAGUS_SP,2022-06-14 19:41:54,SYLVILAGUS_SP_extracted
SYLVILAGUS_SP_video_IMG_0353_image005.jpg,14,SYLVILAGUS_SP,2022-06-14 19:41:55,SYLVILAGUS_SP_extracted
SYLVILAGUS_SP_video_IMG_0353_image006.jpg,14,SYLVILAGUS_SP,2022-06-14 19:41:56,SYLVILAGUS_SP_extracted
SYLVILAGUS_SP_video_IMG_0353_image007.jpg,14,SYLVILAGUS_SP,2022-06-14 19:41:57,SYLVILAGUS_SP_extracted
SYLVILAGUS_SP_video_IMG_0353_image008.jpg,14,SYLVILAGUS_SP,2022-06-14 19:41:58,SYLVILAGUS_SP_extracted
SYLVILAGUS_SP_video_IMG_0353_image009.jpg,14,SYLVILAGUS_SP,2022-06-14 19:41:59,SYLVILAGUS_SP_extracted
SYLVILAGUS_SP_video_IMG_0353_image010.jpg,14,SYLVILAGUS_SP,2022-06-14 19:42:00,SYLVILAGUS_SP_extracted
SYLVILAGUS_SP_video_IMG_0356_image001.jpg,14,SYLVILAGUS_SP,2022-06-14 23:29:17,SYLVILAGUS_SP_extracted
SYLVILAGUS_SP_video_IMG_0356_image002.jpg,14,SYLVILAGUS_SP,2022-06-14 23:29:18,SYLVILAGUS_SP_extracted
SYLVILAGUS_SP_video_IMG_0356_image003.jpg,14,SYLVILAGUS_SP,2022-06-14 23:29:19,SYLVILAGUS_SP_extracted
SYLVILAGUS_SP_video_IMG_0356_image004.jpg,14,SYLVILAGUS_SP,2022-06-14 23:29:20,SYLVILAGUS_SP_extracted
SYLVILAGUS_SP_video_IMG_0356_image007.jpg,14,SYLVILAGUS_SP,2022-06-14 23:29:23,SYLVILAGUS_SP_extracted
SYLVILAGUS_SP_video_IMG_0357_image001.jpg,14,SYLVILAGUS_SP,2022-06-15 00:07:44,SYLVILAGUS_SP_extracted
SYLVILAGUS_SP_video_IMG_0357_image002.jpg,14,SYLVILAGUS_SP,2022-06-15 00:07:45,SYLVILAGUS_SP_extracted
SYLVILAGUS_SP_video_IMG_0357_image003.jpg,14,SYLVILAGUS_SP,2022-06-15 00:07:46,SYLVILAGUS_SP_extracted
SYLVILAGUS_SP_video_IMG_0357_image004.jpg,14,SYLVILAGUS_SP,2022-06-15 00:07:47,SYLVILAGUS_SP_extracted
SYLVILAGUS_SP_video_IMG_0357_image005.jpg,14,SYLVILAGUS_SP,2022-06-15 00:07:48,SYLVILAGUS_SP_extracted
SYLVILAGUS_SP_video_IMG_0357_image006.jpg,14,SYLVILAGUS_SP,2022-06-15 00:07:49,SYLVILAGUS_SP_extracted
SYLVILAGUS_SP_video_IMG_0357_image007.jpg,14,SYLVILAGUS_SP,2022-06-15 00:07:50,SYLVILAGUS_SP_extracted
SYLVILAGUS_SP_video_IMG_0357_image008.jpg,14,SYLVILAGUS_SP,2022-06-15 00:07:51,SYLVILAGUS_SP_extracted
SYLVILAGUS_SP_video_IMG_0357_image009.jpg,14,SYLVILAGUS_SP,2022-06-15 00:07:52,SYLVILAGUS_SP_extracted
SYLVILAGUS_SP_video_IMG_0357_image010.jpg,14,SYLVILAGUS_SP,2022-06-15 00:07:53,SYLVILAGUS_SP_extracted
SYLVILAGUS_SP_video_IMG_0362_image001.jpg,14,SYLVILAGUS_SP,2022-06-16 03:24:57,SYLVILAGUS_SP_extracted
SYLVILAGUS_SP_video_IMG_0362_image002.jpg,14,SYLVILAGUS_SP,2022-06-16 03:24:58,SYLVILAGUS_SP_extracted
SYLVILAGUS_SP_video_IMG_0362_image003.jpg,14,SYLVILAGUS_SP,2022-06-16 03:24:59,SYLVILAGUS_SP_extracted
SYLVILAGUS_SP_video_IMG_0362_image005.jpg,14,SYLVILAGUS_SP,2022-06-16 03:25:01,SYLVILAGUS_SP_extracted
SYLVILAGUS_SP_video_IMG_0362_image006.jpg,14,SYLVILAGUS_SP,2022-06-16 03:25:02,SYLVILAGUS_SP_extracted
SYLVILAGUS_SP_video_IMG_0362_image007.jpg,14,SYLVILAGUS_SP,2022-06-16 03:25:03,SYLVILAGUS_SP_extracted
SYLVILAGUS_SP_video_IMG_0362_image008.jpg,14,SYLVILAGUS_SP,2022-06-16 03:25:04,SYLVILAGUS_SP_extracted
SYLVILAGUS_SP_video_IMG_0362_image009.jpg,14,SYLVILAGUS_SP,2022-06-16 03:25:05,SYLVILAGUS_SP_extracted
SYLVILAGUS_SP_video_IMG_0362_image010.jpg,14,SYLVILAGUS_SP,2022-06-16 03:25:06,SYLVILAGUS_SP_extracted
SYLVILAGUS_SP_video_IMG_0371_image001.jpg,14,SYLVILAGUS_SP,2022-09-05 07:43:14,SYLVILAGUS_SP_extracted
SYLVILAGUS_SP_video_IMG_0371_image002.jpg,14,SYLVILAGUS_SP,2022-09-05 07:43:15,SYLVILAGUS_SP_extracted
SYLVILAGUS_SP_video_IMG_0371_image003.jpg,14,SYLVILAGUS_SP,2022-09-05 07:43:16,SYLVILAGUS_SP_extracted
SYLVILAGUS_SP_video_IMG_0371_image004.jpg,14,SYLVILAGUS_SP,2022-09-05 07:43:17,SYLVILAGUS_SP_extracted
SYLVILAGUS_SP_video_IMG_0371_image005.jpg,14,SYLVILAGUS_SP,2022-09-05 07:43:18,SYLVILAGUS_SP_extracted
SYLVILAGUS_SP_video_IMG_0371_image006.jpg,14,SYLVILAGUS_SP,2022-09-05 07:43:19,SYLVILAGUS_SP_extracted
SYLVILAGUS_SP_video_IMG_0371_image007.jpg,14,SYLVILAGUS_SP,2022-09-05 07:43:20,SYLVILAGUS_SP_extracted
SYLVILAGUS_SP_video_IMG_0371_image008.jpg,14,SYLVILAGUS_SP,2022-09-05 07:43:21,SYLVILAGUS_SP_extracted
SYLVILAGUS_SP_video_IMG_0371_image009.jpg,14,SYLVILAGUS_SP,2022-09-05 07:43:22,SYLVILAGUS_SP_extracted
SYLVILAGUS_SP_video_IMG_0371_image010.jpg,14,SYLVILAGUS_SP,2022-09-05 07:43:23,SYLVILAGUS_SP_extracted
SYLVILAGUS_SP_video_IMG_0372_image001.jpg,14,SYLVILAGUS_SP,2022-09-05 07:51:43,SYLVILAGUS_SP_extracted
SYLVILAGUS_SP_video_IMG_0372_image002.jpg,14,SYLVILAGUS_SP,2022-09-05 07:51:44,SYLVILAGUS_SP_extracted
SYLVILAGUS_SP_video_IMG_0372_image003.jpg,14,SYLVILAGUS_SP,2022-09-05 07:51:45,SYLVILAGUS_SP_extracted
SYLVILAGUS_SP_video_IMG_0372_image004.jpg,14,SYLVILAGUS_SP,2022-09-05 07:51:46,SYLVILAGUS_SP_extracted
SYLVILAGUS_SP_video_IMG_0372_image005.jpg,14,SYLVILAGUS_SP,2022-09-05 07:51:47,SYLVILAGUS_SP_extracted
SYLVILAGUS_SP_video_IMG_0372_image006.jpg,14,SYLVILAGUS_SP,2022-09-05 07:51:48,SYLVILAGUS_SP_extracted
SYLVILAGUS_SP_video_IMG_0372_image007.jpg,14,SYLVILAGUS_SP,2022-09-05 07:51:49,SYLVILAGUS_SP_extracted
SYLVILAGUS_SP_video_IMG_0372_image008.jpg,14,SYLVILAGUS_SP,2022-09-05 07:51:50,SYLVILAGUS_SP_extracted
SYLVILAGUS_SP_video_IMG_0372_image009.jpg,14,SYLVILAGUS_SP,2022-09-05 07:51:51,SYLVILAGUS_SP_extracted
SYLVILAGUS_SP_video_IMG_0372_image010.jpg,14,SYLVILAGUS_SP,2022-09-05 07:51:52,SYLVILAGUS_SP_extracted
SYLVILAGUS_SP_video_IMG_0373_image001.jpg,14,SYLVILAGUS_SP,2022-09-05 11:53:41,SYLVILAGUS_SP_extracted
SYLVILAGUS_SP_video_IMG_0373_image002.jpg,14,SYLVILAGUS_SP,2022-09-05 11:53:42,SYLVILAGUS_SP_extracted
SYLVILAGUS_SP_video_IMG_0373_image003.jpg,14,SYLVILAGUS_SP,2022-09-05 11:53:43,SYLVILAGUS_SP_extracted
SYLVILAGUS_SP_video_IMG_0373_image004.jpg,14,SYLVILAGUS_SP,2022-09-05 11:53:44,SYLVILAGUS_SP_extracted
SYLVILAGUS_SP_video_IMG_0373_image005.jpg,14,SYLVILAGUS_SP,2022-09-05 11:53:45,SYLVILAGUS_SP_extracted
SYLVILAGUS_SP_video_IMG_0373_image006.jpg,14,SYLVILAGUS_SP,2022-09-05 11:53:46,SYLVILAGUS_SP_extracted
SYLVILAGUS_SP_video_IMG_0373_image007.jpg,14,SYLVILAGUS_SP,2022-09-05 11:53:47,SYLVILAGUS_SP_extracted
SYLVILAGUS_SP_video_IMG_0373_image008.jpg,14,SYLVILAGUS_SP,2022-09-05 11:53:48,SYLVILAGUS_SP_extracted
SYLVILAGUS_SP_video_IMG_0373_image009.jpg,14,SYLVILAGUS_SP,2022-09-05 11:53:49,SYLVILAGUS_SP_extracted
SYLVILAGUS_SP_video_IMG_0373_image010.jpg,14,SYLVILAGUS_SP,2022-09-05 11:53:50,SYLVILAGUS_SP_extracted
SYLVILAGUS_SP_video_IMG_0375_image001.jpg,14,SYLVILAGUS_SP,2022-09-05 15:14:12,SYLVILAGUS_SP_extracted
SYLVILAGUS_SP_video_IMG_0391_image001.jpg,14,SYLVILAGUS_SP,2022-06-18 07:11:30,SYLVILAGUS_SP_extracted
SYLVILAGUS_SP_video_IMG_0391_image002.jpg,14,SYLVILAGUS_SP,2022-06-18 07:11:31,SYLVILAGUS_SP_extracted
SYLVILAGUS_SP_video_IMG_0391_image003.jpg,14,SYLVILAGUS_SP,2022-06-18 07:11:32,SYLVILAGUS_SP_extracted
SYLVILAGUS_SP_video_IMG_0391_image004.jpg,14,SYLVILAGUS_SP,2022-06-18 07:11:33,SYLVILAGUS_SP_extracted
SYLVILAGUS_SP_video_IMG_0391_image005.jpg,14,SYLVILAGUS_SP,2022-06-18 07:11:34,SYLVILAGUS_SP_extracted
SYLVILAGUS_SP_video_IMG_0391_image006.jpg,14,SYLVILAGUS_SP,2022-06-18 07:11:35,SYLVILAGUS_SP_extracted
SYLVILAGUS_SP_video_IMG_0391_image007.jpg,14,SYLVILAGUS_SP,2022-06-18 07:11:36,SYLVILAGUS_SP_extracted
SYLVILAGUS_SP_video_IMG_0391_image008.jpg,14,SYLVILAGUS_SP,2022-06-18 07:11:37,SYLVILAGUS_SP_extracted
SYLVILAGUS_SP_video_IMG_0391_image008.jpg,14,SYLVILAGUS_SP,2022-06-18 07:11:37,SYLVILAGUS_SP_extracted
SYLVILAGUS_SP_video_IMG_0391_image009.jpg,14,SYLVILAGUS_SP,2022-06-18 07:11:38,SYLVILAGUS_SP_extracted
SYLVILAGUS_SP_video_IMG_0391_image010.jpg,14,SYLVILAGUS_SP,2022-06-18 07:11:39,SYLVILAGUS_SP_extracted
SYLVILAGUS_SP_video_IMG_0400_image001.jpg,14,SYLVILAGUS_SP,2022-06-19 03:33:12,SYLVILAGUS_SP_extracted
SYLVILAGUS_SP_video_IMG_0400_image002.jpg,14,SYLVILAGUS_SP,2022-06-19 03:33:13,SYLVILAGUS_SP_extracted
SYLVILAGUS_SP_video_IMG_0400_image003.jpg,14,SYLVILAGUS_SP,2022-06-19 03:33:14,SYLVILAGUS_SP_extracted
SYLVILAGUS_SP_video_IMG_0400_image004.jpg,14,SYLVILAGUS_SP,2022-06-19 03:33:15,SYLVILAGUS_SP_extracted
SYLVILAGUS_SP_video_IMG_0400_image005.jpg,14,SYLVILAGUS_SP,2022-06-19 03:33:16,SYLVILAGUS_SP_extracted
SYLVILAGUS_SP_video_IMG_0400_image006.jpg,14,SYLVILAGUS_SP,2022-06-19 03:33:17,SYLVILAGUS_SP_extracted
SYLVILAGUS_SP_video_IMG_0400_image007.jpg,14,SYLVILAGUS_SP,2022-06-19 03:33:18,SYLVILAGUS_SP_extracted
SYLVILAGUS_SP_video_IMG_0400_image008.jpg,14,SYLVILAGUS_SP,2022-06-19 03:33:19,SYLVILAGUS_SP_extracted
SYLVILAGUS_SP_video_IMG_0400_image009.jpg,14,SYLVILAGUS_SP,2022-06-19 03:33:20,SYLVILAGUS_SP_extracted
SYLVILAGUS_SP_video_IMG_0400_image010.jpg,14,SYLVILAGUS_SP,2022-06-19 03:33:21,SYLVILAGUS_SP_extracted
SYLVILAGUS_SP_video_IMG_0401_image001.jpg,14,SYLVILAGUS_SP,2022-06-19 06:02:35,SYLVILAGUS_SP_extracted
SYLVILAGUS_SP_video_IMG_0401_image002.jpg,14,SYLVILAGUS_SP,2022-06-19 06:02:36,SYLVILAGUS_SP_extracted
SYLVILAGUS_SP_video_IMG_0401_image003.jpg,14,SYLVILAGUS_SP,2022-06-19 06:02:37,SYLVILAGUS_SP_extracted
SYLVILAGUS_SP_video_IMG_0401_image004.jpg,14,SYLVILAGUS_SP,2022-06-19 06:02:38,SYLVILAGUS_SP_extracted
SYLVILAGUS_SP_video_IMG_0401_image005.jpg,14,SYLVILAGUS_SP,2022-06-19 06:02:39,SYLVILAGUS_SP_extracted
SYLVILAGUS_SP_video_IMG_0401_image006.jpg,14,SYLVILAGUS_SP,2022-06-19 06:02:40,SYLVILAGUS_SP_extracted
SYLVILAGUS_SP_video_IMG_0407_image005.jpg,14,SYLVILAGUS_SP,2022-06-19 21:20:16,SYLVILAGUS_SP_extracted
SYLVILAGUS_SP_video_IMG_0407_image006.jpg,14,SYLVILAGUS_SP,2022-06-19 21:20:17,SYLVILAGUS_SP_extracted
SYLVILAGUS_SP_video_IMG_0407_image007.jpg,14,SYLVILAGUS_SP,2022-06-19 21:20:18,SYLVILAGUS_SP_extracted
SYLVILAGUS_SP_video_IMG_0407_image008.jpg,14,SYLVILAGUS_SP,2022-06-19 21:20:19,SYLVILAGUS_SP_extracted
SYLVILAGUS_SP_video_IMG_0407_image009.jpg,14,SYLVILAGUS_SP,2022-06-19 21:20:20,SYLVILAGUS_SP_extracted
SYLVILAGUS_SP_video_IMG_0407_image010.jpg,14,SYLVILAGUS_SP,2022-06-19 21:20:21,SYLVILAGUS_SP_extracted
SYLVILAGUS_SP_video_IMG_0408_image001.jpg,14,SYLVILAGUS_SP,2022-06-19 23:26:19,SYLVILAGUS_SP_extracted
SYLVILAGUS_SP_video_IMG_0408_image002.jpg,14,SYLVILAGUS_SP,2022-06-19 23:26:20,SYLVILAGUS_SP_extracted
SYLVILAGUS_SP_video_IMG_0408_image003.jpg,14,SYLVILAGUS_SP,2022-06-19 23:26:21,SYLVILAGUS_SP_extracted
SYLVILAGUS_SP_video_IMG_0408_image004.jpg,14,SYLVILAGUS_SP,2022-06-19 23:26:22,SYLVILAGUS_SP_extracted
SYLVILAGUS_SP_video_IMG_0408_image005.jpg,14,SYLVILAGUS_SP,2022-06-19 23:26:23,SYLVILAGUS_SP_extracted
SYLVILAGUS_SP_video_IMG_0408_image006.jpg,14,SYLVILAGUS_SP,2022-06-19 23:26:24,SYLVILAGUS_SP_extracted
SYLVILAGUS_SP_video_IMG_0408_image006.jpg,14,SYLVILAGUS_SP,2022-06-19 23:26:24,SYLVILAGUS_SP_extracted
SYLVILAGUS_SP_video_IMG_0408_image007.jpg,14,SYLVILAGUS_SP,2022-06-19 23:26:25,SYLVILAGUS_SP_extracted
SYLVILAGUS_SP_video_IMG_0408_image008.jpg,14,SYLVILAGUS_SP,2022-06-19 23:26:26,SYLVILAGUS_SP_extracted
SYLVILAGUS_SP_video_IMG_0408_image008.jpg,14,SYLVILAGUS_SP,2022-06-19 23:26:26,SYLVILAGUS_SP_extracted
SYLVILAGUS_SP_video_IMG_0408_image009.jpg,14,SYLVILAGUS_SP,2022-06-19 23:26:27,SYLVILAGUS_SP_extracted
SYLVILAGUS_SP_video_IMG_0408_image009.jpg,14,SYLVILAGUS_SP,2022-06-19 23:26:27,SYLVILAGUS_SP_extracted
SYLVILAGUS_SP_video_IMG_0408_image010.jpg,14,SYLVILAGUS_SP,2022-06-19 23:26:28,SYLVILAGUS_SP_extracted
SYLVILAGUS_SP_video_IMG_0408_image010.jpg,14,SYLVILAGUS_SP,2022-06-19 23:26:28,SYLVILAGUS_SP_extracted
SYLVILAGUS_SP_video_IMG_0409_image001.jpg,14,SYLVILAGUS_SP,2022-06-20 00:07:27,SYLVILAGUS_SP_extracted
SYLVILAGUS_SP_video_IMG_0409_image002.jpg,14,SYLVILAGUS_SP,2022-06-20 00:07:28,SYLVILAGUS_SP_extracted
SYLVILAGUS_SP_video_IMG_0409_image003.jpg,14,SYLVILAGUS_SP,2022-06-20 00:07:29,SYLVILAGUS_SP_extracted
SYLVILAGUS_SP_video_IMG_0409_image003.jpg,14,SYLVILAGUS_SP,2022-06-20 00:07:29,SYLVILAGUS_SP_extracted
SYLVILAGUS_SP_video_IMG_0409_image004.jpg,14,SYLVILAGUS_SP,2022-06-20 00:07:30,SYLVILAGUS_SP_extracted
SYLVILAGUS_SP_video_IMG_0409_image005.jpg,14,SYLVILAGUS_SP,2022-06-20 00:07:31,SYLVILAGUS_SP_extracted
SYLVILAGUS_SP_video_IMG_0409_image006.jpg,14,SYLVILAGUS_SP,2022-06-20 00:07:32,SYLVILAGUS_SP_extracted
SYLVILAGUS_SP_video_IMG_0409_image007.jpg,14,SYLVILAGUS_SP,2022-06-20 00:07:33,SYLVILAGUS_SP_extracted
SYLVILAGUS_SP_video_IMG_0409_image008.jpg,14,SYLVILAGUS_SP,2022-06-20 00:07:34,SYLVILAGUS_SP_extracted
SYLVILAGUS_SP_video_IMG_0409_image009.jpg,14,SYLVILAGUS_SP,2022-06-20 00:07:35,SYLVILAGUS_SP_extracted
SYLVILAGUS_SP_video_IMG_0409_image010.jpg,14,SYLVILAGUS_SP,2022-06-20 00:07:36,SYLVILAGUS_SP_extracted
SYLVILAGUS_SP_video_IMG_0410_image004.jpg,14,SYLVILAGUS_SP,2022-06-20 00:18:29,SYLVILAGUS_SP_extracted
SYLVILAGUS_SP_video_IMG_0410_image006.jpg,14,SYLVILAGUS_SP,2022-06-20 00:18:31,SYLVILAGUS_SP_extracted
SYLVILAGUS_SP_video_IMG_0410_image010.jpg,14,SYLVILAGUS_SP,2022-06-20 00:18:35,SYLVILAGUS_SP_extracted
SYLVILAGUS_SP_video_IMG_0423_image001.jpg,14,SYLVILAGUS_SP,2022-06-20 19:46:09,SYLVILAGUS_SP_extracted
SYLVILAGUS_SP_video_IMG_0423_image002.jpg,14,SYLVILAGUS_SP,2022-06-20 19:46:10,SYLVILAGUS_SP_extracted
SYLVILAGUS_SP_video_IMG_0423_image003.jpg,14,SYLVILAGUS_SP,2022-06-20 19:46:11,SYLVILAGUS_SP_extracted
SYLVILAGUS_SP_video_IMG_0423_image003.jpg,14,SYLVILAGUS_SP,2022-06-20 19:46:11,SYLVILAGUS_SP_extracted
SYLVILAGUS_SP_video_IMG_0423_image004.jpg,14,SYLVILAGUS_SP,2022-06-20 19:46:12,SYLVILAGUS_SP_extracted
SYLVILAGUS_SP_video_IMG_0423_image005.jpg,14,SYLVILAGUS_SP,2022-06-20 19:46:13,SYLVILAGUS_SP_extracted
SYLVILAGUS_SP_video_IMG_0423_image006.jpg,14,SYLVILAGUS_SP,2022-06-20 19:46:14,SYLVILAGUS_SP_extracted
SYLVILAGUS_SP_video_IMG_0423_image007.jpg,14,SYLVILAGUS_SP,2022-06-20 19:46:15,SYLVILAGUS_SP_extracted
SYLVILAGUS_SP_video_IMG_0423_image008.jpg,14,SYLVILAGUS_SP,2022-06-20 19:46:16,SYLVILAGUS_SP_extracted
SYLVILAGUS_SP_video_IMG_0423_image010.jpg,14,SYLVILAGUS_SP,2022-06-20 19:46:18,SYLVILAGUS_SP_extracted
SYLVILAGUS_SP_video_IMG_0427_image001.jpg,14,SYLVILAGUS_SP,2022-06-21 05:49:42,SYLVILAGUS_SP_extracted
SYLVILAGUS_SP_video_IMG_0427_image002.jpg,14,SYLVILAGUS_SP,2022-06-21 05:49:43,SYLVILAGUS_SP_extracted
SYLVILAGUS_SP_video_IMG_0427_image003.jpg,14,SYLVILAGUS_SP,2022-06-21 05:49:44,SYLVILAGUS_SP_extracted
SYLVILAGUS_SP_video_IMG_0427_image004.jpg,14,SYLVILAGUS_SP,2022-06-21 05:49:45,SYLVILAGUS_SP_extracted
SYLVILAGUS_SP_video_IMG_0427_image005.jpg,14,SYLVILAGUS_SP,2022-06-21 05:49:46,SYLVILAGUS_SP_extracted
SYLVILAGUS_SP_video_IMG_0427_image006.jpg,14,SYLVILAGUS_SP,2022-06-21 05:49:47,SYLVILAGUS_SP_extracted
SYLVILAGUS_SP_video_IMG_0427_image007.jpg,14,SYLVILAGUS_SP,2022-06-21 05:49:48,SYLVILAGUS_SP_extracted
SYLVILAGUS_SP_video_IMG_0429_image001.jpg,14,SYLVILAGUS_SP,2022-06-21 07:54:24,SYLVILAGUS_SP_extracted
SYLVILAGUS_SP_video_IMG_0429_image002.jpg,14,SYLVILAGUS_SP,2022-06-21 07:54:25,SYLVILAGUS_SP_extracted
SYLVILAGUS_SP_video_IMG_0429_image003.jpg,14,SYLVILAGUS_SP,2022-06-21 07:54:26,SYLVILAGUS_SP_extracted
SYLVILAGUS_SP_video_IMG_0429_image004.jpg,14,SYLVILAGUS_SP,2022-06-21 07:54:27,SYLVILAGUS_SP_extracted
SYLVILAGUS_SP_video_IMG_0429_image005.jpg,14,SYLVILAGUS_SP,2022-06-21 07:54:28,SYLVILAGUS_SP_extracted
SYLVILAGUS_SP_video_IMG_0429_image006.jpg,14,SYLVILAGUS_SP,2022-06-21 07:54:29,SYLVILAGUS_SP_extracted
SYLVILAGUS_SP_video_IMG_0429_image007.jpg,14,SYLVILAGUS_SP,2022-06-21 07:54:30,SYLVILAGUS_SP_extracted
SYLVILAGUS_SP_video_IMG_0429_image008.jpg,14,SYLVILAGUS_SP,2022-06-21 07:54:31,SYLVILAGUS_SP_extracted
SYLVILAGUS_SP_video_IMG_0429_image009.jpg,14,SYLVILAGUS_SP,2022-06-21 07:54:32,SYLVILAGUS_SP_extracted
SYLVILAGUS_SP_video_IMG_0429_image010.jpg,14,SYLVILAGUS_SP,2022-06-21 07:54:33,SYLVILAGUS_SP_extracted
SYLVILAGUS_SP_video_IMG_0435_image001.jpg,14,SYLVILAGUS_SP,2022-06-22 07:39:51,SYLVILAGUS_SP_extracted
SYLVILAGUS_SP_video_IMG_0435_image002.jpg,14,SYLVILAGUS_SP,2022-06-22 07:39:52,SYLVILAGUS_SP_extracted
SYLVILAGUS_SP_video_IMG_0435_image003.jpg,14,SYLVILAGUS_SP,2022-06-22 07:39:53,SYLVILAGUS_SP_extracted
SYLVILAGUS_SP_video_IMG_0435_image004.jpg,14,SYLVILAGUS_SP,2022-06-22 07:39:54,SYLVILAGUS_SP_extracted
SYLVILAGUS_SP_video_IMG_0435_image005.jpg,14,SYLVILAGUS_SP,2022-06-22 07:39:55,SYLVILAGUS_SP_extracted
SYLVILAGUS_SP_video_IMG_0435_image006.jpg,14,SYLVILAGUS_SP,2022-06-22 07:39:56,SYLVILAGUS_SP_extracted
SYLVILAGUS_SP_video_IMG_0435_image007.jpg,14,SYLVILAGUS_SP,2022-06-22 07:39:57,SYLVILAGUS_SP_extracted
SYLVILAGUS_SP_video_IMG_0435_image008.jpg,14,SYLVILAGUS_SP,2022-06-22 07:39:58,SYLVILAGUS_SP_extracted
SYLVILAGUS_SP_video_IMG_0435_image009.jpg,14,SYLVILAGUS_SP,2022-06-22 07:39:59,SYLVILAGUS_SP_extracted
SYLVILAGUS_SP_video_IMG_0435_image010.jpg,14,SYLVILAGUS_SP,2022-06-22 07:40:00,SYLVILAGUS_SP_extracted
SYLVILAGUS_SP_video_IMG_0437_image001.jpg,14,SYLVILAGUS_SP,2022-06-22 09:18:36,SYLVILAGUS_SP_extracted
SYLVILAGUS_SP_video_IMG_0437_image002.jpg,14,SYLVILAGUS_SP,2022-06-22 09:18:37,SYLVILAGUS_SP_extracted
SYLVILAGUS_SP_video_IMG_0437_image003.jpg,14,SYLVILAGUS_SP,2022-06-22 09:18:38,SYLVILAGUS_SP_extracted
SYLVILAGUS_SP_video_IMG_0437_image004.jpg,14,SYLVILAGUS_SP,2022-06-22 09:18:39,SYLVILAGUS_SP_extracted
SYLVILAGUS_SP_video_IMG_0437_image005.jpg,14,SYLVILAGUS_SP,2022-06-22 09:18:40,SYLVILAGUS_SP_extracted
SYLVILAGUS_SP_video_IMG_0437_image006.jpg,14,SYLVILAGUS_SP,2022-06-22 09:18:41,SYLVILAGUS_SP_extracted
SYLVILAGUS_SP_video_IMG_0437_image007.jpg,14,SYLVILAGUS_SP,2022-06-22 09:18:42,SYLVILAGUS_SP_extracted
SYLVILAGUS_SP_video_IMG_0437_image008.jpg,14,SYLVILAGUS_SP,2022-06-22 09:18:43,SYLVILAGUS_SP_extracted
SYLVILAGUS_SP_video_IMG_0437_image009.jpg,14,SYLVILAGUS_SP,2022-06-22 09:18:44,SYLVILAGUS_SP_extracted
SYLVILAGUS_SP_video_IMG_0437_image010.jpg,14,SYLVILAGUS_SP,2022-06-22 09:18:45,SYLVILAGUS_SP_extracted
SYLVILAGUS_SP_video_IMG_0443_image001.jpg,14,SYLVILAGUS_SP,2022-06-23 03:22:24,SYLVILAGUS_SP_extracted
SYLVILAGUS_SP_video_IMG_0443_image002.jpg,14,SYLVILAGUS_SP,2022-06-23 03:22:25,SYLVILAGUS_SP_extracted
SYLVILAGUS_SP_video_IMG_0443_image003.jpg,14,SYLVILAGUS_SP,2022-06-23 03:22:26,SYLVILAGUS_SP_extracted
SYLVILAGUS_SP_video_IMG_0443_image004.jpg,14,SYLVILAGUS_SP,2022-06-23 03:22:27,SYLVILAGUS_SP_extracted
SYLVILAGUS_SP_video_IMG_0443_image004.jpg,14,SYLVILAGUS_SP,2022-06-23 03:22:27,SYLVILAGUS_SP_extracted
SYLVILAGUS_SP_video_IMG_0443_image005.jpg,14,SYLVILAGUS_SP,2022-06-23 03:22:28,SYLVILAGUS_SP_extracted
SYLVILAGUS_SP_video_IMG_0443_image006.jpg,14,SYLVILAGUS_SP,2022-06-23 03:22:29,SYLVILAGUS_SP_extracted
SYLVILAGUS_SP_video_IMG_0443_image006.jpg,14,SYLVILAGUS_SP,2022-06-23 03:22:29,SYLVILAGUS_SP_extracted
SYLVILAGUS_SP_video_IMG_0443_image007.jpg,14,SYLVILAGUS_SP,2022-06-23 03:22:30,SYLVILAGUS_SP_extracted
SYLVILAGUS_SP_video_IMG_0443_image007.jpg,14,SYLVILAGUS_SP,2022-06-23 03:22:30,SYLVILAGUS_SP_extracted
SYLVILAGUS_SP_video_IMG_0443_image009.jpg,14,SYLVILAGUS_SP,2022-06-23 03:22:32,SYLVILAGUS_SP_extracted
SYLVILAGUS_SP_video_IMG_0445_image001.jpg,14,SYLVILAGUS_SP,2022-06-23 04:41:06,SYLVILAGUS_SP_extracted
SYLVILAGUS_SP_video_IMG_0445_image002.jpg,14,SYLVILAGUS_SP,2022-06-23 04:41:07,SYLVILAGUS_SP_extracted
SYLVILAGUS_SP_video_IMG_0445_image003.jpg,14,SYLVILAGUS_SP,2022-06-23 04:41:08,SYLVILAGUS_SP_extracted
SYLVILAGUS_SP_video_IMG_0445_image004.jpg,14,SYLVILAGUS_SP,2022-06-23 04:41:09,SYLVILAGUS_SP_extracted
SYLVILAGUS_SP_video_IMG_0445_image005.jpg,14,SYLVILAGUS_SP,2022-06-23 04:41:10,SYLVILAGUS_SP_extracted
SYLVILAGUS_SP_video_IMG_0445_image006.jpg,14,SYLVILAGUS_SP,2022-06-23 04:41:11,SYLVILAGUS_SP_extracted
SYLVILAGUS_SP_video_IMG_0445_image007.jpg,14,SYLVILAGUS_SP,2022-06-23 04:41:12,SYLVILAGUS_SP_extracted
SYLVILAGUS_SP_video_IMG_0445_image008.jpg,14,SYLVILAGUS_SP,2022-06-23 04:41:13,SYLVILAGUS_SP_extracted
SYLVILAGUS_SP_video_IMG_0445_image009.jpg,14,SYLVILAGUS_SP,2022-06-23 04:41:14,SYLVILAGUS_SP_extracted
SYLVILAGUS_SP_video_IMG_0445_image009.jpg,14,SYLVILAGUS_SP,2022-06-23 04:41:14,SYLVILAGUS_SP_extracted
SYLVILAGUS_SP_video_IMG_0445_image010.jpg,14,SYLVILAGUS_SP,2022-06-23 04:41:15,SYLVILAGUS_SP_extracted
SYLVILAGUS_SP_video_IMG_0489_image001.jpg,14,SYLVILAGUS_SP,2022-08-13 07:14:24,SYLVILAGUS_SP_extracted
SYLVILAGUS_SP_video_IMG_0489_image002.jpg,14,SYLVILAGUS_SP,2022-08-13 07:14:25,SYLVILAGUS_SP_extracted
SYLVILAGUS_SP_video_IMG_0489_image003.jpg,14,SYLVILAGUS_SP,2022-08-13 07:14:26,SYLVILAGUS_SP_extracted
SYLVILAGUS_SP_video_IMG_0489_image003.jpg,14,SYLVILAGUS_SP,2022-08-13 07:14:26,SYLVILAGUS_SP_extracted
SYLVILAGUS_SP_video_IMG_0489_image004.jpg,14,SYLVILAGUS_SP,2022-08-13 07:14:27,SYLVILAGUS_SP_extracted
SYLVILAGUS_SP_video_IMG_0489_image005.jpg,14,SYLVILAGUS_SP,2022-08-13 07:14:28,SYLVILAGUS_SP_extracted
SYLVILAGUS_SP_video_IMG_0489_image006.jpg,14,SYLVILAGUS_SP,2022-08-13 07:14:29,SYLVILAGUS_SP_extracted
SYLVILAGUS_SP_video_IMG_0489_image007.jpg,14,SYLVILAGUS_SP,2022-08-13 07:14:30,SYLVILAGUS_SP_extracted
SYLVILAGUS_SP_video_IMG_0489_image007.jpg,14,SYLVILAGUS_SP,2022-08-13 07:14:30,SYLVILAGUS_SP_extracted
SYLVILAGUS_SP_video_IMG_0489_image008.jpg,14,SYLVILAGUS_SP,2022-08-13 07:14:31,SYLVILAGUS_SP_extracted
SYLVILAGUS_SP_video_IMG_0489_image009.jpg,14,SYLVILAGUS_SP,2022-08-13 07:14:32,SYLVILAGUS_SP_extracted
SYLVILAGUS_SP_video_IMG_0490_image001.jpg,14,SYLVILAGUS_SP,2022-08-13 07:22:20,SYLVILAGUS_SP_extracted
SYLVILAGUS_SP_video_IMG_0490_image003.jpg,14,SYLVILAGUS_SP,2022-08-13 07:22:22,SYLVILAGUS_SP_extracted
SYLVILAGUS_SP_video_IMG_0490_image004.jpg,14,SYLVILAGUS_SP,2022-08-13 07:22:23,SYLVILAGUS_SP_extracted
SYLVILAGUS_SP_video_IMG_0493_image001.jpg,14,SYLVILAGUS_SP,2022-09-12 07:12:41,SYLVILAGUS_SP_extracted
SYLVILAGUS_SP_video_IMG_0493_image002.jpg,14,SYLVILAGUS_SP,2022-09-12 07:12:42,SYLVILAGUS_SP_extracted
SYLVILAGUS_SP_video_IMG_0493_image003.jpg,14,SYLVILAGUS_SP,2022-09-12 07:12:43,SYLVILAGUS_SP_extracted
SYLVILAGUS_SP_video_IMG_0493_image004.jpg,14,SYLVILAGUS_SP,2022-09-12 07:12:44,SYLVILAGUS_SP_extracted
SYLVILAGUS_SP_video_IMG_0493_image005.jpg,14,SYLVILAGUS_SP,2022-09-12 07:12:45,SYLVILAGUS_SP_extracted
SYLVILAGUS_SP_video_IMG_0494_image001.jpg,14,SYLVILAGUS_SP,2022-09-12 07:27:44,SYLVILAGUS_SP_extracted
SYLVILAGUS_SP_video_IMG_0494_image002.jpg,14,SYLVILAGUS_SP,2022-09-12 07:27:45,SYLVILAGUS_SP_extracted
SYLVILAGUS_SP_video_IMG_0494_image002.jpg,14,SYLVILAGUS_SP,2022-09-12 07:27:45,SYLVILAGUS_SP_extracted
SYLVILAGUS_SP_video_IMG_0494_image003.jpg,14,SYLVILAGUS_SP,2022-09-12 07:27:46,SYLVILAGUS_SP_extracted
SYLVILAGUS_SP_video_IMG_0494_image004.jpg,14,SYLVILAGUS_SP,2022-09-12 07:27:47,SYLVILAGUS_SP_extracted
SYLVILAGUS_SP_video_IMG_0494_image005.jpg,14,SYLVILAGUS_SP,2022-09-12 07:27:48,SYLVILAGUS_SP_extracted
SYLVILAGUS_SP_video_IMG_0494_image006.jpg,14,SYLVILAGUS_SP,2022-09-12 07:27:49,SYLVILAGUS_SP_extracted
SYLVILAGUS_SP_video_IMG_0494_image008.jpg,14,SYLVILAGUS_SP,2022-09-12 07:27:51,SYLVILAGUS_SP_extracted
SYLVILAGUS_SP_video_IMG_0498_image001.jpg,14,SYLVILAGUS_SP,2022-06-28 00:40:20,SYLVILAGUS_SP_extracted
SYLVILAGUS_SP_video_IMG_0498_image002.jpg,14,SYLVILAGUS_SP,2022-06-28 00:40:21,SYLVILAGUS_SP_extracted
SYLVILAGUS_SP_video_IMG_0499_image001.jpg,14,SYLVILAGUS_SP,2022-06-28 02:19:11,SYLVILAGUS_SP_extracted
SYLVILAGUS_SP_video_IMG_0499_image002.jpg,14,SYLVILAGUS_SP,2022-06-28 02:19:12,SYLVILAGUS_SP_extracted
SYLVILAGUS_SP_video_IMG_0528_image001.jpg,14,SYLVILAGUS_SP,2022-09-15 08:45:35,SYLVILAGUS_SP_extracted
SYLVILAGUS_SP_video_IMG_0528_image002.jpg,14,SYLVILAGUS_SP,2022-09-15 08:45:36,SYLVILAGUS_SP_extracted
SYLVILAGUS_SP_video_IMG_0528_image003.jpg,14,SYLVILAGUS_SP,2022-09-15 08:45:37,SYLVILAGUS_SP_extracted
SYLVILAGUS_SP_video_IMG_0528_image004.jpg,14,SYLVILAGUS_SP,2022-09-15 08:45:38,SYLVILAGUS_SP_extracted
SYLVILAGUS_SP_video_IMG_0528_image005.jpg,14,SYLVILAGUS_SP,2022-09-15 08:45:39,SYLVILAGUS_SP_extracted
SYLVILAGUS_SP_video_IMG_0528_image006.jpg,14,SYLVILAGUS_SP,2022-09-15 08:45:40,SYLVILAGUS_SP_extracted
SYLVILAGUS_SP_video_IMG_0528_image007.jpg,14,SYLVILAGUS_SP,2022-09-15 08:45:41,SYLVILAGUS_SP_extracted
SYLVILAGUS_SP_video_IMG_0528_image008.jpg,14,SYLVILAGUS_SP,2022-09-15 08:45:42,SYLVILAGUS_SP_extracted
SYLVILAGUS_SP_video_IMG_0528_image009.jpg,14,SYLVILAGUS_SP,2022-09-15 08:45:43,SYLVILAGUS_SP_extracted
SYLVILAGUS_SP_video_IMG_0528_image009.jpg,14,SYLVILAGUS_SP,2022-09-15 08:45:43,SYLVILAGUS_SP_extracted
SYLVILAGUS_SP_video_IMG_0528_image010.jpg,14,SYLVILAGUS_SP,2022-09-15 08:45:44,SYLVILAGUS_SP_extracted
SYLVILAGUS_SP_video_IMG_0529_image001.jpg,14,SYLVILAGUS_SP,2022-09-17 08:52:20,SYLVILAGUS_SP_extracted
SYLVILAGUS_SP_video_IMG_0529_image002.jpg,14,SYLVILAGUS_SP,2022-09-17 08:52:21,SYLVILAGUS_SP_extracted
SYLVILAGUS_SP_video_IMG_0529_image003.jpg,14,SYLVILAGUS_SP,2022-09-17 08:52:22,SYLVILAGUS_SP_extracted
SYLVILAGUS_SP_video_IMG_0529_image004.jpg,14,SYLVILAGUS_SP,2022-09-17 08:52:23,SYLVILAGUS_SP_extracted
SYLVILAGUS_SP_video_IMG_0529_image005.jpg,14,SYLVILAGUS_SP,2022-09-17 08:52:24,SYLVILAGUS_SP_extracted
SYLVILAGUS_SP_video_IMG_0529_image006.jpg,14,SYLVILAGUS_SP,2022-09-17 08:52:25,SYLVILAGUS_SP_extracted
SYLVILAGUS_SP_video_IMG_0529_image007.jpg,14,SYLVILAGUS_SP,2022-09-17 08:52:26,SYLVILAGUS_SP_extracted
SYLVILAGUS_SP_video_IMG_0529_image008.jpg,14,SYLVILAGUS_SP,2022-09-17 08:52:27,SYLVILAGUS_SP_extracted
SYLVILAGUS_SP_video_IMG_0529_image009.jpg,14,SYLVILAGUS_SP,2022-09-17 08:52:28,SYLVILAGUS_SP_extracted
SYLVILAGUS_SP_video_IMG_0529_image010.jpg,14,SYLVILAGUS_SP,2022-09-17 08:52:29,SYLVILAGUS_SP_extracted
SYLVILAGUS_SP_video_MFDC3330_image001.jpg,14,SYLVILAGUS_SP,,SYLVILAGUS_SP_extracted
SYLVILAGUS_SP_video_MFDC3330_image002.jpg,14,SYLVILAGUS_SP,,SYLVILAGUS_SP_extracted
SYLVILAGUS_SP_video_MFDC3330_image003.jpg,14,SYLVILAGUS_SP,,SYLVILAGUS_SP_extracted
SYLVILAGUS_SP_video_MFDC3330_image004.jpg,14,SYLVILAGUS_SP,,SYLVILAGUS_SP_extracted
SYLVILAGUS_SP_video_MFDC3330_image005.jpg,14,SYLVILAGUS_SP,,SYLVILAGUS_SP_extracted
SYLVILAGUS_SP_video_MFDC3330_image006.jpg,14,SYLVILAGUS_SP,,SYLVILAGUS_SP_extracted
SYLVILAGUS_SP_video_MFDC3330_image007.jpg,14,SYLVILAGUS_SP,,SYLVILAGUS_SP_extracted
SYLVILAGUS_SP_video_MFDC3330_image008.jpg,14,SYLVILAGUS_SP,,SYLVILAGUS_SP_extracted
SYLVILAGUS_SP_video_MFDC3330_image009.jpg,14,SYLVILAGUS_SP,,SYLVILAGUS_SP_extracted
SYLVILAGUS_SP_video_MFDC3330_image010.jpg,14,SYLVILAGUS_SP,,SYLVILAGUS_SP_extracted
SYLVILAGUS_SP_video_MFDC3457_image001.jpg,14,SYLVILAGUS_SP,,SYLVILAGUS_SP_extracted
SYLVILAGUS_SP_video_MFDC3457_image002.jpg,14,SYLVILAGUS_SP,,SYLVILAGUS_SP_extracted
SYLVILAGUS_SP_video_MFDC3457_image003.jpg,14,SYLVILAGUS_SP,,SYLVILAGUS_SP_extracted
SYLVILAGUS_SP_video_MFDC3457_image004.jpg,14,SYLVILAGUS_SP,,SYLVILAGUS_SP_extracted
SYLVILAGUS_SP_video_MFDC3457_image005.jpg,14,SYLVILAGUS_SP,,SYLVILAGUS_SP_extracted
SYLVILAGUS_SP_video_MFDC3457_image006.jpg,14,SYLVILAGUS_SP,,SYLVILAGUS_SP_extracted
SYLVILAGUS_SP_video_MFDC3457_image007.jpg,14,SYLVILAGUS_SP,,SYLVILAGUS_SP_extracted
SYLVILAGUS_SP_video_MFDC3457_image008.jpg,14,SYLVILAGUS_SP,,SYLVILAGUS_SP_extracted
SYLVILAGUS_SP_video_MFDC3457_image009.jpg,14,SYLVILAGUS_SP,,SYLVILAGUS_SP_extracted
SYLVILAGUS_SP_video_MFDC3457_image010.jpg,14,SYLVILAGUS_SP,,SYLVILAGUS_SP_extracted
SYLVILAGUS_SP_video_MFDC3459_image001.jpg,14,SYLVILAGUS_SP,,SYLVILAGUS_SP_extracted
SYLVILAGUS_SP_video_MFDC3459_image002.jpg,14,SYLVILAGUS_SP,,SYLVILAGUS_SP_extracted
SYLVILAGUS_SP_video_MFDC3459_image003.jpg,14,SYLVILAGUS_SP,,SYLVILAGUS_SP_extracted
SYLVILAGUS_SP_video_MFDC3459_image004.jpg,14,SYLVILAGUS_SP,,SYLVILAGUS_SP_extracted
SYLVILAGUS_SP_video_MFDC3459_image005.jpg,14,SYLVILAGUS_SP,,SYLVILAGUS_SP_extracted
SYLVILAGUS_SP_video_MFDC3459_image006.jpg,14,SYLVILAGUS_SP,,SYLVILAGUS_SP_extracted
SYLVILAGUS_SP_video_MFDC3459_image007.jpg,14,SYLVILAGUS_SP,,SYLVILAGUS_SP_extracted
SYLVILAGUS_SP_video_MFDC3459_image008.jpg,14,SYLVILAGUS_SP,,SYLVILAGUS_SP_extracted
SYLVILAGUS_SP_video_MFDC3459_image009.jpg,14,SYLVILAGUS_SP,,SYLVILAGUS_SP_extracted
SYLVILAGUS_SP_video_MFDC3459_image010.jpg,14,SYLVILAGUS_SP,,SYLVILAGUS_SP_extracted
SYLVILAGUS_SP_video_MFDC3460_image001.jpg,14,SYLVILAGUS_SP,,SYLVILAGUS_SP_extracted
